identifier `,parentid,objectid,object_location,title,creator,publisher,date,date-is-approximate?,format,type,display_template,subject,description,image_small,image_thumb,image_alt_text
,,historical_photos,,Historical Photos,,,,,,record,compound_object,,,/objects/small/sookejr_sm.jpg,/objects/thumbs/sookejr_th.jpg,
sookejr,historical_photos,jrhp_001,/objects/sookejr.jpg,Aerial Photo of Estuary with Lumber Mill,,,,,image/JPG,photo,image,Forestry; Mill; Coastline,Black and White Aerial Photo of the estuary and Lumber Mill,/objects/small/sookejr_sm.jpg,/objects/thumbs/sookejr_th.jpg,
chowicancoppermine1965,historical_photos,jrhp_002,/objects/chowicancoppermine1965.jpg,Cowichan Copper Mine,,,1965,yes,image/JPG,photo,image,Mining; Copper,Black and White Photo of the copper mine,/objects/small/chowicancoppermine1965_sm.jpg,/objects/thumbs/chowicancoppermine1965_th.jpg,
loggingopitem,historical_photos,jrhp_003,/objects/loggingopitem.png,Logging Operation at Jordan River,,,,,image/PNG,photo,image,Forestry; Workers,Black and White Photo of logging workers,/objects/small/loggingopitem_sm.jpg,/objects/thumbs/loggingopitem_th.jpg,
1974minewastedumpandpond,historical_photos,jrhp_004,/objects/1974minewastedumpandpond.pdf,Mine Waste Dump and Pond,,,1974,,image/PDF,photo,image,Mining; Copper; Sunro; Dumping,Black and White Photo of the Sunro Mine and the River below,/objects/small/1974minewastedumpandpond_sm.jpg,/objects/thumbs/1974minewastedumpandpond_th.jpg,
fileid_15115,historical_photos,jrhp_005,/objects/fileid_15115.pdf,Mine Waste Dump and Pond,,,1974,yes,image/PDF,photo,image,Mining; Copper; Sunro; Dumping,Black and White Photo of the Sunro Mine and the River below,/objects/small/fileid_15115_sm.jpg,/objects/thumbs/fileid_15115_th.jpg,
fileid_15129,historical_photos,jrhp_006,/objects/fileid_15129.pdf,Sundo Mine Entrance,,,1958,yes,image/PDF,photo,image,Mining; Copper; Sunro; Dumping,Black and White Photo of the Sundo Mine Entrance,/objects/small/fileid_15129_sm.jpg,/objects/thumbs/fileid_15129_th.jpg,
fileid_15134,historical_photos,jrhp_007,/objects/fileid_15134.pdf,Mine drill bit and Workers,,,,,image/PDF,photo,image,Mining,Black and White Photo the Mining Drill Bit and Workers,/objects/small/fileid_15134_sm.jpg,/objects/thumbs/fileid_15134_th.jpg,
fileid_61241,historical_photos,jrhp_008,/objects/fileid_61241.pdf,Maveric River adds to the Mine Flow,,Times Colonist,1964-01-09,,image/PDF,photo,image,Mining; Flood; Cowichan Copper Company; Copper,Black and White Newsprint with Photos of the Mine being flooded in 1964,/objects/small/fileid_61241_sm.jpg,/objects/thumbs/fileid_61241_th.jpg,
fileid_61335,historical_photos,jrhp_009,/objects/fileid_61335.pdf,Heavy Rain to Delay Flooded Mine Repair,,Victoria Daily Times,1963-12-07,,image/PDF,photo,image,Mining; Flood; Cowichan Copper Company; Copper,Black and White Newsprint with Photos of the Mine being flooded in 1964,/objects/small/fileid_61335_sm.jpg,/objects/thumbs/fileid_61335_th.jpg,
jrestuary,historical_photos,jrhp_010,/objects/jrestuary.png,Aerial Photo of Estuary with Lumber Mill 2,,,,,image/PNG,photo,image,Estuary; Forestry; Mill,Black and White Aerial Photo of the Estuary and Logging Mill,/objects/small/jrestuary_sm.jpg,/objects/thumbs/jrestuary_th.jpg,
jrestuary2,historical_photos,jrhp_011,/objects/jrestuary2.png,Aerial Photo of Estuary with Lumber Mill 3,,,,,image/PNG,photo,image,Estuary; Forestry; Mill,Black and White Aerial Photo of the Estuary and Logging Mill,/objects/small/jrestuary2_sm.jpg,/objects/thumbs/jrestuary2_th.jpg,
1917boomingarea,historical_photos,jrhp_012,/objects/1917boomingarea.jpg,Booming Area Photo,,,1917,,image/JPG,photo,image,Estuary; Forestry; Booming,Black and White Photo of the Booming Area,/objects/small/1917boomingarea_sm.jpg,/objects/thumbs/1917boomingarea_th.jpg,
forebaypond,historical_photos,jrhp_013,/objects/forebaypond.jpg,Forebay Pond,,,,,image/JPG,photo,image,Estuary; Forestry; Forebay Pond,Black and White Photo of the Forebay Pond,/objects/small/forebaypond_sm.jpg,/objects/thumbs/forebaypond_th.jpg,
1950slogbooming,historical_photos,jrhp_014,/objects/1950slogbooming.jpg,Log Booming Photo,,,1950,yes,image/JPG,photo,image,Estuary; Forestry; Booming,Black and White Photo of a crane lifting logs,/objects/small/1950slogbooming_sm.jpg,/objects/thumbs/1950slogbooming_th.jpg,
1920railcar,historical_photos,jrhp_015,/objects/1920railcar.jpg,Rail Car,,,1920,yes,image/JPG,photo,image,Railcar,Black and White Photo of men on a Rail car,/objects/small/1920railcar_sm.jpg,/objects/thumbs/1920railcar_th.jpg,
winklerbio,historical_photos,jrhp_016,/objects/winklerbio.png,"George Winkler, the Poet Prospector",,,1908,yes,image/PNG,photo,image,George Winkler; Prospector; Mining,"Screenshot of Royal BC Museum Entry on George Winkler, with brief biography and black and white photograph of the man himself",/objects/small/winklerbio_sm.jpg,/objects/thumbs/winklerbio_th.jpg,
rcbmhydroflume,historical_photos,jrhp_017,/objects/rcbmhydroflume.png,The dam at the Jordan River,,,1919,yes,image/PNG,photo,image,Hydroelectric; Dam,Black and White photo of the dam in construction,/objects/small/rcbmhydroflume_sm.jpg,/objects/thumbs/rcbmhydroflume_th.jpg,
rmcbhsunloch1919rail1,historical_photos,jrhp_018,/objects/rmcbhsunloch1919rail1.png,Rail line near Sunloch Mine,,,1919,yes,image/PNG,photo,image,Mining; Sunloch Mines Ltd.,Black and White photo of rail line,/objects/small/rmcbhsunloch1919rail1_sm.jpg,/objects/thumbs/rmcbhsunloch1919rail1_th.jpg,
rmcbhsunloch1919rail2,historical_photos,jrhp_019,/objects/rmcbhsunloch1919rail2.png,Rail line near Sunloch Mine 2,,,1919,yes,image/PNG,photo,image,Mining; Sunloch Mines Ltd.,Black and White photo of rail line,/objects/small/rmcbhsunloch1919rail2_sm.jpg,/objects/thumbs/rmcbhsunloch1919rail2_th.jpg,
rmcbhsunloch1919rail3,historical_photos,jrhp_020,/objects/rmcbhsunloch1919rail3.png,Rail line near Sunloch Mine 3,,,1919,yes,image/PNG,photo,image,Mining; Sunloch Mines Ltd.,Black and White photo of rail line,/objects/small/rmcbhsunloch1919rail3_sm.jpg,/objects/thumbs/rmcbhsunloch1919rail3_th.jpg,
1920powerhousejr,historical_photos,jrhp_021,/objects/1920powerhousejr.jpg,Powerhouse at Jordan River 1920,,,1920,yes,image/JPG,photo,image,Hydroelectric,Black and White photo of powerhouse,/objects/small/1920powerhousejr_sm.jpg,/objects/thumbs/1920powerhousejr_th.jpg,
1930sjordanriveranddam,historical_photos,jrhp_022,/objects/1930sjordanriveranddam.jpg,Camp 2 at Jordan River and Dam 1930's,,,1930,yes,image/JPG,photo,image,Forestry; Settlement; Dam; Settlement,Black and White photo of a camp adjacent to the dam,/objects/small/1930sjordanriveranddam_sm.jpg,/objects/thumbs/1930sjordanriveranddam_th.jpg,
1920jrsunlockmines,historical_photos,jrhp_023,/objects/1920jrsunlockmines.jpg,Jordan River Miner in the 1920s,,,1920,yes,image/JPG,photo,image,Mining,Black and White photo of a miner,/objects/small/1920jrsunlockmines_sm.jpg,/objects/thumbs/1920jrsunlockmines_th.jpg,
1945_48jrcommunityhall,historical_photos,jrhp_024,/objects/1945_48jrcommunityhall.jpg,Jordan River Community Hall 1945-48,,,1940,yes,image/JPG,photo,image,Settlement,Black and White photo of the community hall,/objects/small/1945_48jrcommunityhall_sm.jpg,/objects/thumbs/1945_48jrcommunityhall_th.jpg,
1926jrpowerhouse,historical_photos,jrhp_025,/objects/1926jrpowerhouse.jpg,Jordan River Powerhouse 1926,,,1926,yes,image/JPG,photo,image,Hydroelectric,Black and White photo of powerhouse,/objects/small/1926jrpowerhouse_sm.jpg,/objects/thumbs/1926jrpowerhouse_th.jpg,
clearingwherepowerhousewasbuiltjordanriver1908,historical_photos,jrhp_026,/objects/clearingwherepowerhousewasbuiltjordanriver1908.jpg,Clearing where powerhouse was built,,,1908,yes,image/JPG,photo,image,Hydroelectric ,Black and White photo of cleared field adjacent to dam,/objects/small/clearingwherepowerhousewasbuiltjordanriver1908_sm.jpg,/objects/thumbs/clearingwherepowerhousewasbuiltjordanriver1908_th.jpg,
1904viewjr,historical_photos,jrhp_026.5,/objects/1904viewjr.jpg,View of the Jordan River 1904,,,1904,yes,image/JPG,photo,image,,,/objects/small/1904viewjr_sm.jpg,/objects/thumbs/1904viewjr_th.jpg,
telegraphhutjr,historical_photos,jrhp_027,/objects/telegraphhutjr.jpg,Telegraph Hut,,,,,image/JPG,photo,image,,Black and White photo the Jordan River,/objects/small/telegraphhutjr_sm.jpg,/objects/thumbs/telegraphhutjr_th.jpg,
1919mandrillingrock,historical_photos,jrhp_028,/objects/1919mandrillingrock.png,Man Drilling a Rock ,,,1917,yes,image/JPG,photo,image,Mining,Black and White photo the Jordan River Homes,/objects/small/1919mandrillingrock_sm.jpg,/objects/thumbs/1919mandrillingrock_th.jpg,
homesatjr,historical_photos,jrhp_029,/objects/homesatjr.jpg,Homes of the Jordan River 1920's ,,,1920,yes,image/JPG,photo,image,Settlement,Black and White photo of a man drilling a rock,/objects/small/homesatjr_sm.jpg,/objects/thumbs/homesatjr_th.jpg,
1911rivermouth,historical_photos,jrhp_030,/objects/1911rivermouth.jpg,River Mouth 1911,,,1911,yes,image/JPG,photo,image,,Black and White photo the Jordan River,/objects/small/1911rivermouth_sm.jpg,/objects/thumbs/1911rivermouth_th.jpg,
1900_1910jrdock,historical_photos,jrhp_031,/objects/1900_1910jrdock.pdf,Dock and Straights 1900-1910,,,1900,yes,image/JPG,photo,image,Settlement,Screenshot of the University of British Columbia ,/objects/small/1900_1910jrdock_sm.jpg,/objects/thumbs/1900_1910jrdock_th.jpg,
,,,,,,,,,,,,,,,,
,,first_nations,,First Nations,,,,,,record,compound_object,,,/objects/small/fwcp_2011_jordan_river_watershed_plan_final_draft_sm.jpg,/objects/thumbs/fwcp_2011_jordan_river_watershed_plan_final_draft_th.jpg,
1983ethnobotany_nancyturner,first_nations,jrhfn_001,/objects/1983ethnobotany_nancyturner.pdf,"Ethnobotany of the
Nitinaht Indians of Vancouver Island",,,1983,yes,application/pdf,Book,pdf,Ethnobotany; Plants; Indigenous; First Nations; Biology,,/objects/small/1983ethnobotany_nancyturner_sm.jpg,/objects/thumbs/1983ethnobotany_nancyturner_th.jpg,
2022canadawateragencyvirtualdialogue,first_nations,jrhfn_002,/objects/2022canadawateragencyvirtualdialogue.pdf,Water Dialogue Series: Canada Water Agency What We Heard Report,BC Assembly of First Nations,BC Assembly of First Nations,2022-07-01,yes,application/pdf,Report,pdf,Advocacy; Canada Water Agency; First Nations,,/objects/small/2022canadawateragencyvirtualdialogue_sm.jpg,/objects/thumbs/2022canadawateragencyvirtualdialogue_th.jpg,
2022bc_firstnationstoappealnechakorivercourtruling,first_nations,jrhfn_003,/objects/2022bc_firstnationstoappealnechakorivercourtruling.pdf,"B.C. First Nations plan to appeal ruling to
restore natural river flows 70 years later",CTV News Vancouver,CTV News Vancouver,2022-02-04,,application/pdf,News Article,pdf,Legal Case; River Diversion; First Nations; Advocacy; Salmon,,/objects/small/2022bc_firstnationstoappealnechakorivercourtruling_sm.jpg,/objects/thumbs/2022bc_firstnationstoappealnechakorivercourtruling_th.jpg,
ditidahtandpacheedaht2019treatyagreementinprinciple,first_nations,jrhfn_004,/objects/ditidahtandpacheedaht2019treatyagreementinprinciple.pdf,Ditidaht & Pacheedaht Agreement in Principle - Treaty,,,2019-06-28,,application/pdf,Treaty Document,pdf,First Nations; Treaty,,/objects/small/ditidahtandpacheedaht2019treatyagreementinprinciple_sm.jpg,/objects/thumbs/ditidahtandpacheedaht2019treatyagreementinprinciple_th.jpg,
2020caseforaguardiannetwork,first_nations,jrhfn_005,/objects/2020caseforaguardiannetwork.pdf,Case for a Guardian Network Initiative ,BC First Nations Energy and Mining Council and UVic Environmental Centre,Environmental Law Centre University of Canada,2020-07-01,,application/pdf,Advocacy Report,pdf,First Nations; Guardian Programs; Conservation,,/objects/small/2020caseforaguardiannetwork_sm.jpg,/objects/thumbs/2020caseforaguardiannetwork_th.jpg,
siyam2022facultyofenvironmentstepintotheriveraframeworkforeconomicreconciliation,first_nations,jrhfn_006,/objects/siyam2022facultyofenvironmentstepintotheriveraframeworkforeconomicreconciliation.pdf,Step into the River: A Framework for Economic Reconciliation,Sxwpilemaát Siyám and Lily Raphael,,2022,yes,application/pdf,Advocacy Report,pdf,First Nations; Justice,,/objects/small/siyam2022facultyofenvironmentstepintotheriveraframeworkforeconomicreconciliation_sm.jpg,/objects/thumbs/siyam2022facultyofenvironmentstepintotheriveraframeworkforeconomicreconciliation_th.jpg,
2001jordanriverhistoricalsalmonidsurvey,first_nations,jrhfn_007,/objects/2001jordanriverhistoricalsalmonidsurvey.pdf,Jordan River Historical Salmond Survey ,RRL Recreation Resources Limited ,RRL Recreation Resources Limited ,2001-1,yes,application/pdf,Public Survey ,pdf,Salmon; BC Hydro,Survey of public anecdotal knowledge knowledge of salmon conditions pre- 1971,/objects/small/2001jordanriverhistoricalsalmonidsurvey_sm.jpg,/objects/thumbs/2001jordanriverhistoricalsalmonidsurvey_th.jpg,
reviewoffirstnationresources,first_nations,jrhfn_008,/objects/reviewoffirstnationresources.pdf,Review of the Ethnographic and Historical Resources: T'Sou-ke and Pacheedaht First Nations,Ministry of Attorney General Legal Services Branch ,,2008-10-20,,application/pdf,Research,pdf,First Nations; Land Use; Sooke; Pacheedaht ,,/objects/small/reviewoffirstnationresources_sm.jpg,/objects/thumbs/reviewoffirstnationresources_th.jpg,
plummer2018pacheedahtreflectontheiroriginsinhashilthsa,first_nations,jrhfn_009,/objects/plummer2018pacheedahtreflectontheiroriginsinhashilthsa.pdf,"A sacred rattle, a fleeing tribe, an eagle eating a sockeye: Pacheedaht reflect on their origins and future with recent land purchase",Eric Plumber,Ha-Shilth-Sa,,,application/pdf,News Article,pdf,Hydroelectric; Land Use; Pacheedaht; BC Hydro,Ceremony Description in relation to Pacheedaht buying historic lands from BC Hydro  ,/objects/small/plummer2018pacheedahtreflectontheiroriginsinhashilthsa_sm.jpg,/objects/thumbs/plummer2018pacheedahtreflectontheiroriginsinhashilthsa_th.jpg,
pnf2017lup_newsletter,first_nations,jrhfn_010,/objects/pnf2017lup_newsletter.pdf,Pacheedaht First Nation Newsletter,Pamela Jones Kristine Pearson,Pacheedaht First Nation ,2017-10-1,,application/pdf,Newsletter,pdf,First Nations; Land Use; Pacheedaht ,Pacheedaht First Nation Newsletter Land Use Planning,/objects/small/pnf2017lup_newsletter_sm.jpg,/objects/thumbs/pnf2017lup_newsletter_th.jpg,
mcletla07apr2016,first_nations,jrhfn_011,/objects/mcletla07apr2016.pdf,Site C Project Tripartite Land Agreement,,,2016-04-07,,application/pdf,Land Use Agreement,pdf,Land Agreement; BC Hydro; Land Use; Hydroelectric; Mcleod Lake Indian Band,,/objects/small/mcletla07apr2016_sm.jpg,/objects/thumbs/mcletla07apr2016_th.jpg,
2017pacheedahttraditionaluseandoccupancystudyreport,first_nations,jrhfn_013,/objects/2017pacheedahttraditionaluseandoccupancystudyreport.pdf,Pacheedaht First Nation Traditional Use and Occupancy Study Report for Port Metro Vancouver Roberts Bank Terminal 2 Project!,"Pacheedaht Heritage Project, Pacheedaht First Nation Treaty Department",,2015-09-23,,application/pdf,Land Use Study,pdf,Pacheedaht; Land Use; History; Survey,"This report presents information about the Pacheedaht First Nation related to their
aboriginal interests (rights and title) and traditional use and current use of lands, waters
and resources, as related to the Port Metro Vancouver Roberts Bank Terminal 2 Project.
The report has been prepared with consideration of the “Updated Guidelines for the
Preparation of an Environmental Impact Statement, Pursuant to the Canadian
Environmental Assessment Act, 2012 for the Roberts Bank Terminal 2 Project proposed
by Port Metro Vancouver” (RBT2 EIS) dated April 17, 2015. It has also based on topics
and formatting requested by Port Metro Vancouver representatives.",/objects/small/2017pacheedahttraditionaluseandoccupancystudyreport_sm.jpg,/objects/thumbs/2017pacheedahttraditionaluseandoccupancystudyreport_th.jpg,
ita_pacheedaht,first_nations,jrhfn_014,/objects/ita_pacheedaht.pdf,Pacheedaht First Nation Incremental Treaty Agreement,,,2013-03-26,,application/pdf,Treaty Document,pdf,Pacheedaht,,/objects/small/ita_pacheedaht_sm.jpg,/objects/thumbs/ita_pacheedaht_th.jpg,
firstnationrefs,first_nations,jrhfn_015,/objects/firstnationrefs.pdf,Bibliography - Review of the Ethnographic and Historical Resources: T'Sou-ke and Pacheedaht First Nations,Ministry of Attorney General Legal Services Branch ,,2008-10-20,,application/pdf,Bibliography,pdf,First Nations,,/objects/small/firstnationrefs_sm.jpg,/objects/thumbs/firstnationrefs_th.jpg,
ebarsky_mckechnie,first_nations,jrhfn_016,/objects/ebarsky_mckechnie.pdf,"Indigenous Oral History and Settlement Archaeology in Barkley Sound, Western Vancouver Island",Iain McKechnie,BC Studies,2015,yes,application/pdf,Study,pdf,First Nations; Oral History,,/objects/small/ebarsky_mckechnie_sm.jpg,/objects/thumbs/ebarsky_mckechnie_th.jpg,
bcclamgardenrestorationrevivesmillenniaoldfirstnationfoodsource_sookenewsmirror,first_nations,jrhfn_017,/objects/bcclamgardenrestorationrevivesmillenniaoldfirstnationfoodsource_sookenewsmirror.pdf,B.C. clam garden restoration revives millennia-old First Nation food source,Alistair Taylor,Sooke News Mirror,2024-09-21,,application/pdf,News Article,pdf,Clam Garden; First Nations; Food Systems,,/objects/small/bcclamgardenrestorationrevivesmillenniaoldfirstnationfoodsource_sookenewsmirror_sm.jpg,/objects/thumbs/bcclamgardenrestorationrevivesmillenniaoldfirstnationfoodsource_sookenewsmirror_th.jpg,
highlightsfromtheancientfishtrapstudy_projectwatershed,first_nations,jrhfn_018,/objects/highlightsfromtheancientfishtrapstudy_projectwatershed.pdf,Highlights from the Ancient Fish Trap Study,,Project Watershed,,,application/pdf,Web Page,pdf,Fish Traps; First Nations; Food Systems,,/objects/small/highlightsfromtheancientfishtrapstudy_projectwatershed_sm.jpg,/objects/thumbs/highlightsfromtheancientfishtrapstudy_projectwatershed_th.jpg,
selkirk2021anunderwatermysteryoncanada'scoastinbbctravel,first_nations,jrhfn_019,/objects/selkirk2021anunderwatermysteryoncanada'scoastinbbctravel.pdf,An underwater mystery on Canada's coast,Diane Selkirk,BBC,2021-10-14,,application/pdf,News Article,pdf,Clam Garden; First Nations; Food Systems,,/objects/small/selkirk2021anunderwatermysteryoncanada'scoastinbbctravel_sm.jpg,/objects/thumbs/selkirk2021anunderwatermysteryoncanada'scoastinbbctravel_th.jpg,
stepintotheriveracknowledgments,first_nations,jrhfn_020,/objects/stepintotheriveracknowledgments.png,Step into the River: A Framework for Economic Reconciliation,Sxwpilemaát Siyám and Lily Raphael,,2022,yes,application/pdf,Advocacy Report,pdf,First Nations; Justice,,/objects/small/stepintotheriveracknowledgments_sm.jpg,/objects/thumbs/stepintotheriveracknowledgments_th.jpg,
,,,,,,,,,,,,,,/objects/small/_sm.jpg,/objects/thumbs/_th.jpg,
,,settler_history_documents,,Settlers History Documents,,,,,,,,,,,,
jrdc1936littlerillsandwatersumberless,settler_history_documents,jrhs_001,/objects/jrdc1936littlerillsandwatersumberless.pdf,Little Rills and Waters Numberless,,The Daily Colonist,1939-05-31,,application/pdf,News Article,pdf,Biology; Plants; Fossils: Settler,Sunro Mine Entrance,/objects/small/jrdc1936littlerillsandwatersumberless_sm.jpg,/objects/thumbs/jrdc1936littlerillsandwatersumberless_th.jpg,
jr1962provincejranenchantingplace,settler_history_documents,jrhs_002,/objects/jr1962provincejranenchantingplace.pdf,Jordan River Enchanting Place,Donald Stainsby,The Province,1967-19-02,,application/pdf,News Article,pdf,Mining; Settler,Advertisement for the town,/objects/small/jr1962provincejranenchantingplace_sm.jpg,/objects/thumbs/jr1962provincejranenchantingplace_th.jpg,
peers2014thefamilythatbuiltjordanriverinsookenewsmirror,settler_history_documents,jrhs_003,/objects/peers2014thefamilythatbuiltjordanriverinsookenewsmirror.pdf,Jordan River drew attention in 1923,Elida Peers ,Sooke News Mirror,2007-08-31,,application/pdf,News Article,pdf,Settlement; Hydroelectric,,/objects/small/peers2014thefamilythatbuiltjordanriverinsookenewsmirror_sm.jpg,/objects/thumbs/peers2014thefamilythatbuiltjordanriverinsookenewsmirror_th.jpg,
peers2015jordanriverdamworryrevisitedinsookenewsmirror,settler_history_documents,jrhs_004,/objects/peers2015jordanriverdamworryrevisitedinsookenewsmirror.pdf,The family that built Jordan River,Elida Peers,Sooke News Mirror,2014-03-12,,application/pdf,News Article,pdf,Settlement; Hydroelectric,,/objects/small/peers2015jordanriverdamworryrevisitedinsookenewsmirror_sm.jpg,/objects/thumbs/peers2015jordanriverdamworryrevisitedinsookenewsmirror_th.jpg,
peers2019jordanriverforestryacontrastindecadesinsookenewsmirror,settler_history_documents,jrhs_005,/objects/peers2019jordanriverforestryacontrastindecadesinsookenewsmirror.pdf,Jordan River forestry a contrast in decades,Elida Peers,Sooke News Mirror,2022-03-20,,application/pdf,News Article,pdf,Settlement; Forestry; Canadian Overseas Log and Lumber Ltd; Hydroelectric,,/objects/small/peers2019jordanriverforestryacontrastindecadesinsookenewsmirror_sm.jpg,/objects/thumbs/peers2019jordanriverforestryacontrastindecadesinsookenewsmirror_th.jpg,
peers2011jordanriverdrewattentionin1923insookenewsmirror,settler_history_documents,jrhs_006,/objects/peers2011jordanriverdrewattentionin1923insookenewsmirror.pdf,Jordan River drew attention in 1923,Elida Peers,Sooke News Mirror,2011-08-31,,application/pdf,News Article,pdf,Settlement; Hydroelectric;,,/objects/small/peers2011jordanriverdrewattentionin1923insookenewsmirror_sm.jpg,/objects/thumbs/peers2011jordanriverdrewattentionin1923insookenewsmirror_th.jpg,
times_colonist_1974_jrprison,settler_history_documents,jrhs_007,/objects/times_colonist_1974_jrprison.pdf,Jordan River Enthusiastic about Prison Camp,Max Low,Times Colonist,1974-12-21,,application/pdf,News Article,pdf,Settlement; Prison,,/objects/small/times_colonist_1974_jrprison_sm.jpg,/objects/thumbs/times_colonist_1974_jrprison_th.jpg,
welcometojrsign,settler_history_documents,jrhs_008,/objects/welcometojrsign.JPG,Welcome to Jordan River Sign,,,,,application/pdf,News Article,pdf,Settlement,,/objects/small/welcometojrsign_sm.jpg,/objects/thumbs/welcometojrsign_th.jpg,
officialcommunityplanforshirleyjordanriverbylawno,settler_history_documents,jrhs_009,/objects/officialcommunityplanforshirleyjordanriverbylawno.pdf,Shirley - Jordan River Official Community Plan,,Shirley/Jordan River Advisory Planning Commission,2016,,application/pdf,Plan,pdf,Settlement; Regional Planning; First Nations; Transportation; Water; Environment; Adaptation; Environmental Planning,,/objects/small/officialcommunityplanforshirleyjordanriverbylawno_sm.jpg,/objects/thumbs/officialcommunityplanforshirleyjordanriverbylawno_th.jpg,
blissspring,settler_history_documents,jrhs_011,/objects/blissspring.pdf,Bliss Spring,,,2019-02-14,,application/pdf,News Article,pdf,Water Spring; Settlement,,/objects/small/blissspring_sm.jpg,/objects/thumbs/blissspring_th.jpg,
campbell2015thenauticapediatugsandbargestoandfromjordanriverbc,settler_history_documents,jrhs_012,/objects/campbell2015thenauticapediatugsandbargestoandfromjordanriverbc.pdf,Tugs and Barges To and From Jordan River BC,Arnie Campbell,,2015,,application/pdf,News Article,pdf,Historic Transportation; Settlement,,/objects/small/campbell2015thenauticapediatugsandbargestoandfromjordanriverbc_sm.jpg,/objects/thumbs/campbell2015thenauticapediatugsandbargestoandfromjordanriverbc_th.jpg,
,,,,,,,,,,,,,,,,
,,environmental_assesment_history,,Environmental Assement History,,,,,,,,,,,,
golderassociates2007hydrgeologicalassessmentandwaterqualityofthewoodwastelandfillsite,environmental_assesment_history,jrhea_001,/objects/golderassociates2007hydrgeologicalassessmentandwaterqualityofthewoodwastelandfillsite.pdf,"Hydrogeologic Assessment and Water Quality Monitoring of the Wood Waste Landfill Site, Jordan River, British Columbia",Golder Associates,Golder Associates,2007-12-12,,application/pdf,Report,pdf,Environmental Assessment; Landfill; Woodwaste; Water; Hydrogeology; Toxicity; Contamination; Pollution,,/objects/small/golderassociates2007hydrgeologicalassessmentandwaterqualityofthewoodwastelandfillsite_sm.jpg,/objects/thumbs/golderassociates2007hydrgeologicalassessmentandwaterqualityofthewoodwastelandfillsite_th.jpg,
golderassociates2008phase1environmenalsiteassessmentilkaydevel,environmental_assesment_history,jrhea_002,/objects/golderassociates2008phase1environmenalsiteassessmentilkaydevel.pdf,"PHASE I ENVIRONMENTAL SITE ASSESSMENT JORDAN RIVER GROUP SOUTHERN VANCOUVER ISLAND WFP LANDS JORDAN RIVER, BC",Golder Associates,Golder Associates,2008-08-24,,application/pdf,Report,pdf,Environmental Assessment; Landfill; Woodwaste; Water; Hydrogeology; Toxicity; Contamination; Pollution,,/objects/small/golderassociates2008phase1environmenalsiteassessmentilkaydevel_sm.jpg,/objects/thumbs/golderassociates2008phase1environmenalsiteassessmentilkaydevel_th.jpg,
ilkaydevelopmentcorp2008developersaltermatevisionforjr,environmental_assesment_history,jrhea_003,/objects/ilkaydevelopmentcorp2008developersaltermatevisionforjr.pdf,Developer’s alternate vision for Jordan River designed with public in mind,Ender Ilkay,,2008-08-18,,application/pdf,,pdf,Development Plan; Settlement; Development,"Plan for property on Island’s south coast provides access to beaches and
thousands of acres of green space",/objects/small/ilkaydevelopmentcorp2008developersaltermatevisionforjr_sm.jpg,/objects/thumbs/ilkaydevelopmentcorp2008developersaltermatevisionforjr_th.jpg,
keystoneenvironmental2011bcpreapproval,environmental_assesment_history,jrhea_004,/objects/keystoneenvironmental2011bcpreapproval.pdf,Response to MOE E-mail RE: Request for Pre Approvals under Protocol 6 for Jordan River sites,Stefan Quaglia,Keystone Environmental Ltd.,2011-10-28,,application/pdf,Email,pdf,Zinc; Ecology; Pollution Exposure; Food Chain; Toxicity Testing; ,,/objects/small/keystoneenvironmental2011bcpreapproval_sm.jpg,/objects/thumbs/keystoneenvironmental2011bcpreapproval_th.jpg,
keystoneenvironmental2012appendixkwoodwastelandfill,environmental_assesment_history,jrhea_005,/objects/keystoneenvironmental2012appendixkwoodwastelandfill.pdf,"TABLES, DATA, AND PERMITS RELATED TO APEC JRG2-01 WOOD WASTE LANDFILL",,Keystone Environmental Ltd.,,,application/pdf,Report,pdf,Environmental Assessment; Landfill; Woodwaste; Water; Toxicity; Contamination; Pollution,,/objects/small/keystoneenvironmental2012appendixkwoodwastelandfill_sm.jpg,/objects/thumbs/keystoneenvironmental2012appendixkwoodwastelandfill_th.jpg,
keystoneenvironmental2012reportoffindingswfp,environmental_assesment_history,jrhea_006,/objects/keystoneenvironmental2012reportoffindingswfp.pdf,Report of Findings – Preliminary Site Investigation,Michael Geraghty,Keystone Environmental Ltd.,2012-20-06,,application/pdf,Report,pdf,Environmental Assessment; Landfill; Woodwaste; Water; Toxicity; Contamination; Pollution,,/objects/small/keystoneenvironmental2012reportoffindingswfp_sm.jpg,/objects/thumbs/keystoneenvironmental2012reportoffindingswfp_th.jpg,
keystoneenvironmental2012summaryofsitecondition,environmental_assesment_history,jrhea_007,/objects/keystoneenvironmental2012summaryofsitecondition.pdf,Summary of Site Condition,,Keystone Environmental Ltd.,2012-11-23,,application/pdf,Report,pdf,Environmental Assessment; Landfill; Woodwaste; Water; Hydrogeology; Toxicity; Contamination; Pollution,,/objects/small/keystoneenvironmental2012summaryofsitecondition_sm.jpg,/objects/thumbs/keystoneenvironmental2012summaryofsitecondition_th.jpg,
keystoneenvironmental2014treatmentofwoodwastejordanriverpowerpoint,environmental_assesment_history,jrhea_008,/objects/keystoneenvironmental2014treatmentofwoodwastejordanriverpowerpoint.pdf,Treatment of Wood Waste Landfill Leachate Using Engineered Wetlands,"Richard Johns, Antonia Gunardi,",Keystone Environmental Ltd.,,,application/pdf,Report,pdf,Wood Waste Landfill; Remediation; Engineered Wetland,,/objects/small/keystoneenvironmental2014treatmentofwoodwastejordanriverpowerpoint_sm.jpg,/objects/thumbs/keystoneenvironmental2014treatmentofwoodwastejordanriverpowerpoint_th.jpg,
,,,,,,,,,,,,,,,,
,,newspaper_hydro_pesticide,,Newspaper: Hydroelectric: Pesticide,,,,,,record,compound_object,,,/objects/small/fwcp_2011_jordan_river_watershed_plan_final_draft_sm.jpg,/objects/thumbs/fwcp_2011_jordan_river_watershed_plan_final_draft_th.jpg,
1978_sunishine_coastnews_1-4_bchydro_hearing_for_using_24d_chemical_to_spray_right_away,newspaper_hydro_pesticide,jrnphhp_001,/objects/1978_sunishine_coastnews_1-4_bchydro_hearing_for_using_24d_chemical_to_spray_right_away.pdf,Dow Chemical Here to Defend Spraying,Ian Corrance,The Sunshine Coast News,1978-05-16,,application/pdf,news article,pdf,Dow Chemicals; Herbicides; Hydroelectric; ,,/objects/small/1978_sunishine_coastnews_1-4_bchydro_hearing_for_using_24d_chemical_to_spray_right_away_sm.jpg,/objects/thumbs/1978_sunishine_coastnews_1-4_bchydro_hearing_for_using_24d_chemical_to_spray_right_away_th.jpg,
1980_sunchine_coast_23_3_hydro_employee_charged_for_misleading)_the_public_about_pesticide_control_act_sparying_bt_ jr_and_sooke,newspaper_hydro_pesticide,jrnphhp_002,/objects/(1980_sunchine_coast_23_3_hydro_employee_charged_for_misleading)_the_public_about_pesticide_control_act_sparying_bt_ jr_and_sooke.pdf,Wildlife Corner,Ian Corrance,The Sunshine Coast News,1980-11-11,,application/pdf,news article,pdf,Dow Chemicals; Herbicides; Hydroelectric,,/objects/small/tc_1980_hydro_24d_draws_sooke_protest_sm.jpg,/objects/thumbs/1980_sunchine_coast_23_3_hydro_employee_charged_for_misleading)_the_public_about_pesticide_control_act_sparying_bt_ jr_and_sooke_th.jpg,
tc_1979_bc_ hydro_staff_queried_on_poison_control,newspaper_hydro_pesticide,jrnphhp_003,/objects/tc_1979_bc_ hydro_staff_queried_on_poison_control.pdf,Hydro staff queried on poison control,Times Colonist,Times Colonist,1979-06-28,,application/pdf,news article,pdf,BC Hydro; Tordon 10K; Herbicides; Hydroelectric,,/objects/small/tc_1979_bc_ hydro_staff_queried_on_poison_control_sm.jpg,/objects/thumbs/tc_1979_bc_ hydro_staff_queried_on_poison_control_th.jpg,
tc_1980_hydro_24d_draws_sooke_protest,newspaper_hydro_pesticide,jrnphhp_004,/objects/tc_1980_hydro_24d_draws_sooke_protest.pdf,Hydro 24D draws Sooke protest,Brenda Dalglish,Times Colonist,1980-05-08,,application/pdf,news article,pdf,BC Hydro; Herbicides;2:4-D; Pesticides; Hydroelectric; Protest; Sooke; First Nations,,/objects/small/tc_1980_hydro_24d_draws_sooke_protest_sm.jpg,/objects/thumbs/tc_1980_hydro_24d_draws_sooke_protest_th.jpg,
tc_1980_hydro_backs_off_on_24d_ plans,newspaper_hydro_pesticide,jrnphhp_005,/objects/tc_1980_hydro_backs_off_on_24d_ plans.pdf,"Hydro backs off on 2,4-D Plans",Brenda Dalglish,Times Colonist,1980-06-10,,application/pdf,news article,pdf,BC Hydro; Herbicides;2:4-D; Pesticides; Hydroelectric; Protest; Sooke; First Nations,,/objects/small/tc_1980_hydro_backs_off_on_24d_ plans_sm.jpg,/objects/thumbs/tc_1980_hydro_backs_off_on_24d_ plans_th.jpg,
tc_1980_hydro_herbicide_probe_ordered_by_ag,newspaper_hydro_pesticide,jrnphhp_006,/objects/tc_1980_hydro_herbicide_probe_ordered_by_ag.pdf,Herbicide porbe ordered by A-G,Times Colonist,Times Colonist,1980-08-03,,application/pdf,news article,pdf,BC Hydro; Herbicides; 2:4-D; Hydroelectric,,/objects/small/tc_1980_hydro_herbicide_probe_ordered_by_ag_sm.jpg,/objects/thumbs/tc_1980_hydro_herbicide_probe_ordered_by_ag_th.jpg,
vs_1980_hydro_workers_charged,newspaper_hydro_pesticide,jrnphhp_007,/objects/vs_1980_hydro_workers_charged.pdf,"Hydro, Workers Charged",Vancouver Sun,Vancouver Sun,1980-10-17,,application/pdf,news article,pdf,,,/objects/small/vs_1980_hydro_workers_charged_sm.jpg,/objects/thumbs/vs_1980_hydro_workers_charged_th.jpg,
,,,,,,,,,,,,,,,,
,,newspaper_hydroelectric_1900_1920,,Newspaper: Hydroelectric: 1900-1920,,,,,,record,compound_object,,,/objects/small/fwcp_2011_jordan_river_watershed_plan_final_draft_sm.jpg,/objects/thumbs/fwcp_2011_jordan_river_watershed_plan_final_draft_th.jpg,
1913_nwdn_power_plant_done_in_two_weeks_highest_of_any_in_canada,newspaper_hydroelectric_1900_1920,jrnph1900-1910_001,/objects/1913_nwdn_power_plant_done_in_two_weeks_highest_of_any_in_canada.pdf,Good Progress on Dam,The New Westminster News,The New Westminster News,1910-07-31,,application/pdf,news article,pdf,Hydroelectric; Vancouver Island Power,,/objects/small/1913_nwdn_power_plant_done_in_two_weeks_highest_of_any_in_canada_sm.jpg,/objects/thumbs/1913_nwdn_power_plant_done_in_two_weeks_highest_of_any_in_canada_th.jpg,
1913_week_1_2 _summary_of_jr_infra_in_relation_to_other_power_producers_on_the_island,newspaper_hydroelectric_1900_1920,jrnph1900-1910_002,/objects/1913_week_1_2 _summary_of_jr_infra_in_relation_to_other_power_producers_on_the_island.pdf,Cost of the Dam,The Week,The Week,1913-06-21,,application/pdf,news article,pdf,Hydroelectric,,/objects/small/1913_week_1_2 _summary_of_jr_infra_in_relation_to_other_power_producers_on_the_island_sm.jpg,/objects/thumbs/1913_week_1_2 _summary_of_jr_infra_in_relation_to_other_power_producers_on_the_island_th.jpg,
1913nwdn_2_3_jr_largest_dam_in_canada_built_and_inspected,newspaper_hydroelectric_1900_1920,jrnph1900-1910_003,/objects/1913nwdn_2_3_jr_largest_dam_in_canada_built_and_inspected.pdf,Largest Dam in Canada Built and Inspected,The New Westminster News,The New Westminster News,1913-06-22,,application/pdf,news article,pdf,Hydroelectric,,/objects/small/1913nwdn_2_3_jr_largest_dam_in_canada_built_and_inspected_sm.jpg,/objects/thumbs/1913nwdn_2_3_jr_largest_dam_in_canada_built_and_inspected_th.jpg,
1913nwdn_2_3_start_filling_up_resevoir_for_biggest_dam_in_canada,newspaper_hydroelectric_1900_1920,jrnph1900-1910_004,/objects/1913nwdn_2_3_start_filling_up_resevoir_for_biggest_dam_in_canada.pdf,Jordan Wafer Now Being Stored - Preparing for Dry Months,The New Westminster News,The New Westminster News,1913-05-29,,application/pdf,news article,pdf,Hydroelectric,,/objects/small/1913nwdn_2_3_start_filling_up_resevoir_for_biggest_dam_in_canada_sm.jpg,/objects/thumbs/1913nwdn_2_3_start_filling_up_resevoir_for_biggest_dam_in_canada_th.jpg,
1914nwdn_4_3_summary_of_bcel_orginal_plan_and_extensions,newspaper_hydroelectric_1900_1920,jrnph1900-1910_005,/objects/1914nwdn_4_3_summary_of_bcel_orginal_plan_and_extensions.pdf,Develop Plant to its Full Capacity,The New Westminster News,The New Westminster News,1914-03-13,,application/pdf,news article,pdf,Hydroelectric,The article mentions an increase to 25K horsepower from 12K horsepower though expanding reservoir capacity,/objects/small/1914nwdn_4_3_summary_of_bcel_orginal_plan_and_extensions_sm.jpg,/objects/thumbs/1914nwdn_4_3_summary_of_bcel_orginal_plan_and_extensions_th.jpg,
1915_xwestcall_4_4_details_about_the_water_powers_of_jordan_river,newspaper_hydroelectric_1900_1920,jrnph1900-1910_006,/objects/1915_xwestcall_4_4_details_about_the_water_powers_of_jordan_river.pdf,The Water Powers of British Columbia ,The Western Call,The Western Call,1915-11-12,,application/pdf,news article,pdf,Hydroelectric,,/objects/small/1915_xwestcall_4_4_details_about_the_water_powers_of_jordan_river_sm.jpg,/objects/thumbs/1915_xwestcall_4_4_details_about_the_water_powers_of_jordan_river_th.jpg,
1917_week_1_3_bc_electric_to_sell_its_holdings_to_bc_and_municip_govts,newspaper_hydroelectric_1900_1920,jrnph1900-1910_007,/objects/1917_week_1_3_bc_electric_to_sell_its_holdings_to_bc_and_municip_govts.pdf,The B.C. Electric Company,The Week,The Week,1917-07--7,,application/pdf,news article,pdf,Hydroelectric; B.C. Electric Company,,/objects/small/1917_week_1_3_bc_electric_to_sell_its_holdings_to_bc_and_municip_govts_sm.jpg,/objects/thumbs/1917_week_1_3_bc_electric_to_sell_its_holdings_to_bc_and_municip_govts_th.jpg,
tc_1911_the_power_plant_at_jr,newspaper_hydroelectric_1900_1920,jrnph1900-1910_008,/objects/tc_1911_the_power_plant_at_jr.pdf,The Power Plant at the Jordan River,Times Colonist,Times Colonist,1911-12-20,,application/pdf,news article,pdf,Hydroelectric,,/objects/small/tc_1911_the_power_plant_at_jr_sm.jpg,/objects/thumbs/tc_1911_the_power_plant_at_jr_th.jpg,
the_victoria_daily_times_1909_08_19_1,newspaper_hydroelectric_1900_1920,jrnph1900-1910_009,/objects/the_victoria_daily_times_1909_08_19_1.pdf,To Open City's Lovely Suburbs,Victoria Daily Times,Victoria Daily Times,1909-08-19,,application/pdf,news article,pdf,Hydroelectric,,/objects/small/the_victoria_daily_times_1909_08_19_1_sm.jpg,/objects/thumbs/the_victoria_daily_times_1909_08_19_1_th.jpg,
tp_1909_jr_power_planton_vancouver_island,newspaper_hydroelectric_1900_1920,jrnph1900-1910_010,/objects/tp_1909_jr_power_planton_vancouver_island.pdf,Power Plant on Island,The Province,The Province,1909-10-02,,application/pdf,news article,pdf,Hydroelectric,Plans for Utilization of Jordan River Power Presented for Approval,/objects/small/tp_1909_jr_power_planton_vancouver_island_sm.jpg,/objects/thumbs/tp_1909_jr_power_planton_vancouver_island_th.jpg,
vdt_1909_scope_of_hydro_project_at_jr,newspaper_hydroelectric_1900_1920,jrnph1900-1910_012,/objects/vdt_1909_scope_of_hydro_project_at_jr.pdf,Scope of Project at Jordan River,Victoria Daily Times,Victoria Daily Times,1909-11-05,,application/pdf,news article,pdf,Hydroelectric,,/objects/small/vdt_1909_scope_of_hydro_project_at_jr_sm.jpg,/objects/thumbs/vdt_1909_scope_of_hydro_project_at_jr_th.jpg,
vdt_1910_hydro_payroll_is_a_large_one,newspaper_hydroelectric_1900_1920,jrnph1900-1910_013,/objects/vdt_1910_hydro_payroll_is_a_large_one.pdf,Payroll os a Large One,Victoria Daily Times,Victoria Daily Times,1910-09-17,,application/pdf,news article,pdf,Hydroelectric Labor,,/objects/small/vdt_1910_hydro_payroll_is_a_large_one_sm.jpg,/objects/thumbs/vdt_1910_hydro_payroll_is_a_large_one_th.jpg,
vdt_1915_realize_extent_of_jordan_river_plant,newspaper_hydroelectric_1900_1920,jrnph1900-1910_015,/objects/vdt_1915_realize_extent_of_jordan_river_plant.pdf,Realize Extent of Jordan River Plant,Victoria Daily Times,Victoria Daily Times,1915-07-14,,application/pdf,news article,pdf,Hydroelectric,"Dam took 14 months to Build. 300 ft long, 450 tons ",/objects/small/vdt_1915_realize_extent_of_jordan_river_plant_sm.jpg,/objects/thumbs/vdt_1915_realize_extent_of_jordan_river_plant_th.jpg,
vdt_1919_water_powers_are_asset_which_has_only_begun_development,newspaper_hydroelectric_1900_1920,jrnph1900-1910_016,/objects/vdt_1919_water_powers_are_asset_which_has_only_begun_development.pdf,Water Power are Asser Which Has Yet only Begun Development,Victoria Daily Times,Victoria Daily Times,1919-10-07,,application/pdf,news article,pdf,Hydroelectric,,/objects/small/vdt_1919_water_powers_are_asset_which_has_only_begun_development_sm.jpg,/objects/thumbs/vdt_1919_water_powers_are_asset_which_has_only_begun_development_th.jpg,
1912_week_3_2jrdam_complete,newspaper_hydroelectric_1900_1920,jrnph1900-1910_017,/objects/1912_week_3_2jrdam_complete.pdf,Island Power Company Completes Huge Dam,The Daily News,The Daily News,1912-04-23,,application/pdf,news article,pdf,Hydroelectric,,/objects/small/1912_week_3_2jrdam_complete_sm.jpg,/objects/thumbs/1912_week_3_2jrdam_complete_th.jpg,
1912_week_6_1_summary_of_bcel_talks_about_increased_comsumption_in_vic_and_the_doublinfg_production,newspaper_hydroelectric_1900_1920,jrnph1900-1910_018,/objects/1912_week_6_1_summary_of_bcel_talks_about_increased_comsumption_in_vic_and_the_doublinfg_production.pdf,BCEL Talks about Increased Consumption,The Daily News,The Daily News,1908-09-22,,application/pdf,news article,pdf,Hydroelectric,,/objects/small/1912_week_6_1_summary_of_bcel_talks_about_increased_comsumption_in_vic_and_the_doublinfg_production_sm.jpg,/objects/thumbs/1912_week_6_1_summary_of_bcel_talks_about_increased_comsumption_in_vic_and_the_doublinfg_production_th.jpg,
1912week_6_1_summary_of_project_and_doubling_of_demand_in_victoria,newspaper_hydroelectric_1900_1920,jrnph1900-1910_019,/objects/1912week_6_1_summary_of_project_and_doubling_of_demand_in_victoria.pdf,Millions to Save Millions ,The Week,The Week,1912-11-16,,application/pdf,news article,pdf,Hydroelectric,,/objects/small/1912week_6_1_summary_of_project_and_doubling_of_demand_in_victoria_sm.jpg,/objects/thumbs/1912week_6_1_summary_of_project_and_doubling_of_demand_in_victoria_th.jpg,
1913_1_3_contract_for_steel_pipe_to_add_35k_hp_to_jr_plant,newspaper_hydroelectric_1900_1920,jrnph1900-1910_020,/objects/1913_1_3_contract_for_steel_pipe_to_add_35k_hp_to_jr_plant.pdf,Gets Contract for Welded Steel Pipes,Daily Building Record,Daily Building Record,1913-08-13,,application/pdf,news article,pdf,Hydroelectric,,/objects/small/1913_1_3_contract_for_steel_pipe_to_add_35k_hp_to_jr_plant_sm.jpg,/objects/thumbs/1913_1_3_contract_for_steel_pipe_to_add_35k_hp_to_jr_plant_th.jpg,
1913_nwdn_3_3_annual_meeting_of_bcelectric,newspaper_hydroelectric_1900_1920,jrnph1900-1910_0205,/object/1913_nwdn_3_3_annual_meeting_of_bcelectric.pdf,Annual Meeting of B.C. Electric,The New Westminster News,The New Westminster News,1914-01-08,,application/pdf,news article,pdf,Hydroelectric,Shareholders Opposed Increase of Capital—Decreased Profit Average Return 4.5' Per Cent.,/objects/small/1913_nwdn_3_3_annual_meeting_of_bcelectric_sm.jpg,/objects/thumbs/1913_nwdn_3_3_annual_meeting_of_bcelectric_th.jpg,
1912_nwdn_dam_complete_ready_to_produce_power,newspaper_hydroelectric_1900_1920,jrnph1900-1910_021,/objects/1912_nwdn_dam_complete_ready_to_produce_power.pdf,Jordan River Power Dam Ready for Work,The New Westminster News,The New Westminster News,1913-08-26,,application/pdf,news article,pdf,Hydroelectric,,/objects/small/1912_nwdn_dam_complete_ready_to_produce_power_sm.jpg,/objects/thumbs/1912_nwdn_dam_complete_ready_to_produce_power_th.jpg,
1908_new_west_announcement_of_new_power_plant_at_jr_6_1_3,newspaper_hydroelectric_1900_1920,jrnph1900-1910_022,/objects/1908_new_west_announcement_of_new_power_plant_at_jr_6_1_3.pdf,Water Power Sought by B.C.E.R. Company,The Daily News,The Daily News,1908-09-22,,application/pdf,news article,pdf,Hydroelectric; B.C.E.R,,/objects/small/1908_new_west_announcement_of_new_power_plant_at_jr_6_1_3_sm.jpg,/objects/thumbs/1908_new_west_announcement_of_new_power_plant_at_jr_6_1_3_th.jpg,
1908_weeklyp1col3_4_bcer_power,newspaper_hydroelectric_1900_1920,jrnph1900-1910_024,/objects/1908_weeklyp1col3_4_bcer_power.pdf,The City and the B.C.E.R.,The Week,The Week,1909-02-13,,application/pdf,news article,pdf,Hydroelectric; B.C.E.R,,/objects/small/1908_weeklyp1col3_4_bcer_power_sm.jpg,/objects/thumbs/1908_weeklyp1col3_4_bcer_power_th.jpg,
1909_weekly_1_4_bcer_water_power_proposal,newspaper_hydroelectric_1900_1920,jrnph1900-1910_025,/objects/1909_weekly_1_4_bcer_water_power_proposal.pdf,Still Blocking the Way,The Week,The Week,1909-05-15,,application/pdf,news article,pdf,Hydroelectric; B.C.E.R,,/objects/small/1909_weekly_1_4_bcer_water_power_proposal_sm.jpg,/objects/thumbs/1909_weekly_1_4_bcer_water_power_proposal_th.jpg,
1909_weekly_bcer_1_3,newspaper_hydroelectric_1900_1920,jrnph1900-1910_026,/objects/1909_weekly_bcer_1_3.pdf,The Water By-Law,The Week,The Week,1909-08-21,,application/pdf,news article,pdf,Hydroelectric; B.C.E.R,,/objects/small/1909_weekly_bcer_1_3_sm.jpg,/objects/thumbs/1909_weekly_bcer_1_3_th.jpg,
1909_weekly_bcer_approved_by_the_city_pp_1and6,newspaper_hydroelectric_1900_1920,jrnph1900-1910_027,/objects/1909_weekly_bcer_approved_by_the_city_pp_1and6.pdf,B.C.E.R and Jordan River,The Week,The Week,1909-06-19,,application/pdf,news article,pdf,Hydroelectric; B.C.E.R,,/objects/small/1909_weekly_bcer_approved_by_the_city_pp_1and6_sm.jpg,/objects/thumbs/1909_weekly_bcer_approved_by_the_city_pp_1and6_th.jpg,
1909_weekly_bcer_p6_3,newspaper_hydroelectric_1900_1920,jrnph1900-1910_028,/objects/1909_weekly_bcer_p6_3.pdf,The Jordan River Scheme,The Week,The Week,1909-06-26,,application/pdf,news article,pdf,Hydroelectric; B.C.E.R,,/objects/small/1909_weekly_bcer_p6_3_sm.jpg,/objects/thumbs/1909_weekly_bcer_p6_3_th.jpg,
1909nelsondaily_bcer_approved5_2,newspaper_hydroelectric_1900_1920,jrnph1900-1910_029,/objects/1909nelsondaily_bcer_approved5_2.pdf,Victoria Bylaw Passes,The Daily News,The Daily News,1909-08-26,,application/pdf,news article,pdf,Hydroelectric; B.C.E.R,,/objects/small/1909nelsondaily_bcer_approved5_2_sm.jpg,/objects/thumbs/1909nelsondaily_bcer_approved5_2_th.jpg,
1909weekly_1_2,newspaper_hydroelectric_1900_1920,jrnph1900-1910_030,/objects/1909weekly_1_2.pdf,Jordan River,The Week,The Week,1909-10-30,,application/pdf,news article,pdf,Hydroelectric; B.C.E.R,,/objects/small/1909weekly_1_2_sm.jpg,/objects/thumbs/1909weekly_1_2_th.jpg,
1910_bcer_details_1_3_4,newspaper_hydroelectric_1900_1920,jrnph1900-1910_031,/objects/1910_bcer_details_1_3_4.pdf,The B.C. Electric Company,The Week,The Week,1910-01-08,,application/pdf,news article,pdf,Hydroelectric; B.C.E.R,,/objects/small/1910_bcer_details_1_3_4_sm.jpg,/objects/thumbs/1910_bcer_details_1_3_4_th.jpg,
1910_daily_pipe_contract_secured_8_3,newspaper_hydroelectric_1900_1920,jrnph1900-1910_032,/objects/1910_daily_pipe_contract_secured_8_3.pdf,The Vulcan Iron Works of the city has secured the contract for the assembling of steel pipe ,The Daily News,The Daily News,1910-07-07,,application/pdf,news article,pdf,Hydroelectric; B.C.E.R,,/objects/small/1910_daily_pipe_contract_secured_8_3_sm.jpg,/objects/thumbs/1910_daily_pipe_contract_secured_8_3_th.jpg,
1910_the_week_engineer_that_completes_the_dam_21_2_and_19_5_1_0344213,newspaper_hydroelectric_1900_1920,jrnph1900-1910_033,/objects/1910_the_week_engineer_that_completes_the_dam_21_2_and_19_5_1_0344213.pdf,Engineers and Contractors,The Week,The Week,1910-12-17,,application/pdf,news article,pdf,Hydroelectric; B.C.E.R,,/objects/small/1910_the_week_engineer_that_completes_the_dam_21_2_and_19_5_1_0344213_sm.jpg,/objects/thumbs/1910_the_week_engineer_that_completes_the_dam_21_2_and_19_5_1_0344213_th.jpg,
1911_vanbuildrec_bcer-jr_complete_contract_to_build_power,newspaper_hydroelectric_1900_1920,jrnph1900-1910_034,/objects/1911_vanbuildrec_bcer-jr_complete_contract_to_build_power.pdf,B.C.E.R. Buys Site for Power Plant,Vancouver Building Record,Vancouver Building Record,1911-09-14,,application/pdf,news article,pdf,Hydroelectric; B.C.E.R,,/objects/small/1911_vanbuildrec_bcer-jr_complete_contract_to_build_power_sm.jpg,/objects/thumbs/1911_vanbuildrec_bcer-jr_complete_contract_to_build_power_th.jpg,
1911_week_5_5_amendment_to_the_1909_water_act_by_bcer_for_jr_power,newspaper_hydroelectric_1900_1920,jrnph1900-1910_035,/objects/1911_week_5_5_amendment_to_the_1909_water_act_by_bcer_for_jr_power.pdf,"Water Act, 1909, and Amending Acts",The Week,The Week,1911-06-24,,application/pdf,news article,pdf,Hydroelectric; Law Amendment,,/objects/small/1911_week_5_5_amendment_to_the_1909_water_act_by_bcer_for_jr_power_sm.jpg,/objects/thumbs/1911_week_5_5_amendment_to_the_1909_water_act_by_bcer_for_jr_power_th.jpg,
1912_bc_federationist_1_5_6_rhumours_of_bcel_background_of_operations,newspaper_hydroelectric_1900_1920,jrnph1900-1910_036,/objects/1912_bc_federationist_1_5_6_rhumours_of_bcel_background_of_operations.pdf,B.C. Electric CO. Denies that it will Shut Down Works,The British Colombia Federationist,The British Colombia Federationist,1912-08-24,,application/pdf,news article,pdf,Hydroelectric; B.C. Electric Company,,/objects/small/1912_bc_federationist_1_5_6_rhumours_of_bcel_background_of_operations_sm.jpg,/objects/thumbs/1912_bc_federationist_1_5_6_rhumours_of_bcel_background_of_operations_th.jpg,
1912_building_record_1_2_contract_for_dam_across_jordan _river,newspaper_hydroelectric_1900_1920,jrnph1900-1910_037,/objects/1912_building_record_1_2_contract_for_dam_across_jordan _river.pdf,Contract for Huge Dam Across the Jordan River,Daily Building Record,Daily Building Record,1912-08-22,,application/pdf,news article,pdf,Hydroelectric; B.C. Electric Company,,/objects/small/1912_building_record_1_2_contract_for_dam_across_jordan _river_sm.jpg,/objects/thumbs/1912_building_record_1_2_contract_for_dam_across_jordan _river_th.jpg,
1912_nwdn_3_3_contract_for_earth_damn_in_jr_info_about_size_etc_of_dam,newspaper_hydroelectric_1900_1920,jrnph1900-1910_038,/objects/1912_nwdn_3_3_contract_for_earth_damn_in_jr_info_about_size_etc_of_dam.pdf,B.C.E.R. Building Big Dam at Jordan River,Westminster Daily News,Westminster Daily News,1912-08-25,,application/pdf,news article,pdf,Hydroelectric; B.C.E.R,,/objects/small/1912_nwdn_3_3_contract_for_earth_damn_in_jr_info_about_size_etc_of_dam_sm.jpg,/objects/thumbs/1912_nwdn_3_3_contract_for_earth_damn_in_jr_info_about_size_etc_of_dam_th.jpg,
,,,,,,,,,,,,,,,,
,,newspaper_hydroelectric_1920_1940,,Newspaper: Hydroelectric: 1940-1920,,,,,,record,compound_object,,,/objects/small/fwcp_2011_jordan_river_watershed_plan_final_draft_sm.jpg,/objects/thumbs/fwcp_2011_jordan_river_watershed_plan_final_draft_th.jpg,
1920_bc_fed_3_1_info_on_new_bunks_built_in_jr,newspaper_hydroelectric_1920_1940,jrnph1920-40_001,/objects/1920_bc_fed_3_1_info_on_new_bunks_built_in_jr.pdf,News of the Lumber Workers Industrial Unit of the O.B.U.,The British Colombia Federationist,The British Colombia Federationist,1920-01-28,,application/pdf,news article,pdf,Logging,,/objects/small/1920_bc_fed_3_1_info_on_new_bunks_built_in_jr_sm.jpg,/objects/thumbs/1920_bc_fed_3_1_info_on_new_bunks_built_in_jr_th.jpg,
1920_bcfed_3_1_major_complaints_about_jr_camp_and_description_of_shitty_work,newspaper_hydroelectric_1920_1940,jrnph1920-40_002,/objects/1920_bcfed_3_1_major_complaints_about_jr_camp_and_description_of_shitty_work.pdf,Jordan River Cathels Sorenson Camp,The British Colombia Federationist,The British Colombia Federationist,1920-03-26,,application/pdf,news article,pdf,Settlement,,/objects/small/1920_bcfed_3_1_major_complaints_about_jr_camp_and_description_of_shitty_work_sm.jpg,/objects/thumbs/1920_bcfed_3_1_major_complaints_about_jr_camp_and_description_of_shitty_work_th.jpg,
1920_bcfed_3_1_point_no_point_camp_describes_only_reachable_by_coach_and_poor_conditions_at_the_camp_boss_anti_union,newspaper_hydroelectric_1920_1940,jrnph1920-40_003,/objects/1920_bcfed_3_1_point_no_point_camp_describes_only_reachable_by_coach_and_poor_conditions_at_the_camp_boss_anti_union.pdf,Milligan Bro's Camp,The British Colombia Federationist,The British Colombia Federationist,1920-04-09,,application/pdf,news article,pdf,Settlement,,/objects/small/1920_bcfed_3_1_point_no_point_camp_describes_only_reachable_by_coach_and_poor_conditions_at_the_camp_boss_anti_union_sm.jpg,/objects/thumbs/1920_bcfed_3_1_point_no_point_camp_describes_only_reachable_by_coach_and_poor_conditions_at_the_camp_boss_anti_union_th.jpg,
1920_bcfed_3_3_camp_defending_it_operation_and_the_work_done,newspaper_hydroelectric_1920_1940,jrnph1920-40_004,/objects/1920_bcfed_3_3_camp_defending_it_operation_and_the_work_done.pdf,Lumber and Camp Workers Industrial Unit of the O.B.U.,The British Colombia Federationist,The British Colombia Federationist,1920-04-16,,application/pdf,news article,pdf,Hydroelectric,,/objects/small/1920_bcfed_3_3_camp_defending_it_operation_and_the_work_done_sm.jpg,/objects/thumbs/1920_bcfed_3_3_camp_defending_it_operation_and_the_work_done_th.jpg,
1920_bcfed_3_3_mroe_drama_abotu_jr_camp_tied_into_lwiu_union_disputes_of_1919_22,newspaper_hydroelectric_1920_1940,jrnph1920-40_005,/objects/1920_bcfed_3_3_mroe_drama_abotu_jr_camp_tied_into_lwiu_union_disputes_of_1919_22.pdf,Bessborough Day,The British Colombia Federationist,The British Colombia Federationist,1920-04-30,,application/pdf,news article,pdf,Hydroelectric,,/objects/small/1920_bcfed_3_3_mroe_drama_abotu_jr_camp_tied_into_lwiu_union_disputes_of_1919_22_sm.jpg,/objects/thumbs/1920_bcfed_3_3_mroe_drama_abotu_jr_camp_tied_into_lwiu_union_disputes_of_1919_22_th.jpg,
1928_nelsondaily_10_4_bcel_to_add_2000_hp_to_jr,newspaper_hydroelectric_1920_1940,jrnph1920-40_006,/objects/1928_nelsondaily_10_4_bcel_to_add_2000_hp_to_jr.pdf,Add Enormously to Present Power,The Daily News,The Daily News,1928-11-14,,application/pdf,news article,pdf,Hydroelectric,,/objects/small/1928_nelsondaily_10_4_bcel_to_add_2000_hp_to_jr_sm.jpg,/objects/thumbs/1928_nelsondaily_10_4_bcel_to_add_2000_hp_to_jr_th.jpg,
1929_cumberland_1_3_feature_about_bcel_infrastructure_for_van_borad_of_trade_lots_of_info,newspaper_hydroelectric_1920_1940,jrnph1920-40_007,/objects/1929_cumberland_1_3_feature_about_bcel_infrastructure_for_van_borad_of_trade_lots_of_info.pdf,Jordan River Plant Of B.C. Electric Railway Visited By B. of T. Members,Cumberland Islander,Cumberland Islander,1929-07-19,,application/pdf,news article,pdf,Hydroelectric,,/objects/small/1929_cumberland_1_3_feature_about_bcel_infrastructure_for_van_borad_of_trade_lots_of_info_sm.jpg,/objects/thumbs/1929_cumberland_1_3_feature_about_bcel_infrastructure_for_van_borad_of_trade_lots_of_info_th.jpg,
1929_cumberlandis_1_3_exmaining_jr_for_potential_development,newspaper_hydroelectric_1920_1940,jrnph1920-40_008,/objects/1929_cumberlandis_1_3_exmaining_jr_for_potential_development.pdf,Largest Water Power On Vancouver Island Will Be Examined for Development Of Power for Industries,Cumberland Islander,Cumberland Islander,1929-07-19,,application/pdf,news article,pdf,Hydroelectric,,/objects/small/1929_cumberlandis_1_3_exmaining_jr_for_potential_development_sm.jpg,/objects/thumbs/1929_cumberlandis_1_3_exmaining_jr_for_potential_development_th.jpg,
vdt_1930_jr_hydro_now_developed_to_the_limit,newspaper_hydroelectric_1920_1940,jrnph1920-40_010,/objects/vdt_1930_jr_hydro_now_developed_to_the_limit.pdf,Jordan River Now Developed to Limit,Victoria Daily TImes,Victoria Daily TImes,1930-12-06,,application/pdf,news article,pdf,Hydroelectric; Railway,,/objects/small/vdt_1930_jr_hydro_now_developed_to_the_limit_sm.jpg,/objects/thumbs/vdt_1930_jr_hydro_now_developed_to_the_limit_th.jpg,
,,,,,,,,,,,,,,,,
,,newspaper_mining_general,,Newspaper: Mining: Genral,,,,,,record,compound_object,,,/objects/small/fwcp_2011_jordan_river_watershed_plan_final_draft_sm.jpg,/objects/thumbs/fwcp_2011_jordan_river_watershed_plan_final_draft_th.jpg,
ame_2015exploration_in_british_columbia_2015_in_review_ame,newspaper_mining_general,jr-np-m-general_001,/objects/ame_2015exploration_in_british_columbia_2015_in_review_ame.pdf,Exploration in British Columbia,Association for Mineral Exploration (AME),Association for Mineral Exploration (AME),2015-12-01,,application/pdf,blopost/website,pdf,Mining,,/objects/small/ame_2015exploration_in_british_columbia_2015_in_review_ame_sm.jpg,/objects/thumbs/ame_2015exploration_in_british_columbia_2015_in_review_ame_th.jpg,
barazzuol_and _stewart_2003_historic_mine_sites_in_bc_bcgs_of2003_03,newspaper_mining_general,jr-np-m-general_002,/objects/barazzuol_and _stewart_2003_historic_mine_sites_in_bc_bcgs_of2003_03.pdf,Historic Mine Sites in British,Lisa N. Barazzuol and Gregg G. Stewart,Ministry of Energy and Mines Mining Division,2003,,application/pdf,pdf,pdf,Mining; Mining Sites,,/objects/small/barazzuol_and _stewart_2003_historic_mine_sites_in_bc_bcgs_of2003_03_sm.jpg,/objects/thumbs/barazzuol_and _stewart_2003_historic_mine_sites_in_bc_bcgs_of2003_03_th.jpg,
bc_contaminated_mine_site_map_jan_13_2021_low_resolution,newspaper_mining_general,jr-np-m-general_003,/objects/bc_contaminated_mine_site_map_jan_13_2021_low_resolution.pdf,BC Contaminated Mine Sites,,International Network for Acid Prevention,2021,,application/pdf,pdf,pdf,Mining; Mining Sites; Map; Contamination; Pollution,,/objects/small/bc_contaminated_mine_site_map_jan_13_2021_low_resolution_sm.jpg,/objects/thumbs/bc_contaminated_mine_site_map_jan_13_2021_low_resolution_th.jpg,
bcmlr_2023_dirty_dozen_report_2023_web,newspaper_mining_general,jr-np-m-general_004,/objects/bcmlr_2023_dirty_dozen_report_2023_web.pdf,B.C.’s top polluting and risky mines,,University of Victoria Environmental Law Centre,2023,,application/pdf,report,pdf,Mining; Pollution; Mining Sites,,/objects/small/bcmlr_2023_dirty_dozen_report_2023_web_sm.jpg,/objects/thumbs/bcmlr_2023_dirty_dozen_report_2023_web_th.jpg,
bcmlr_closure_reclamation_abandoned_mines,newspaper_mining_general,jr-np-m-general_005,/objects/bcmlr_closure_reclamation_abandoned_mines.pdf,"Closure, Reclamation & Abandoned Mines",,University of Victoria Environmental Law Centre,,,application/pdf,report,pdf,Mining; Reclamation; Abandoned Mines,,/objects/small/bcmlr_closure_reclamation_abandoned_mines_sm.jpg,/objects/thumbs/bcmlr_closure_reclamation_abandoned_mines_th.jpg,
factual_record_bc_mining_submission_98_4_ffr_en,newspaper_mining_general,jr-np-m-general_006,/objects/factual_record_bc_mining_submission_98_4_ffr_en.pdf,Factual Record BC Mining Submission,,,,,application/pdf,pdf,pdf,Mining; Mining Violations; Fisheries Act; Abandoned Mines,,/objects/small/factual_record_bc_mining_submission_98_4_ffr_en_sm.jpg,/objects/thumbs/factual_record_bc_mining_submission_98_4_ffr_en_th.jpg,
northern_miner_2012_a_century_of_discovery_ame_bc ,newspaper_mining_general,jr-np-m-general_007,/objects/northern_miner_2012_a_century_of_discovery_ame_bc .pdf,A Century of Discovery,Doug Donnelly,ASSOCIATION FOR MINERAL EXPLORATION BRITISH COLUMBIA,2012,,application/pdf,Magazine,pdf,Mining; Mining Industry Publication,,/objects/small/northern_miner_2012_a_century_of_discovery_ame_bc _sm.jpg,/objects/thumbs/northern_miner_2012_a_century_of_discovery_ame_bc _th.jpg,
ross_lindeman_and_kirste_2019_characterization_of_as_and_se_in_pyrites_form_two_historic_mines_sunro_sullivan,newspaper_mining_general,jr-np-m-general_008,/objects/ross_lindeman_and_kirste_2019_characterization_of_as_and_se_in_pyrites_form_two_historic_mines_sunro_sullivan.pdf,Characterization study of As and Se in pyrites from two historic mines in British Columbia,Jocelyn Ross-Lindeman; Dirk Kirste,EDP Sciences,2019,,application/pdf,Study,pdf,Mining; Mineralogy,,/objects/small/ross_lindeman_and_kirste_2019_characterization_of_as_and_se_in_pyrites_form_two_historic_mines_sunro_sullivan_sm.jpg,/objects/thumbs/ross_lindeman_and_kirste_2019_characterization_of_as_and_se_in_pyrites_form_two_historic_mines_sunro_sullivan_th.jpg,
shearman_2002_mining_watch_canada_submarine_tailings_disposal,newspaper_mining_general,jr-np-m-general_009,/objects/shearman_2002_mining_watch_canada_submarine_tailings_disposal.pdf,Mining’s Problem with Waste,Catherine Coumans,MiningWatch Canada,2002,,application/pdf,pdf,pdf,Mining; Pollution; Contamination,,/objects/small/shearman_2002_mining_watch_canada_submarine_tailings_disposal_sm.jpg,/objects/thumbs/shearman_2002_mining_watch_canada_submarine_tailings_disposal_th.jpg,
soehl_1993_impact_assessment_of_metal_mines_in_bc_a_manuscript_report_prepared_for_cearc_en107_3_136_1993_eng,newspaper_mining_general,jr-np-m-general_010,/objects/soehl_1993_impact_assessment_of_metal_mines_in_bc_a_manuscript_report_prepared_for_cearc_en107_3_136_1993_eng.pdf,IMPACT ASSESSMENT OF METAL MINES IN BRITISH COLUMBIA: AN EVALUATION,Thomas Soehl,"The Canadian Environmental Assessment
Research Council",1993-07,,application/pdf,pdf,pdf,Mining,,/objects/small/soehl_1993_impact_assessment_of_metal_mines_in_bc_a_manuscript_report_prepared_for_cearc_en107_3_136_1993_eng_sm.jpg,/objects/thumbs/soehl_1993_impact_assessment_of_metal_mines_in_bc_a_manuscript_report_prepared_for_cearc_en107_3_136_1993_eng_th.jpg,
,,,,,,,,,,,,,,,,
,,newspaper_mining_recent,,Newspaper: Hydroelectric: 1960-1970,,,,,,record,compound_object,,,/objects/small/fwcp_2011_jordan_river_watershed_plan_final_draft_sm.jpg,/objects/thumbs/fwcp_2011_jordan_river_watershed_plan_final_draft_th.jpg,
hume_2016_the_rebirth_of_bc's_jordan_river_is_a_victory_of_biological_activism_globe_and_mail,newspaper_mining_recent,jr-np-m-recent_001,/objects/hume_2016_the_rebirth_of_bc's_jordan_river_is_a_victory_of_biological_activism_globe_and_mail.pdf,The rebirth of B.C.’s Jordan River is a victory for biological activism,Mark Hume,The Globe and Mail,2016-10-17,,application/pdf,Article,pdf,Salmon; Mining; Restoration; Logging; Hydroelectric; Activism; Ecology,,/objects/small/hume_2016_the_rebirth_of_bc's_jordan_river_is_a_victory_of_biological_activism_globe_and_mail_sm.jpg,/objects/thumbs/hume_2016_the_rebirth_of_bc's_jordan_river_is_a_victory_of_biological_activism_globe_and_mail_th.jpg,
smart_2016_jordan_river_surfing_area_to_be_tested_for_pollutiontimes_colonist,newspaper_mining_recent,jr-np-m-recent_002,/objects/smart_2016_jordan_river_surfing_area_to_be_tested_for_pollutiontimes_colonist.pdf,Jordan River surfing area to be tested for pollution,Amy Smart,Times Colonist,2016-10-19,,application/pdf,Article,pdf,Surfing; Pollution; Contamination; Mining,,/objects/small/smart_2016_jordan_river_surfing_area_to_be_tested_for_pollutiontimes_colonist_sm.jpg,/objects/thumbs/smart_2016_jordan_river_surfing_area_to_be_tested_for_pollutiontimes_colonist_th.jpg,
steve_hume_2013_provincial_failures_on_mining_pollution_leaving_taxpayers_on_the_hook_vancouver_sun,newspaper_mining_recent,jr-np-m-recent_003,/objects/steve_hume_2013_provincial_failures_on_mining_pollution_leaving_taxpayers_on_the_hook_vancouver_sun.pdf,Provincial failures on mining pollution leaving taxpayers on the hook,Stephen Hume,Vancouver Sun,2016-10-16,,application/pdf,Article,pdf,Mining; Salmon; Pollution; Contamination,,/objects/small/steve_hume_2013_provincial_failures_on_mining_pollution_leaving_taxpayers_on_the_hook_vancouver_sun_sm.jpg,/objects/thumbs/steve_hume_2013_provincial_failures_on_mining_pollution_leaving_taxpayers_on_the_hook_vancouver_sun_th.jpg,
sunro_october_8_2016_vancouer_sun_bc_mines_ministry_investigating_pollution_from_old_vancouver_island_mine,newspaper_mining_recent,jr-np-m-recent_004,/objects/sunro_october_8_2016_times_colonist_ministry_doesn’t_know_why_contaminated_site_was_deemed_clean.pdf,B.C. mines ministry investigating pollution from old Vancouver Island mine,Amy Smart,Vancouver Sun,2016-10-08,,application/pdf,Article,pdf,Mining; Pollution; Contamination; Teck,,/objects/small/sunro_october_8_2016_vancouer_sun_bc_mines_ministry_investigating_pollution_from_old_vancouver_island_mine_sm.jpg,/objects/thumbs/sunro_october_8_2016_vancouer_sun_bc_mines_ministry_investigating_pollution_from_old_vancouver_island_mine_th.jpg,
sunro_october_8_2016_times_colonist_ministry_doesn’t_know_why_contaminated_site_was_deemed_clean,newspaper_mining_recent,jr-np-m-recent_005,/objects/sunro_october_8_2016_vancouer_sun_bc_mines_ministry_investigating_pollution_from_old_vancouver_island_mine.pdf,Ministry doesn't know why contaminated site was deemed clean,Amy Smart,Times Colonist,2016-10-08,,application/pdf,Article,pdf,Mining; Pollution; Contamination; Ministry of Energy; Map,,/objects/small/sunro_october_8_2016_times_colonist_ministry_doesn’t_know_why_contaminated_site_was_deemed_clean_sm.jpg,/objects/thumbs/sunro_october_8_2016_times_colonist_ministry_doesn’t_know_why_contaminated_site_was_deemed_clean_th.jpg,
sunro_october_11_2016_times_colonist_editorial_province_should_clean_up_mine_sites,newspaper_mining_recent,jr-np-m-recent_006,/objects/sunro_october_11_2016_times_colonist_editorial_province_should_clean_up_mine_sites.pdf,Editorial: Province should clean up mine sites,Victoria Times-Colonist Staff,Times Colonist ,2016-10-11,,application/pdf,pdf,pdf,Mining; Metal Leaching ,,/objects/small/sunro_october_11_2016_times_colonist_editorial_province_should_clean_up_mine_sites_sm.jpg,/objects/thumbs/sunro_october_11_2016_times_colonist_editorial_province_should_clean_up_mine_sites_th.jpg,
sunro_october_17_2016_vancouver_sun_bc's_failure_on_mining_pollution,newspaper_mining_recent,jr-np-m-recent_007,/objects/sunro_october_17_2016_vancouver_sun_bc's_failure_on_mining_pollution.pdf,B.C.'s failure on mining pollution leaving taxpayers on the hook,Stephen Hume,The Vancouver Sun,2016-10-17,,application/pdf,pdf,pdf,Mining; Pollution; Contamination; Ministry of Energy; Taxpayers,,/objects/small/sunro_october_17_2016_vancouver_sun_bc's_failure_on_mining_pollution_sm.jpg,/objects/thumbs/sunro_october_17_2016_vancouver_sun_bc's_failure_on_mining_pollution_th.jpg,
the_vancouver_sun_2016_10_05_8,newspaper_mining_recent,jr-np-m-recent_008,/objects/the_vancouver_sun_2016_10_05_8.pdf,Copper Mine Tailings poison the Jordan River,Stephen Hume,The Vancouver Sun,2016-10-05,,application/pdf,pdf,pdf,Mining; Salmon; Metal Leaching; ,,/objects/small/the_vancouver_sun_2016_10_05_8_sm.jpg,/objects/thumbs/the_vancouver_sun_2016_10_05_8_th.jpg,
the_vancouver_sun_2017_03_11_94,newspaper_mining_recent,jr-np-m-recent_010,/objects/the_vancouver_sun_2017_03_11_94.pdf,A Sense of Excitement,The Vancouver Sun,The Vancouver Sun,2017-03-11,,application/pdf,pdf,pdf,Mining; Hydroelectric; Logging; History,,/objects/small/the_vancouver_sun_2017_03_11_94_sm.jpg,/objects/thumbs/the_vancouver_sun_2017_03_11_94_th.jpg,
,,,,,,,,,,,,,,,,
,,newspaper_logging,,Newspaper: Logging,,,,,,record,compound_object,,,/objects/small/fwcp_2011_jordan_river_watershed_plan_final_draft_sm.jpg,/objects/thumbs/fwcp_2011_jordan_river_watershed_plan_final_draft_th.jpg,
opssra_newsletter_2015_did_you_know_that_history_of_svi_logging,newspaper_logging,jr-np-l_001,/objects/opssra_newsletter_2015_did_you_know_that_history_of_svi_logging.pdf,"OSPRAS OTTER POINT, SHIRLEY & JORDAN RIVER
NEWSLETTER",OPERA,OPERA,2015-05,yes,application/pdf,newsletter,pdf,Dumping; Logging; Historical Review,Section 9 - Details about logging history,/objects/small/opssra_newsletter_2015_did_you_know_that_history_of_svi_logging_sm.jpg,/objects/thumbs/opssra_newsletter_2015_did_you_know_that_history_of_svi_logging_th.jpg,
times_colonist_1980_08_15_8_bc_forest_trio_buying_up_rayonier_canada,newspaper_logging,jr-np-l_002,/objects/times_colonist_1980_08_15_8_bc_forest_trio_buying_up_rayonier_canada.pdf,B.C. Forest Trio buying up Rayonier Canada Assets,Times Colonist,Times Colonist,1980-08-15,,application/pdf,news article,pdf,Logging; B.C Forest Products; Rayonier Canada; ITT Industries Canada,,/objects/small/times_colonist_1980_08_15_8_bc_forest_trio_buying_up_rayonier_canada_sm.jpg,/objects/thumbs/times_colonist_1980_08_15_8_bc_forest_trio_buying_up_rayonier_canada_th.jpg,
times_colonist_1983_point_no_point_rail,newspaper_logging,jr-np-l_003,/objects/times_colonist_1983_point_no_point_rail.pdf,Point No Point and its Railway,Patrick Hind,Times Colonist,1983-02-20,,application/pdf,news article,pdf,Logging; island logging company; log boom,,/objects/small/times_colonist_1983_point_no_point_rail_sm.jpg,/objects/thumbs/times_colonist_1983_point_no_point_rail_th.jpg,
1961_coastnews_12_1_handover_of_jr_water_power_from_bce_to_bch,newspaper_logging,jr-np-l_004,/objects/1961_coastnews_12_1_handover_of_jr_water_power_from_bce_to_bch.pdf,BCE  change-over for New Year's Eve,Coast News ,Coast News ,1961-12-21,,application/pdf,news article,pdf,Logging,,/objects/small/1961_coastnews_12_1_handover_of_jr_water_power_from_bce_to_bch_sm.jpg,/objects/thumbs/1961_coastnews_12_1_handover_of_jr_water_power_from_bce_to_bch_th.jpg,
1908_bndry_p2col4_9_32kacressold_us_by_jr_lumber,newspaper_logging,jr-np-l-1900-1920_001,/objects/1908_bndry_p2col4_9_32kacressold_us_by_jr_lumber.pdf,"The Jordan River Lumber Company, of Vancouver Island, has disposed of 32.000 acres of timber to Michigan and Seattle capitalists for a million dollars.'",Boundary Creek Times,Boundary Creek Times,1909-04-02,,application/pdf,news article,pdf,Logging; The Jordan River Lumber Company,"The Jordan River Lumber Company, of Vancouver Island, has disposed of 32.000 acres of timber to Michigan and Seattle capitalists for a million dollars.'
",/objects/small/1908_bndry_p2col4_9_32kacressold_us_by_jr_lumber_sm.jpg,/objects/thumbs/1908_bndry_p2col4_9_32kacressold_us_by_jr_lumber_th.jpg,
1908_wkly_p7col9certificate_of_regjrlumber,newspaper_logging,jr-np-l-1900-1920_002,/objects/1908_wkly_p7col9certificate_of_regjrlumber.pdf,CERTIFICATE OF THE REGISTRATION OF AN EXTRA-PROVINCIAL COMPANY,The Week,The Week,1908-12-07,,application/pdf,news article,pdf,Logging; The Jordan River Lumber Company,,/objects/small/1908_wkly_p7col9certificate_of_regjrlumber_sm.jpg,/objects/thumbs/1908_wkly_p7col9certificate_of_regjrlumber_th.jpg,
1909_crnbrk_1_5_lumber_dvelopents_transactions,newspaper_logging,jr-np-l-1900-1920_003,/objects/1909_crnbrk_1_5_lumber_dvelopents_transactions.pdf,"W. R. Welch and B. T. Lyons, of Now York, who recently bought the limits of the Jordan River Timber company",The Cranbrook Herald,The Cranbrook Herald,1909-04-08,,application/pdf,news article,pdf,Loggin; The Jordan River Lumber Company,,/objects/small/1909_crnbrk_1_5_lumber_dvelopents_transactions_sm.jpg,/objects/thumbs/1909_crnbrk_1_5_lumber_dvelopents_transactions_th.jpg,
1909_nlsn_timberlandsold_jr180k6_1,newspaper_logging,jr-np-l-1900-1920_004,/objects/1909_nlsn_timberlandsold_jr180k6_1.pdf,News of the Dominion,The Daily News,The Daily News,1909-04-08,,application/pdf,news article,pdf,Logging,,/objects/small/1909_nlsn_timberlandsold_jr180k6_1_sm.jpg,/objects/thumbs/1909_nlsn_timberlandsold_jr180k6_1_th.jpg,
1910_bc_timber_profitable_3_1,newspaper_logging,jr-np-l-1900-1920_005,/objects/1910_bc_timber_profitable_3_1.pdf,B.C. Timber Profitable,The Mail-Herald,The Mail-Herald,1910-12-14,,application/pdf,news article,pdf,Logging,,/objects/small/1910_bc_timber_profitable_3_1_sm.jpg,/objects/thumbs/1910_bc_timber_profitable_3_1_th.jpg,
1916_nelsondaily_6_2_feature_article_on_tracts_of_land_for_loggin,newspaper_logging,jr-np-l-1900-1920_006,/objects/1916_nelsondaily_6_2_feature_article_on_tracts_of_land_for_loggin.pdf,"Grants Allowed on Surveyors' Reports: Committee Hears Statement Concerning Tracts of Land on Jordan River, Vancouver. Island.",The Daily News,The Daily News,1916-05-04,,application/pdf,news article,pdf,Logging; Land Grants,,/objects/small/1916_nelsondaily_6_2_feature_article_on_tracts_of_land_for_loggin_sm.jpg,/objects/thumbs/1916_nelsondaily_6_2_feature_article_on_tracts_of_land_for_loggin_th.jpg,
"1918_bcrecord_750,000_4_2_timber_license_deal",newspaper_logging,jr-np-l-1900-1920_007,"/objects/1918_bcrecord_750,000_4_2_timber_license_deal.pdf",Big Island Timber Deal is Under Way ,British Columbia Record,British Columbia Record,1918-05-17,,application/pdf,news article,pdf,Logging,,"/objects/small/1918_bcrecord_750,000_4_2_timber_license_deal_sm.jpg","/objects/thumbs/1918_bcrecord_750,000_4_2_timber_license_deal_th.jpg",
the_week_1914_water_notice_clearing_streams,newspaper_logging,jr-np-l-1900-1920_008,/objects/the_week_1914_water_notice_clearing_streams.pdf,Water Notice: Clearing-Streams,The Week,The Week,1914-10-03,,application/pdf,news article,pdf,Logging,,/objects/small/the_week_1914_water_notice_clearing_streams_sm.jpg,/objects/thumbs/the_week_1914_water_notice_clearing_streams_th.jpg,
vdt_1909_jr_million_dollar_lumber_deal,newspaper_logging,jr-np-l-1900-1920_009,/objects/vdt_1909_jr_million_dollar_lumber_deal.pdf,Million Dollar Lumber Deal: Americans Purchase Jordan River Limits,The Victoria Daily Times,The Victoria Daily Times,1909-03-16,,application/pdf,news article,pdf,Logging,,/objects/small/vdt_1909_jr_million_dollar_lumber_deal_sm.jpg,/objects/thumbs/vdt_1909_jr_million_dollar_lumber_deal_th.jpg,
1928_nelsondaily_2_2_chinese drowneed_in_boom_at_jr,newspaper_logging,jr-np-l-1921-1960_001,/objects/1928_nelsondaily_2_2_chinese drowneed_in_boom_at_jr.pdf,Drowns in Boom,The Daily News,The Daily News,1928-07-16,,application/pdf,news article,pdf,Drowning; Logging; Booming,,/objects/small/1928_nelsondaily_2_2_chinese drowneed_in_boom_at_jr_sm.jpg,/objects/thumbs/1928_nelsondaily_2_2_chinese drowneed_in_boom_at_jr_th.jpg,
1928_nelsondaily_2_5_logger_find_huge_whale_fossils,newspaper_logging,jr-np-l-1921-1960_002,/objects/1928_nelsondaily_2_5_logger_find_huge_whale_fossils.pdf,Hunt Whales off Vancouver Island,The Daily News,The Daily News,1928-08-31,,application/pdf,news article,pdf,Logging; Whale Hunting; History,,/objects/small/1928_nelsondaily_2_5_logger_find_huge_whale_fossils_sm.jpg,/objects/thumbs/1928_nelsondaily_2_5_logger_find_huge_whale_fossils_th.jpg,
1932_nelsondaily_1_3_somebody_died_in_jr_working_for_mulligan_lumber_company,newspaper_logging,jr-np-l-1921-1960_003,/objects/1932_nelsondaily_1_3_somebody_died_in_jr_working_for_mulligan_lumber_company.pdf,Falling Tree is Cause of Death,Nelson Daily News,Nelson Daily News,1932-04-17,,application/pdf,news article,pdf,Logging; Casualty,,/objects/small/1932_nelsondaily_1_3_somebody_died_in_jr_working_for_mulligan_lumber_company_sm.jpg,/objects/thumbs/1932_nelsondaily_1_3_somebody_died_in_jr_working_for_mulligan_lumber_company_th.jpg,
1937_nelsondaily_1_7_timber_license_auctioned_in_jordan_river,newspaper_logging,jr-np-l-1921-1960_004,/objects/1937_nelsondaily_1_7_timber_license_auctioned_in_jordan_river.pdf,Timber Licence Offered in Slocan,Nelson Daily News,Nelson Daily News,1937-03-30,,application/pdf,news article,pdf,Logging,,/objects/small/1937_nelsondaily_1_7_timber_license_auctioned_in_jordan_river_sm.jpg,/objects/thumbs/1937_nelsondaily_1_7_timber_license_auctioned_in_jordan_river_th.jpg,
1960_coast_news_4_1_story_of_logger_useful_as_it_offers_the_companies_they_worked_for_in_early_days,newspaper_logging,jr-np-l-1921-1960_005,/objects/1960_coast_news_4_1_story_of_logger_useful_as_it_offers_the_companies_they_worked_for_in_early_days.pdf,Robert Burns,,Coast News,1960-01-21,,application/pdf,news article,pdf,Logging,,/objects/small/1960_coast_news_4_1_story_of_logger_useful_as_it_offers_the_companies_they_worked_for_in_early_days_sm.jpg,/objects/thumbs/1960_coast_news_4_1_story_of_logger_useful_as_it_offers_the_companies_they_worked_for_in_early_days_th.jpg,
,,,,,,,,,,,,,,,,
,,newspaper_fishing,,Newspaper: Fishing,,,,,,record,compound_object,,,/objects/small/fwcp_2011_jordan_river_watershed_plan_final_draft_sm.jpg,/objects/thumbs/fwcp_2011_jordan_river_watershed_plan_final_draft_th.jpg,
1906_newest_1000_pink_and_4000_sockeye_caught_in_jr_traps_3_3_3,newspaper_fishing,jr-np-fish_001,/objects/1906_newest_1000_pink_and_4000_sockeye_caught_in_jr_traps_3_3_3.pdf,Tons of Sockeyes Caught in Traps,The Daily News,The Daily News,1906-07-17,,application/pdf,news article,pdf,Fishing; Salmon; Traps,,/objects/small/1906_newest_1000_pink_and_4000_sockeye_caught_in_jr_traps_3_3_3_sm.jpg,/objects/thumbs/1906_newest_1000_pink_and_4000_sockeye_caught_in_jr_traps_3_3_3_th.jpg,
bcsessional_10064128,newspaper_fishing,jr-np-fish_003,/objects/bcsessional_10064128.pdf,Application for Foreshore Rights,W. C. WELLS,RICHARD WOLFENDEN,1902,,application/pdf,application,pdf,Fishing; Traps,,/objects/small/bcsessional_10064128_sm.jpg,/objects/thumbs/bcsessional_10064128_th.jpg,
bcsessional_10064162,newspaper_fishing,jr-np-fish_004,/objects/bcsessional_10064162.pdf,REPORT OF THE FISHERIES COMMISSIONER FOR BRITISH COLUMBIA,John Pease Babcock,Fisheries Commissioner,1902,,application/pdf,news article,pdf,Fishing; Traps,,/objects/small/bcsessional_10064162_sm.jpg,/objects/thumbs/bcsessional_10064162_th.jpg,
campbell_2015_heritate_sites_and_areas_of_historical_interest_in_otter_point_history,newspaper_fishing,jr-np-fish_005,/objects/campbell_2015_heritate_sites_and_areas_of_historical_interest_in_otter_point_history.pdf,Otter Point History,,Sooke Region Historical Society,2014-01-01,,application/pdf,news article,pdf,Otter Point; Settlement; Fishing,,/objects/small/campbell_2015_heritate_sites_and_areas_of_historical_interest_in_otter_point_history_sm.jpg,/objects/thumbs/campbell_2015_heritate_sites_and_areas_of_historical_interest_in_otter_point_history_th.jpg,
knowbc_website_2022_traps_and_weirs_in_knowbc,newspaper_fishing,jr-np-fish_007,/objects/knowbc_website_2022_traps_and_weirs_in_knowbc.pdf,Traps and Weirs,,KNOWBC.com ,,,application/pdf,Web Page,pdf,Indigenous Fishing Practices; Fishing,,/objects/small/knowbc_website_2022_traps_and_weirs_in_knowbc_sm.jpg,/objects/thumbs/knowbc_website_2022_traps_and_weirs_in_knowbc_th.jpg,
macfarlane_2017_fish _traps_on_the_british_columbia_coast_in_the_nauticapedia,newspaper_fishing,jr-np-fish_008,/objects/macfarlane_2017_fish _traps_on_the_british_columbia_coast_in_the_nauticapedia.pdf,Fish Traps on the British Columbia Coast,John MacFarlane,The Nauticapedia,2017,,application/pdf,news article,pdf,Fishing; Traps;,,/objects/small/macfarlane_2017_fish _traps_on_the_british_columbia_coast_in_the_nauticapedia_sm.jpg,/objects/thumbs/macfarlane_2017_fish _traps_on_the_british_columbia_coast_in_the_nauticapedia_th.jpg,
micfitz_2015_the_rise_and_demise_of_jh_todd_and_sons_british_columbias_enduring_independent_salmon_canners,newspaper_fishing,jr-np-fish_009,/objects/micfitz_2015_the_rise_and_demise_of_jh_todd_and_sons_british_columbias_enduring_independent_salmon_canners.pdf,"The Rise and Demise of J.H. Todd and Sons, British Columbia’s Enduring Independent Salmon Canners",Mickey Fitzgerald,University of Victoria,2015,,application/pdf,news article,pdf,Fishing; Canning; J. H. Todd & Sons,,/objects/small/micfitz_2015_the_rise_and_demise_of_jh_todd_and_sons_british_columbias_enduring_independent_salmon_canners_sm.jpg,/objects/thumbs/micfitz_2015_the_rise_and_demise_of_jh_todd_and_sons_british_columbias_enduring_independent_salmon_canners_th.jpg,
millerd_2000_turning_points_in_the_development_of_the_bc_salmon_fishery,newspaper_fishing,jr-np-fish_010,/objects/millerd_2000_turning_points_in_the_development_of_the_bc_salmon_fishery.pdf,Turning Points in the Development of the British Columbia Salmon Fishery,Frank Millerd,Wilfrid Laurier University,2000,,application/pdf,news article,pdf,salmon; fishing rights,,/objects/small/millerd_2000_turning_points_in_the_development_of_the_bc_salmon_fishery_sm.jpg,/objects/thumbs/millerd_2000_turning_points_in_the_development_of_the_bc_salmon_fishery_th.jpg,
millerd_2007_early_attempts_to_establish_exclusive_rights_in_the_bc_salmon_industry,newspaper_fishing,jr-np-fish_011,/objects/millerd_2007_early_attempts_to_establish_exclusive_rights_in_the_bc_salmon_industry.pdf,"Early Attempts at Establishing Exclusive Rights in
the British Columbia Salmon Fishery",Frank Millerd,University of Wisconsin Press,2007-02,,application/pdf,news article,pdf,Fishing; Traps;,,/objects/small/millerd_2007_early_attempts_to_establish_exclusive_rights_in_the_bc_salmon_industry_sm.jpg,/objects/thumbs/millerd_2007_early_attempts_to_establish_exclusive_rights_in_the_bc_salmon_industry_th.jpg,
nelsondaymin1904new_canner_capital_city_packing_jr_and_beecher_bay_evidence_of_fish_traps_in_jordan_river_1_7_9,newspaper_fishing,jr-np-fish_012,/objects/nelsondaymin1904new_canner_capital_city_packing_jr_and_beecher_bay_evidence_of_fish_traps_in_jordan_river_1_7_9.pdf,Will Construct Traps,,The Daily News,1904-04-16,,application/pdf,news article,pdf,Fishing; Canning; J. H. Todd & Sons,,/objects/small/nelsondaymin1904new_canner_capital_city_packing_jr_and_beecher_bay_evidence_of_fish_traps_in_jordan_river_1_7_9_sm.jpg,/objects/thumbs/nelsondaymin1904new_canner_capital_city_packing_jr_and_beecher_bay_evidence_of_fish_traps_in_jordan_river_1_7_9_th.jpg,
payton_2021_like_a_hotel_california_for_fish_in_the_tyee,newspaper_fishing,jr-np-fish_013,/objects/payton_2021_like_a_hotel_california_for_fish_in_the_tyee.pdf,Like a Hotel California for Fish,Brian Payton,The Tyee,2021-09-02,,application/pdf,news article,pdf,Indigenous Fishing Practices; Fishing; Traps,,/objects/small/payton_2021_like_a_hotel_california_for_fish_in_the_tyee_sm.jpg,/objects/thumbs/payton_2021_like_a_hotel_california_for_fish_in_the_tyee_th.jpg,
payton_2022_can_ancient_indigenous_technology_help_save_bcs_salmon_in_the_walrus,newspaper_fishing,jr-np-fish_014,/objects/payton_2022_can_ancient_indigenous_technology_help_save_bcs_salmon_in_the_walrus.pdf,Can Ancient Indigenous Technology Help Save BC’s Salmon?,Brian Payton,The Walrus,2021-09-01,,application/pdf,news article,pdf,Indigenous Fishing Practices; Fishing; Traps; Restoration; Preservation,,/objects/small/payton_2022_can_ancient_indigenous_technology_help_save_bcs_salmon_in_the_walrus_sm.jpg,/objects/thumbs/payton_2022_can_ancient_indigenous_technology_help_save_bcs_salmon_in_the_walrus_th.jpg,
peers_2012_sooke_once_had_a_salmon_cannery_in_sooke_news_mirror,newspaper_fishing,jr-np-fish_015,/objects/peers_2012_sooke_once_had_a_salmon_cannery_in_sooke_news_mirror.pdf,Sooke once had a salmon cannery,Elida Peers,Sooke News Mirror,2012-10-24,,application/pdf,news article,pdf,J. H. Todd & Sons; Canning; Sooke Harbour Fishing and Packing Company; Fishing,,/objects/small/peers_2012_sooke_once_had_a_salmon_cannery_in_sooke_news_mirror_sm.jpg,/objects/thumbs/peers_2012_sooke_once_had_a_salmon_cannery_in_sooke_news_mirror_th.jpg,
peers_2016_living_on_a_salmon_trap_in_sooke_news_mirror,newspaper_fishing,jr-np-fish_016,/objects/peers_2016_living_on_a_salmon_trap_in_sooke_news_mirror.pdf,SOOKE HISTORY: Living on a salmon trap,Elida Peers,Sooke News Mirror,2016-07-06,,application/pdf,news article,pdf,J. H. Todd & Sons; Canning; Sooke Harbour Fishing and Packing Company; Fishing; Indigenous Fishing Practices; Fishing; Traps,,/objects/small/peers_2016_living_on_a_salmon_trap_in_sooke_news_mirror_sm.jpg,/objects/thumbs/peers_2016_living_on_a_salmon_trap_in_sooke_news_mirror_th.jpg,
project_watershed_website_highlights_from_the_ancient_fish_trap_study,newspaper_fishing,jr-np-fish_017,/objects/project_watershed_website_highlights_from_the_ancient_fish_trap_study.pdf,Highlights from the Ancient Fish Trap Study,,Project Watershed,,,application/pdf,news article,pdf,Indigenous Fishing Practices; Fishing; Traps,,/objects/small/project_watershed_website_highlights_from_the_ancient_fish_trap_study_sm.jpg,/objects/thumbs/project_watershed_website_highlights_from_the_ancient_fish_trap_study_th.jpg,
selkirk_2021_an_underwater_mystery_on_canadas_coast_in_bbc_website,newspaper_fishing,jr-np-fish_018,/objects/selkirk_2021_an_underwater_mystery_on_canadas_coast_in_bbc_website.pdf,An underwater mystery on Canada's coast,Diane Selkirk,BBC,2021-10-14,,application/pdf,news article,pdf,Indigenous Fishing Practices; Fishing; Traps,Tens of thousands of wooden stakes poking up from British Columbia's shoreline have smashed a long-held stereotype of Canada's First Nation people.,/objects/small/selkirk_2021_an_underwater_mystery_on_canadas_coast_in_bbc_website_sm.jpg,/objects/thumbs/selkirk_2021_an_underwater_mystery_on_canadas_coast_in_bbc_website_th.jpg,
vdt_1902_foreshore_lease_notice_for_fishing,newspaper_fishing,jr-np-fish_021,/objects/vdt_1902_foreshore_lease_notice_for_fishing.pdf,Lease Notice for Fishing,,Victoria Daily Times,1902-08-05,,application/pdf,news article,pdf,Fishing; Lease,,/objects/small/vdt_1902_foreshore_lease_notice_for_fishing_sm.jpg,/objects/thumbs/vdt_1902_foreshore_lease_notice_for_fishing_th.jpg,
,,,,,,,,,,,,,,,,
,,newspaper_settlement,,Newspaper: Settlement,,,,,,record,compound_object,,,/objects/small/fwcp_2011_jordan_river_watershed_plan_final_draft_sm.jpg,/objects/thumbs/fwcp_2011_jordan_river_watershed_plan_final_draft_th.jpg,
1901_gdln_commercial_pacific_tele_cable4_3_11,newspaper_settlement,jr-np-s_001,/objects/1901_gdln_commercial_pacific_tele_cable4_3_11.pdf,A Survey Party on board the S.S. Quadra proceeded to the Jordan River and commenced a Survey...,The Golden Era,The Golden Era,1901-04-05,,application/pdf,news article,pdf,Settlement,,/objects/small/1901_gdln_commercial_pacific_tele_cable4_3_11_sm.jpg,/objects/thumbs/1901_gdln_commercial_pacific_tele_cable4_3_11_th.jpg,
1908nlsndaily_tug_with_a_history,newspaper_settlement,jr-np-s_002,/objects/1908nlsndaily_tug_with_a_history.pdf,Tug With a History,The Daily News,The Daily News,1908-01-27,,application/pdf,news article,pdf,Settlement; Lumber,,/objects/small/1908nlsndaily_tug_with_a_history_sm.jpg,/objects/thumbs/1908nlsndaily_tug_with_a_history_th.jpg,
1909nlsn8_5_10_death_in_pile_driver_accident,newspaper_settlement,jr-np-s_003,/objects/1909nlsn8_5_10_death_in_pile_driver_accident.pdf,Killed by Derrick ,The Daily News,The Daily News,1909-05-16,,application/pdf,news article,pdf,Settlement,,/objects/small/1909nlsn8_5_10_death_in_pile_driver_accident_sm.jpg,/objects/thumbs/1909nlsn8_5_10_death_in_pile_driver_accident_th.jpg,
1910_daily_progress_2_1,newspaper_settlement,jr-np-s_004,/objects/1910_daily_progress_2_1.pdf,"Victoria Must Make Enormous Progress During 1910, Because During 1910 the Following Will Be Under Way",The Daily News,The Daily News,1910-02-13,,application/pdf,news article,pdf,Settlement; Railway; Electric Power,,/objects/small/1910_daily_progress_2_1_sm.jpg,/objects/thumbs/1910_daily_progress_2_1_th.jpg,
1911_week,newspaper_settlement,jr-np-s_005,/objects/1911_week.pdf,B.C.E.R. Extensions,The Week,The Week,1911-02-25,,application/pdf,news article,pdf,Settlement; Power Plant,,/objects/small/1911_week_sm.jpg,/objects/thumbs/1911_week_th.jpg,
1914_cumberland_4_2_best_thing_fed_did_in_1913_was_extend_telgraph_line_to_jr,newspaper_settlement,jr-np-s_006,/objects/1914_cumberland_4_2_best_thing_fed_did_in_1913_was_extend_telgraph_line_to_jr.pdf,The Islander,The Islander,The Islander,1914-02-07,,application/pdf,news article,pdf,Settlement,,/objects/small/1914_cumberland_4_2_best_thing_fed_did_in_1913_was_extend_telgraph_line_to_jr_sm.jpg,/objects/thumbs/1914_cumberland_4_2_best_thing_fed_did_in_1913_was_extend_telgraph_line_to_jr_th.jpg,
1923_abpost_3_4_resolution_to_build_23_mile_highway_bt_pr_and_jr,newspaper_settlement,jr-np-s_007,/objects/1923_abpost_3_4_resolution_to_build_23_mile_highway_bt_pr_and_jr.pdf,,The Abbotsford Post,The Abbotsford Post,1923-08-30,,application/pdf,news article,pdf,Settlement; Canadian National Railway,,/objects/small/1923_abpost_3_4_resolution_to_build_23_mile_highway_bt_pr_and_jr_sm.jpg,/objects/thumbs/1923_abpost_3_4_resolution_to_build_23_mile_highway_bt_pr_and_jr_th.jpg,
1927_nelsondaily_3_1_confirmation_of_jr_to_pr_road_to_be_built_500,newspaper_settlement,jr-np-s_008,/objects/1927_nelsondaily_3_1_confirmation_of_jr_to_pr_road_to_be_built_500.pdf,Jordan River Road to be Built,The Daily News,The Daily News, 1927-12-08,,application/pdf,news article,pdf,Settlement; Road,,/objects/small/1927_nelsondaily_3_1_confirmation_of_jr_to_pr_road_to_be_built_500_sm.jpg,/objects/thumbs/1927_nelsondaily_3_1_confirmation_of_jr_to_pr_road_to_be_built_500_th.jpg,
1927_nelsondaily_jordan_river_quintet_bball_wins,newspaper_settlement,jr-np-s_009,/objects/1927_nelsondaily_jordan_river_quintet_bball_wins.pdf,Kelowna Beaten,The Daily News,The Daily News,1928-01-11,,application/pdf,news article,pdf,Settlement,,/objects/small/1927_nelsondaily_jordan_river_quintet_bball_wins_sm.jpg,/objects/thumbs/1927_nelsondaily_jordan_river_quintet_bball_wins_th.jpg,
1928_grandforks_3_4_highway_report_sooke_to_jr_road_fair,newspaper_settlement,jr-np-s_010,/objects/1928_grandforks_3_4_highway_report_sooke_to_jr_road_fair.pdf,Vancouver Island,The Grand Forks Sun,The Grand Forks Sun,1928-09-07,,application/pdf,news article,pdf,Settlement,,/objects/small/1928_grandforks_3_4_highway_report_sooke_to_jr_road_fair_sm.jpg,/objects/thumbs/1928_grandforks_3_4_highway_report_sooke_to_jr_road_fair_th.jpg,
1928_nelsondaily_7_3_jr_defeated_by_university_team,newspaper_settlement,jr-np-s_011,/objects/1928_nelsondaily_7_3_jr_defeated_by_university_team.pdf,Sandon Notes,The Daily News,The Daily News,1928-03-10,,application/pdf,news article,pdf,Settlement,,/objects/small/1928_nelsondaily_7_3_jr_defeated_by_university_team_sm.jpg,/objects/thumbs/1928_nelsondaily_7_3_jr_defeated_by_university_team_th.jpg,
1928_nelsondaily_7_5_jordan_river_island_winners,newspaper_settlement,jr-np-s_012,/objects/1928_nelsondaily_7_5_jordan_river_island_winners.pdf,Butler's Shot Just Before Bell Wins for Varsity Team,The Daily News,The Daily News,1928-03-07,,application/pdf,news article,pdf,Settlement,,/objects/small/1928_nelsondaily_7_5_jordan_river_island_winners_sm.jpg,/objects/thumbs/1928_nelsondaily_7_5_jordan_river_island_winners_th.jpg,
1933_nelsondaily_2_5_plan_to_extend_trail_from_jr_to_pr_underway,newspaper_settlement,jr-np-s_013,/objects/1933_nelsondaily_2_5_plan_to_extend_trail_from_jr_to_pr_underway.pdf,Plan Road Work as Relief Move,The Daily News,The Daily News,1933-10-06,,application/pdf,news article,pdf,Settlement; Road,,/objects/small/1933_nelsondaily_2_5_plan_to_extend_trail_from_jr_to_pr_underway_sm.jpg,/objects/thumbs/1933_nelsondaily_2_5_plan_to_extend_trail_from_jr_to_pr_underway_th.jpg,
1936_nelsondaily_1_7_jr_to_victoria_part_of_the_big_road_tweaking_program,newspaper_settlement,jr-np-s_014,/objects/1936_nelsondaily_1_7_jr_to_victoria_part_of_the_big_road_tweaking_program.pdf,Main Highways,The Daily News,The Daily News,1936-06-30,,application/pdf,news article,pdf,Settlement; Road,,/objects/small/1936_nelsondaily_1_7_jr_to_victoria_part_of_the_big_road_tweaking_program_sm.jpg,/objects/thumbs/1936_nelsondaily_1_7_jr_to_victoria_part_of_the_big_road_tweaking_program_th.jpg,
daily_colonist_1936_05_31_little_rills_and_waters_numberless,newspaper_settlement,jr-np-s_015,/objects/daily_colonist_1936_05_31_little_rills_and_waters_numberless.pdf,Little Rills and Water Numberles,Robert Connell,The Daily Colonist,1936-05-31,,application/pdf,news article,pdf,Settlement; Ecology,,/objects/small/daily_colonist_1936_05_31_little_rills_and_waters_numberless_sm.jpg,/objects/thumbs/daily_colonist_1936_05_31_little_rills_and_waters_numberless_th.jpg,
edmonton_journal_1980_12_29_59_hotel_for_sale,newspaper_settlement,jr-np-s_016,/objects/edmonton_journal_1980_12_29_59_hotel_for_sale.jpg,Hotel for Sale,,Edmonton Journal,1980,,application/pdf,news article,pdf,Settlement; Real Estate,,/objects/small/edmonton_journal_1980_12_29_59_hotel_for_sale_sm.jpg,/objects/thumbs/edmonton_journal_1980_12_29_59_hotel_for_sale_th.jpg,
nelsondaymin_1901_longest_cable_in_the_word_pg1col5para6,newspaper_settlement,jr-np-s_017,/objects/nelsondaymin_1901_longest_cable_in_the_word_pg1col5para6.pdf,Laying Pacific Cable,Nelson Daily Miner,Nelson Daily Miner,1901,,application/pdf,news article,pdf,Settlement; Cable,,/objects/small/nelsondaymin_1901_longest_cable_in_the_word_pg1col5para6_sm.jpg,/objects/thumbs/nelsondaymin_1901_longest_cable_in_the_word_pg1col5para6_th.jpg,
new_west_1906_1_2_4,newspaper_settlement,jr-np-s_018,/objects/new_west_1906_1_2_4.pdf,Heavy Seas Interfere With Building of Traps,The Daily News ,The Daily News,1906-05-22,,application/pdf,news article,pdf,Settlement; Traps; Fishing,,/objects/small/new_west_1906_1_2_4_sm.jpg,/objects/thumbs/new_west_1906_1_2_4_th.jpg,
nnmo_daytele_1894_body_in_surf_at_lost_river_pg2col1para7,newspaper_settlement,jr-np-s_019,/objects/nnmo_daytele_1894_body_in_surf_at_lost_river_pg2col1para7.pdf,Wrecked Lumber Schooner,The Daily Telegram,The Daily Telegram,1894-01-23,,application/pdf,news article,pdf,Settlement; Shipwreck,,/objects/small/nnmo_daytele_1894_body_in_surf_at_lost_river_pg2col1para7_sm.jpg,/objects/thumbs/nnmo_daytele_1894_body_in_surf_at_lost_river_pg2col1para7_th.jpg,
the_victoria_daily_times_1923_09_29_17_rambles_around_victoria,newspaper_settlement,jr-np-s_021,/objects/the_victoria_daily_times_1923_09_29_17_rambles_around_victoria.pdf,Rambled Round Victoria,The Victoria Daily Times,The Victoria Daily Times,1923-09-29,,application/pdf,news article,pdf,Settlement,,/objects/small/the_victoria_daily_times_1923_09_29_17_rambles_around_victoria_sm.jpg,/objects/thumbs/the_victoria_daily_times_1923_09_29_17_rambles_around_victoria_th.jpg,
times_colonist_fri_feb_28_1975,newspaper_settlement,jr-np-s_022,/objects/times_colonist_fri_feb_28_1975.pdf,Bullets in Shoulder Only the Beginning of Hr Nightmare,Derek Sidenius ,Times Colonist,1975-02-28,,application/pdf,news article,pdf,Settlement,,/objects/small/times_colonist_fri_feb_28_1975_sm.jpg,/objects/thumbs/times_colonist_fri_feb_28_1975_th.jpg,
final_jordan_solar_initial_project_description_and_early_engagement_plan_19dec23_deva,newspaper_settlement,jr-np-s-solar_001,/objects/final_jordan_solar_initial_project_description_and_early_engagement_plan_19dec23_deva.pdf,Jordan Solar and Energy Storage,,iMapBC,,,application/pdf,news article,pdf,Settlement; Solar; Map; Energy Storage,,/objects/small/final_jordan_solar_initial_project_description_and_early_engagement_plan_19dec23_deva_sm.jpg,/objects/thumbs/final_jordan_solar_initial_project_description_and_early_engagement_plan_19dec23_deva_th.jpg,
jordan_solar_location,newspaper_settlement,jr-np-s-solar_002,/objects/jordan_solar_location.pdf,Jordan Solar and Energy Storage Project,,Recurrent Energy,2023-12,,application/pdf,news article,pdf,Settlement; Solar; Energy Storage,,/objects/small/jordan_solar_location_sm.jpg,/objects/thumbs/jordan_solar_location_th.jpg,
,,,,,,,,,,,,,,,,
,,newspaper_recent_articles,,Newspaper: Recent Articles,,,,,,record,compound_object,,,/objects/small/fwcp_2011_jordan_river_watershed_plan_final_draft_sm.jpg,/objects/thumbs/fwcp_2011_jordan_river_watershed_plan_final_draft_th.jpg,
1975_vancouver_jan_4_save_estuaries_and_you_save_people_from_starving,newspaper_recent_articles,jr-np-ra_002,/objects/1975_vancouver_jan_4_save_estuaries_and_you_save_people_from_starving.pdf,Save Estuaries and you save people from starving,Moira Farrow,The Vancouver Sun,1975-1-4,,application/pdf,news article,pdf,Estuaries; Ecology; Logging; Hydroelectric; Mining,,/objects/small/1975_vancouver_jan_4_save_estuaries_and_you_save_people_from_starving_sm.jpg,/objects/thumbs/1975_vancouver_jan_4_save_estuaries_and_you_save_people_from_starving_th.jpg,
barkham_2021_should_rivers_have_the_same_rights_as_people_in_guardian,newspaper_recent_articles,jr-np-ra-other_001,/objects/barkham_2021_should_rivers_have_the_same_rights_as_people_in_guardian.pdf,"Should rivers have the same rights as
people?",Patrick Barkham,The Guardian,2021-07-25,,application/pdf,news article,pdf,Ecology; Environmentalism; Hydrology; Indigenous Peoples,,/objects/small/barkham_2021_should_rivers_have_the_same_rights_as_people_in_guardian_sm.jpg,/objects/thumbs/barkham_2021_should_rivers_have_the_same_rights_as_people_in_guardian_th.jpg,
casselman_2_15_who_is_watching_bcs_environmental_watch_dogs_in_bcbusiness,newspaper_recent_articles,jr-np-ra-other_002,/objects/casselman_2_15_who_is_watching_bcs_environmental_watch_dogs_in_bcbusiness.pdf,Who is watching B.C.'s environmental watch dogs?,Anne Casselman,BCBusiness,2015-07-14,,application/pdf,news article,pdf,Compromised Environmentalism; Ecology,,/objects/small/casselman_2_15_who_is_watching_bcs_environmental_watch_dogs_in_bcbusiness_sm.jpg,/objects/thumbs/casselman_2_15_who_is_watching_bcs_environmental_watch_dogs_in_bcbusiness_th.jpg,
khatibi_2021_discoverarticle_can_public_awareness_knowledge,newspaper_recent_articles,jr-np-ra-other_003,/objects/khatibi_2021_discoverarticle_can_public_awareness_knowledge.pdf,"Can public awareness, knowledge and engagement improve climate change adaptation policies?",Farzaneh Shaikh Khatibi; Aysin Dedekorkut‑Howes; Michael Howes; Elnaz Torabi,Discover Sustainability,2021-02-25,,application/pdf,news article,pdf,Public involvement; Citizen participation; Local and traditional knowledge,,/objects/small/khatibi_2021_discoverarticle_can_public_awareness_knowledge_sm.jpg,/objects/thumbs/khatibi_2021_discoverarticle_can_public_awareness_knowledge_th.jpg,
nunn_2023_repair_and_the_2014_mount_polley_mine_disaster,newspaper_recent_articles,jr-np-ra-other_004,/objects/nunn_2023_repair_and_the_2014_mount_polley_mine_disaster.pdf,"Repair and the 2014 Mount Polley Mine disaster: Anti Relationality, constraint, and legacies of socio-ecological disruption in settler colonial British Columbia",Neil Nunn,Society and Space,2023,,application/pdf,news article,pdf,Mount Polley Mine disaster; anti relationality; environmental justice; reparative planning; BC gold rush; settler colonialism; colonial modernity; 1862 smallpox epidemic,,/objects/small/nunn_2023_repair_and_the_2014_mount_polley_mine_disaster_sm.jpg,/objects/thumbs/nunn_2023_repair_and_the_2014_mount_polley_mine_disaster_th.jpg,
obrien_1993_being_a_scientists_means_taking_sides,newspaper_recent_articles,jr-np-ra-other_005,/objects/obrien_1993_being_a_scientists_means_taking_sides.pdf,Being a Scientist Means Taking Sides,Mary H. O'Brien,BioScience,1993,,application/pdf,news article,pdf,Science; Politics; Public Interest;,,/objects/small/obrien_1993_being_a_scientists_means_taking_sides_sm.jpg,/objects/thumbs/obrien_1993_being_a_scientists_means_taking_sides_th.jpg,
,newspaper_recent_articles,,,,,,,,,,,,,/objects/small/_sm.jpg,/objects/thumbs/_th.jpg,
davis_2017_jordan_river_restoration_bringing_back_the_habitat_bc_outdoors,newspaper_recent_articles,jr-np-ra-jr_001,/objects/davis_2017_jordan_river_restoration_bringing_back_the_habitat_bc_outdoors.pdf,Jordan River Restoration,Thom Davis,BC Outdoors,2017-06-08,,application/pdf,news article,pdf,Hydroelectric; Mining; Logging; Restoration; Salmon; Indigenous Community,,/objects/small/davis_2017_jordan_river_restoration_bringing_back_the_habitat_bc_outdoors_sm.jpg,/objects/thumbs/davis_2017_jordan_river_restoration_bringing_back_the_habitat_bc_outdoors_th.jpg,
hoffman_2017_a_tale_of_two_rivers_science_borealis,newspaper_recent_articles,jr-np-ra-jr_002,/objects/hoffman_2017_a_tale_of_two_rivers_science_borealis.pdf,A tale of two rivers,KIm Hoffman,Science Borealis,2017-02-13,,application/pdf,news article,pdf,Hydroelectric; Mining; Logging; Restoration; Salmon; Indigenous Community; Glines Canyon Dam,,/objects/small/hoffman_2017_a_tale_of_two_rivers_science_borealis_sm.jpg,/objects/thumbs/hoffman_2017_a_tale_of_two_rivers_science_borealis_th.jpg,
,,,,,,,,,,,,,,/objects/small/_sm.jpg,/objects/thumbs/_th.jpg,
,,newspaper_hydro_1970_90,,Newspaper: Hydroelectric: 1970-1990,,,,,,record,compound_object,,,/objects/small/fwcp_2011_jordan_river_watershed_plan_final_draft_sm.jpg,/objects/thumbs/fwcp_2011_jordan_river_watershed_plan_final_draft_th.jpg,
daily_colonist_1970_08_30_power_play,newspaper_hydro_1970_90,jrnph1970-90_001,/objects/daily_colonist_1970_08_30_power_play.pdf,Power Play on the Jordan,Daily Colonist,Daily Colonist,1970-08-30,,application/pdf,news article,pdf,Hydroelectric; Power House,,/objects/small/daily_colonist_1970_08_30_power_play_sm.jpg,/objects/thumbs/daily_colonist_1970_08_30_power_play_th.jpg,
daily_colonist_1971_11_21_eye_to_future,newspaper_hydro_1970_90,jrnph1970-90_002,/objects/daily_colonist_1971_11_21_eye_to_future.pdf,Jordan River's Eye to the Future,Patricia Goertzen,Daily Colonist,1971-11-21,,application/pdf,news article,pdf,Hydroelectric,,/objects/small/daily_colonist_1971_11_21_eye_to_future_sm.jpg,/objects/thumbs/daily_colonist_1971_11_21_eye_to_future_th.jpg,
tc_1970_never_to_bold_bio_of_john_elliott,newspaper_hydro_1970_90,jrnph1970-90_005,/objects/tc_1970_never_to_bold_bio_of_john_elliott.pdf,Never too Old,  Lindo,Daily Colonist,1970-11-08,,application/pdf,news article,pdf,Hydroelectric,,/objects/small/tc_1970_never_to_bold_bio_of_john_elliott_sm.jpg,/objects/thumbs/tc_1970_never_to_bold_bio_of_john_elliott_th.jpg,
the_vancouver_sun_tue_dec_21_1971,newspaper_hydro_1970_90,jrnph1970-90_006,/objects/the_vancouver_sun_tue_dec_21_1971.pdf,Fear of Brownouts Fade on Island,Moria Farrow,The Vancouver Sun,1971-12-21,,application/pdf,news article,pdf,Hydroelectric; Power House; bc hydro,,/objects/small/the_vancouver_sun_tue_dec_21_1971_sm.jpg,/objects/thumbs/the_vancouver_sun_tue_dec_21_1971_th.jpg,
times_colonist_1988_jrs_electric_monster,newspaper_hydro_1970_90,jrnph1970-90_007,/objects/times_colonist_1988_jrs_electric_monster.pdf,Jordan River's Electric Monster,Richard K. Blier,Times Colonist,1988-01-03,,application/pdf,news article,pdf,Hydroelectric; Power House; bc hydro,,/objects/small/times_colonist_1988_jrs_electric_monster_sm.jpg,/objects/thumbs/times_colonist_1988_jrs_electric_monster_th.jpg,
times_colonist_fri_may_15_1970,newspaper_hydro_1970_90,jrnph1970-90_008,/objects/times_colonist_fri_may_15_1970.pdf,$30 Million Flows Into Jordan Project,Times Colonist,Times Colonist,1970-05-15,,application/pdf,news article,pdf,Hydroelectric; Power House; bc hydro,,/objects/small/times_colonist_fri_may_15_1970_sm.jpg,/objects/thumbs/times_colonist_fri_may_15_1970_th.jpg,
times_colonist_sat_nov_28_1970,newspaper_hydro_1970_90,jrnph1970-90_009,/objects/times_colonist_sat_nov_28_1970.pdf,For $30M (and a few snags) The Island Gets Extra Power,B.C. Forest Trio buying up Radonier Canada Assets,Times Colonist,1970-11-28,,application/pdf,news article,pdf,Hydroelectric; Power House; bc hydro,,/objects/small/times_colonist_sat_nov_28_1970_sm.jpg,/objects/thumbs/times_colonist_sat_nov_28_1970_th.jpg,
times_colonist_thu__aug_13_1970_,newspaper_hydro_1970_90,jrnph1970-90_010,/objects/times_colonist_thu__aug_13_1970_.pdf,Valley of Snags an 'Obscene Sight',Don Vipond,Times Colonist,1970-08-13,,application/pdf,news article,pdf,Hydroelectric; Power House; bc hydro; Tree Snags; Drained Reservoir; Logging,,/objects/small/times_colonist_thu__aug_13_1970__sm.jpg,/objects/thumbs/times_colonist_thu__aug_13_1970__th.jpg,
times_colonist_thu_aug_13__1970_2,newspaper_hydro_1970_90,jrnph1970-90_011,/objects/times_colonist_thu_aug_13__1970_2.pdf,... An Obscene Sight,Don Vipond,Times Colonist,1970-08-13,,application/pdf,news article,pdf,Hydroelectric; Power House; bc hydro; Tree Snags; Drained Reservoir; Logging,,/objects/small/times_colonist_thu_aug_13__1970_2_sm.jpg,/objects/thumbs/times_colonist_thu_aug_13__1970_2_th.jpg,
times_colonist_wed__jul_24__1968_,newspaper_hydro_1970_90,jrnph1970-90_012,/objects/times_colonist_wed__jul_24__1968_.pdf,First Nuclear Power Plant Likely in '75,John Mika,Times Colonist,1968-07-24,,application/pdf,news article,pdf,Hydroelectric; Power House; bc hydro; Nuclear,,/objects/small/times_colonist_wed__jul_24__1968__sm.jpg,/objects/thumbs/times_colonist_wed__jul_24__1968__th.jpg,
times_colonist_wed_jul_24__1968_2,newspaper_hydro_1970_90,jrnph1970-90_013,/objects/times_colonist_wed_jul_24__1968_2.pdf,First Nuclear Power Plant Likely in '76,John Mika,Times Colonist,1968-07-25,,application/pdf,news article,pdf,Hydroelectric; Power House; bc hydro; Nuclear,,/objects/small/times_colonist_wed_jul_24__1968_2_sm.jpg,/objects/thumbs/times_colonist_wed_jul_24__1968_2_th.jpg,
victoria_express_1974_rocks_hide_wet_frenzy_the_mine_runs_uphill,newspaper_hydro_1970_90,jrnph1970-90_014,/objects/victoria_express_1974_rocks_hide_wet_frenzy_the_mine_runs_uphill.pdf,Rock Hide Wet Frenzy,Victoria Express,Victoria Express,1974-03-28,,application/pdf,news article,pdf,Mining; Ownership,,/objects/small/victoria_express_1974_rocks_hide_wet_frenzy_the_mine_runs_uphill_sm.jpg,/objects/thumbs/victoria_express_1974_rocks_hide_wet_frenzy_the_mine_runs_uphill_th.jpg,
the_vancouver_sun_1971_12_04_25,newspaper_hydro_1970_90,jrnph1971-present_005,/objects/the_vancouver_sun_1971_12_04_25.pdf,Hydro decision this time is a tough one,Terry Hammond,The Vancouver Sun,1971-12-4,,application/pdf,news article,pdf,Hydroelectric; bc hydro,,/objects/small/the_vancouver_sun_1971_12_04_25_sm.jpg,/objects/thumbs/the_vancouver_sun_1971_12_04_25_th.jpg,
,,,,,,,,,,,,,,/objects/small/_sm.jpg,/objects/thumbs/_th.jpg,
,,newspaper_hydro_1990_present,,Newspaper: Hydroelectric: 1990-Present,,,,,,record,compound_object,,,/objects/small/fwcp_2011_jordan_river_watershed_plan_final_draft_sm.jpg,/objects/thumbs/fwcp_2011_jordan_river_watershed_plan_final_draft_th.jpg,
elliot_lake_news_2024_vancouver_island_to_see_38_in_bc_hydro_upgrades_expansion_over_the_next_decade,,jrnph1971-present_001,/objects/elliot_lake_news_2024_vancouver_island_to_see_38_in_bc_hydro_upgrades_expansion_over_the_next_decade.pdf,"Vancouver Island to see $3B in BC Hydro upgrades, expansion over the next decade", The Canadian Press,The Canadian Press,2024-07-05,,application/pdf,news article,pdf,Electricity Grid Expansion,,/objects/small/elliot_lake_news_2024_vancouver_island_to_see_38_in_bc_hydro_upgrades_expansion_over_the_next_decade_sm.jpg,/objects/thumbs/elliot_lake_news_2024_vancouver_island_to_see_38_in_bc_hydro_upgrades_expansion_over_the_next_decade_th.jpg,
hydro_june_10_1994_reviewing_operational_issues_times_colonist_1994_06_10_11,,jrnph1971-present_002,/objects/hydro_june_10_1994_reviewing_operational_issues_times_colonist_1994_06_10_11.pdf,Reviewing operational issues on Vancouver Island - Jordan River,Times Colonist,Times Colonist,1994-06-10,,application/pdf,news article,pdf,Ecological Damage; Recreation; FIshing; Hydroelectric; Dam Risks; bc hydro,,/objects/small/hydro_june_10_1994_reviewing_operational_issues_times_colonist_1994_06_10_11_sm.jpg,/objects/thumbs/hydro_june_10_1994_reviewing_operational_issues_times_colonist_1994_06_10_11_th.jpg,
issue2007_03,,jrnph1971-present_003,/objects/issue2007_03.pdf,Jordan River Powerhouse,Elida Peers,Rural Observer,2007-03,,application/pdf,news article,pdf,Powerhouse; Hydroelectric,,/objects/small/issue2007_03_sm.jpg,/objects/thumbs/issue2007_03_th.jpg,
peers_2020_the_jordan_river_flume_in_sooke_news_mirror,,jrnph1971-present_004,/objects/peers_2020_the_jordan_river_flume_in_sooke_news_mirror.pdf,The Jordan River flume,Elida Peers,Sooke News Mirror,2022-03-20,,application/pdf,news article,pdf,Hydroelectric; bc hydro; Flume,,/objects/small/peers_2020_the_jordan_river_flume_in_sooke_news_mirror_sm.jpg,/objects/thumbs/peers_2020_the_jordan_river_flume_in_sooke_news_mirror_th.jpg,
times_colonist_1994_hydro_ad,,jrnph1971-present_006,/objects/times_colonist_1994_hydro_ad.pdf,Reviewing operational issues on Vancouver Island - Jordan River,Times Colonist,Times Colonist,1994-06-10,,application/pdf,news article,pdf,Ecological Damage; Recreation; FIshing; Hydroelectric; Dam Risks; bc hydro,,/objects/small/times_colonist_1994_hydro_ad_sm.jpg,/objects/thumbs/times_colonist_1994_hydro_ad_th.jpg,
times_colonist_2001_03_18_43_source_of_victorias_power,,jrnph1971-present_007,/objects/times_colonist_2001_03_18_43_source_of_victorias_power.pdf,The Source of (Victoria's) Power,John Newcomb,Times Colonist,2001-03-18,,application/pdf,news article,pdf,Hydroelectric; bc hydro; Mining; Forestry. Lumner,,/objects/small/times_colonist_2001_03_18_43_source_of_victorias_power_sm.jpg,/objects/thumbs/times_colonist_2001_03_18_43_source_of_victorias_power_th.jpg,
,,,,,,,,,,,,,,/objects/small/_sm.jpg,/objects/thumbs/_th.jpg,
,,newspaper_hydro_1940_1970,,Newspaper: Hydroelectric: 1940-1970,,,,,,record,compound_object,,,/objects/small/fwcp_2011_jordan_river_watershed_plan_final_draft_sm.jpg,/objects/thumbs/fwcp_2011_jordan_river_watershed_plan_final_draft_th.jpg,
alberni_valley_times_mon__aug_18_1969,newspaper_hydro_1940_1970,jrnph1940-69_001,/objects/alberni_valley_times_mon__aug_18_1969.pdf,Jordan RIver Contract Let,Alberni Valley Times,Alberni Valley Times,1969-08-18,,application/pdf,news article,pdf,bc hydro; Hydroelectric; Elliot Dam; Diversion Dam; Tunnel,B.C. Hydro bu awarded the second of two major contract for redevelopment of the Jordan River power project on the southwestern tip of Vancouver Island.,/objects/small/alberni_valley_times_mon__aug_18_1969_sm.jpg,/objects/thumbs/alberni_valley_times_mon__aug_18_1969_th.jpg,
daily_colonist _1969_02_25_massive_blast_opening_tunnel,newspaper_hydro_1940_1970,jrnph1940-69_003,/objects/daily_colonist _1969_02_25_massive_blast_opening_tunnel.pdf,Massive Blast Opening Tunnel,A.H. Murphy ,The Daily Colonist,1969-02-25,,application/pdf,news article,pdf,bc hydro; Hydroelectric; Elliot Dam; Diversion Dam; Tunnel,,/objects/small/daily_colonist _1969_02_25_massive_blast_opening_tunnel_sm.jpg,/objects/thumbs/daily_colonist _1969_02_25_massive_blast_opening_tunnel_th.jpg,
daily_colonist_1968_07_07_pioneers_of_jr_hydro,newspaper_hydro_1940_1970,jrnph1940-69_004,/objects/daily_colonist_1968_07_07_pioneers_of_jr_hydro.pdf,Pioneers of Jordan River Hydro Had Courage to Dream and Dare,Patricia Skowaisa,The Daily Colonist,1968-07-07,,application/pdf,news article,pdf,Settlement; Enterprise; Colonialism; Exploitation; Hydroelectric,"""The Jordan River powerhouse it a record of
vision, enterprise, organisation and engineering -a lasting monument to a handful of men who in the early 1900s realised the potential of an almost entirely unknown mountain stream.""",/objects/small/daily_colonist_1968_07_07_pioneers_of_jr_hydro_sm.jpg,/objects/thumbs/daily_colonist_1968_07_07_pioneers_of_jr_hydro_th.jpg,
daily_colonist_1969_05_11_hydro_project_hums,newspaper_hydro_1940_1970,jrnph1940-69_006,/objects/daily_colonist_1969_05_11_hydro_project_hums.pdf,Hydro Project Hums,Clement Chapple,The Daily Colonist,1969-05-11,,application/pdf,news article,pdf,Mining; Hydroelectric; Settlement; bc hydro,,/objects/small/daily_colonist_1969_05_11_hydro_project_hums_sm.jpg,/objects/thumbs/daily_colonist_1969_05_11_hydro_project_hums_th.jpg,
daily_colonist_november_5_1964_island_to_double_share_of_mainland_power,newspaper_hydro_1940_1970,jrnph1940-69_007,/objects/daily_colonist_november_5_1964_island_to_double_share_of_mainland_power.pdf,Island to Double Share of Mainland Power,Ian Street,The Daily Colonist,1964-11-05,,application/pdf,news article,pdf,Hydroelectric; bc hydro,,/objects/small/daily_colonist_november_5_1964_island_to_double_share_of_mainland_power_sm.jpg,/objects/thumbs/daily_colonist_november_5_1964_island_to_double_share_of_mainland_power_th.jpg,
dc_1968_dams_and_wildlife,newspaper_hydro_1940_1970,jrnph1940-69_008,/objects/dc_1968_dams_and_wildlife.pdf,Dams and Wildlife,Arnold Olson,The Daily Colonist,1968,,application/pdf,news article,pdf,Hydroelectric; bc hydro; Salmon; Fish; Ecosystem,,/objects/small/dc_1968_dams_and_wildlife_sm.jpg,/objects/thumbs/dc_1968_dams_and_wildlife_th.jpg,
dc_1969_new_power_system_underway_jr_enters_forth_boom,newspaper_hydro_1940_1970,jrnph1940-69_012,/objects/dc_1969_new_power_system_underway_jr_enters_forth_boom.pdf,Jordan River Enters Fourth Boom,Harry Young,The Daily Colonist,1969-11-02,,application/pdf,news article,pdf,Logging; Hydroelectric; Tunnel,,/objects/small/dc_1969_new_power_system_underway_jr_enters_forth_boom_sm.jpg,/objects/thumbs/dc_1969_new_power_system_underway_jr_enters_forth_boom_th.jpg,
marriman_1968_impact_of_jr_tailrace_closure_outdoors_columin_in_dc,newspaper_hydro_1940_1970,jrnph1940-69_014,/objects/marriman_1968_impact_of_jr_tailrace_closure_outdoors_columin_in_dc.pdf,Sooke River Showing Growth in Spawning,Aec Merriman,The Daily Colonist,1968-10-27,,application/pdf,news article,pdf,Salmon; Hydroelectric,,/objects/small/marriman_1968_impact_of_jr_tailrace_closure_outdoors_columin_in_dc_sm.jpg,/objects/thumbs/marriman_1968_impact_of_jr_tailrace_closure_outdoors_columin_in_dc_th.jpg,
the_hope_standard_wed_aug_20__1969_,newspaper_hydro_1940_1970,jrnph1940-69_015,/objects/the_hope_standard_wed_aug_20__1969_.pdf,E. Anderson Wins $9.5 Million Job,The Hope Standard,The Hope Standard,1969-08-20,,application/pdf,news article,pdf,Hydroelectric; Dam Construction,,/objects/small/the_hope_standard_wed_aug_20__1969__sm.jpg,/objects/thumbs/the_hope_standard_wed_aug_20__1969__th.jpg,
times_colonist_thu_aug_14_1969_,newspaper_hydro_1940_1970,jrnph1940-69_016,/objects/times_colonist_thu_aug_14_1969_.pdf,Dam Job Awarded For Jordan R. ,Times Colonist,Times Colonist,1969-08-14,,application/pdf,news article,pdf,Hydroelectric; Dam Construction,,/objects/small/times_colonist_thu_aug_14_1969__sm.jpg,/objects/thumbs/times_colonist_thu_aug_14_1969__th.jpg,
vdt_1943_lack_of_rain_threatens_power_shortage,newspaper_hydro_1940_1970,jrnph1940-69_017,/objects/vdt_1943_lack_of_rain_threatens_power_shortage.pdf,Lack of Rain Threatens Power Shortage Here,Victoria Daily Times,Victoria Daily Times,1943-10-08,,application/pdf,news article,pdf,Hydroelectric; Dam: WW2,,/objects/small/vdt_1943_lack_of_rain_threatens_power_shortage_sm.jpg,/objects/thumbs/vdt_1943_lack_of_rain_threatens_power_shortage_th.jpg,
,,,,,,,,,,,,,,,,
,,newspaper_mining_1900_60,,Newspaper: Mining: 1900-1960,,,,,,record,compound_object,,,/objects/small/fwcp_2011_jordan_river_watershed_plan_final_draft_sm.jpg,/objects/thumbs/fwcp_2011_jordan_river_watershed_plan_final_draft_th.jpg,
screen_shot_2022_06-08_at_5_38_17_pm,newspaper_mining_1900_50,jr-np-m-1900-49_001,/objects/screen_shot_2022_06-08_at_5_38_17_pm.png,"Killed, 2 Hurt in Trail Explosion",The Daily News,The Daily News,,,application/pdf,.png,image,Mining; Iron,,/objects/small/screen_shot_2022_06-08_at_5_38_17_pm_sm.jpg,/objects/thumbs/screen_shot_2022_06-08_at_5_38_17_pm_th.jpg,
nelsonday_1903_magnetic_iron_found_in_jr_4_2_3,newspaper_mining_1900_50,jr-np-m-1900-49_002,/objects/nelsonday_1903_magnetic_iron_found_in_jr_4_2_3.pdf,Island Iron Industry,The Daily News,The Daily News,1905-05-03,,application/pdf,pdf,pdf,Mining; Iron,,/objects/small/nelsonday_1903_magnetic_iron_found_in_jr_4_2_3_sm.jpg,/objects/thumbs/nelsonday_1903_magnetic_iron_found_in_jr_4_2_3_th.jpg,
1929_nelsondaily_1_6_gobbro_copper_mine_in_jr_and_large_mill_to_be_built,newspaper_mining_1900_50,jr-np-m-1900-49_003,/objects/1929_nelsondaily_1_6_gobbro_copper_mine_in_jr_and_large_mill_to_be_built.pdf,Tidewater Mines take Option on Gabro Copper,The Daily News,The Daily News,1929-01-21,,application/pdf,pdf,pdf,Mining; Copper,,/objects/small/1929_nelsondaily_1_6_gobbro_copper_mine_in_jr_and_large_mill_to_be_built_sm.jpg,/objects/thumbs/1929_nelsondaily_1_6_gobbro_copper_mine_in_jr_and_large_mill_to_be_built_th.jpg,
1929_nelsondail_little_prospecting_done_but_no_new_ore_foudn,newspaper_mining_1900_50,jr-np-m-1900-49_004,/objects/1929_nelsondail_little_prospecting_done_but_no_new_ore_foudn.pdf,Controlled Properties Developed,The Daily News,The Daily News,1929-04-03,,application/pdf,pdf,pdf,Mining; Copper,,/objects/small/1929_nelsondail_little_prospecting_done_but_no_new_ore_foudn_sm.jpg,/objects/thumbs/1929_nelsondail_little_prospecting_done_but_no_new_ore_foudn_th.jpg,
1923_abpost_3_4_resolution_to_build_23_mile_highway_bt_pr_and_jr,newspaper_mining_1900_50,jr-np-m-1900-49_005,/objects/1923_abpost_3_4_resolution_to_build_23_mile_highway_bt_pr_and_jr.pdf,Adopts Many Resolutions at the U.B.C.M. Meeting,The Abbotsford Post,The Abbotsford Post,1923-08-30,,application/pdf,pdf,pdf,Mining,,/objects/small/1923_abpost_3_4_resolution_to_build_23_mile_highway_bt_pr_and_jr_sm.jpg,/objects/thumbs/1923_abpost_3_4_resolution_to_build_23_mile_highway_bt_pr_and_jr_th.jpg,
1922_cranherald_1_1_confirm_cmands_plans_to_build_500_ton_mill_at_sunloch_mine_jr,newspaper_mining_1900_50,jr-np-m-1900-49_006,/objects/1922_cranherald_1_1_confirm_cmands_plans_to_build_500_ton_mill_at_sunloch_mine_jr.pdf,Says Mining in B.C. Will Revive,E. A. Haggen,The Cranbrook Herald,1922-01-05,,application/pdf,pdf,pdf,Mining; Mill,,/objects/small/1922_cranherald_1_1_confirm_cmands_plans_to_build_500_ton_mill_at_sunloch_mine_jr_sm.jpg,/objects/thumbs/1922_cranherald_1_1_confirm_cmands_plans_to_build_500_ton_mill_at_sunloch_mine_jr_th.jpg,
1920nelsondaily_6_5_controlling_interest_of_sunloch_and_ok_ore_found_that_would_need_a_processing_machine_500_tonnes_to_extract,newspaper_mining_1900_50,jr-np-m-1900-49_007,/objects/1920nelsondaily_6_5_controlling_interest_of_sunloch_and_ok_ore_found_that_would_need_a_processing_machine_500_tonnes_to_extract.pdf,Controlled Properties,The Daily News,The Daily News,1920-04-23,,application/pdf,pdf,pdf,Mining; Copper; Sunloch Mines Ltd.; Development; Acquisition,,/objects/small/1920nelsondaily_6_5_controlling_interest_of_sunloch_and_ok_ore_found_that_would_need_a_processing_machine_500_tonnes_to_extract_sm.jpg,/objects/thumbs/1920nelsondaily_6_5_controlling_interest_of_sunloch_and_ok_ore_found_that_would_need_a_processing_machine_500_tonnes_to_extract_th.jpg,
1920_ledge_1_5_sunlock_consolidated_with_mining_and_smelting_company_of_trail,newspaper_mining_1900_50,jr-np-m-1900-49_008,/objects/1920_ledge_1_5_sunlock_consolidated_with_mining_and_smelting_company_of_trail.pdf,Mining News,The Ledge,The Ledge,1920-01-22,,application/pdf,pdf,pdf,Mining; Acquisition; Sunloch Mines Ltd.; Consolidated Mining and Smelting Company,,/objects/small/1920_ledge_1_5_sunlock_consolidated_with_mining_and_smelting_company_of_trail_sm.jpg,/objects/thumbs/1920_ledge_1_5_sunlock_consolidated_with_mining_and_smelting_company_of_trail_th.jpg,
1920_lede_4_2_new_smelter_to_be_built_on_vi_to_support_two_mines_one_jr_sunloch,newspaper_mining_1900_50,jr-np-m-1900-49_009,/objects/1920_lede_4_2_new_smelter_to_be_built_on_vi_to_support_two_mines_one_jr_sunloch.pdf,Mining News,The Ledge,The Ledge,1920-07-28,,application/pdf,pdf,pdf,Mining; Shiping; Tacoma,,/objects/small/1920_lede_4_2_new_smelter_to_be_built_on_vi_to_support_two_mines_one_jr_sunloch_sm.jpg,/objects/thumbs/1920_lede_4_2_new_smelter_to_be_built_on_vi_to_support_two_mines_one_jr_sunloch_th.jpg,
1920_dailycolonist_62y192uvic_0012_jordan_river_copper_mines_make_progress,newspaper_mining_1900_50,jr-np-m-1900-49_010,/objects/1920_dailycolonist_62y192uvic_0012_jordan_river_copper_mines_make_progress.jpg,Jordan River Copper Mines Make Progress,Daily Colonist,Daily Colonist,1920-07-28,,application/pdf,pdf,pdf,Mining; Smelting; Prospecting,Entry of Consolidated Company on Island Would Give Impetus to Development,/objects/small/1920_dailycolonist_62y192uvic_0012_jordan_river_copper_mines_make_progress_sm.jpg,/objects/thumbs/1920_dailycolonist_62y192uvic_0012_jordan_river_copper_mines_make_progress_th.jpg,
1920_cumberland_2_4_cmands_seriously_interested_in_building_a_smelter_in_jr,newspaper_mining_1900_50,jr-np-m-1900-49_011,/objects/1920_cumberland_2_4_cmands_seriously_interested_in_building_a_smelter_in_jr.pdf,Another Smelter for the Island,The Cumberland Islander,The Cumberland Islander,1920-06-12,,application/pdf,pdf,pdf,Mining; Sunloch Mines Ltd.;,,/objects/small/1920_cumberland_2_4_cmands_seriously_interested_in_building_a_smelter_in_jr_sm.jpg,/objects/thumbs/1920_cumberland_2_4_cmands_seriously_interested_in_building_a_smelter_in_jr_th.jpg,
1919_ledge_1_6_sunloch_mines_diamond_drilling_rh_stewart_of_vancouver_formerly_trail_in_charge,newspaper_mining_1900_50,jr-np-m-1900-49_012,/objects/1919_ledge_1_6_sunloch_mines_diamond_drilling_rh_stewart_of_vancouver_formerly_trail_in_charge.pdf,B. C. Mines,The Ledge,The Ledge,1919-01-02,,application/pdf,pdf,pdf,Mining,,/objects/small/1919_ledge_1_6_sunloch_mines_diamond_drilling_rh_stewart_of_vancouver_formerly_trail_in_charge_sm.jpg,/objects/thumbs/1919_ledge_1_6_sunloch_mines_diamond_drilling_rh_stewart_of_vancouver_formerly_trail_in_charge_th.jpg,
1918_xbcrecord_2_3_sunlock_mines_up_and_running_and_doing_well,newspaper_mining_1900_50,jr-np-m-1900-49_013,/objects/1918_xbcrecord_2_3_sunlock_mines_up_and_running_and_doing_well.pdf,Minging News,British Columbia Record,British Columbia Record,1918-07-19,,application/pdf,pdf,pdf,Mining; Operating,,/objects/small/1918_xbcrecord_2_3_sunlock_mines_up_and_running_and_doing_well_sm.jpg,/objects/thumbs/1918_xbcrecord_2_3_sunlock_mines_up_and_running_and_doing_well_th.jpg,
1918_ledge_1_6_ore_shipped_from_jr_to_tacoma_or_ladysmith_as_much_as_3_copper,newspaper_mining_1900_50,jr-np-m-1900-49_014,/objects/1918_ledge_1_6_ore_shipped_from_jr_to_tacoma_or_ladysmith_as_much_as_3_copper.pdf,B. C. Mining News,The Ledge,The Ledge,1918-08-01,,application/pdf,pdf,pdf,Mining; Shipping,,/objects/small/1918_ledge_1_6_ore_shipped_from_jr_to_tacoma_or_ladysmith_as_much_as_3_copper_sm.jpg,/objects/thumbs/1918_ledge_1_6_ore_shipped_from_jr_to_tacoma_or_ladysmith_as_much_as_3_copper_th.jpg,
1916_ledge_1_5_copper_discovered_in_jordan_river,newspaper_mining_1900_50,jr-np-m-1900-49_016,/objects/1916_ledge_1_5_copper_discovered_in_jordan_river.pdf,B. C. Mines,The Ledge,The Ledge,1916-07-20,,application/pdf,pdf,pdf,Mining; Copper; Discovery,,/objects/small/1916_ledge_1_5_copper_discovered_in_jordan_river_sm.jpg,/objects/thumbs/1916_ledge_1_5_copper_discovered_in_jordan_river_th.jpg,
1915_nelsondaily_4_4_history_of_gold_exploration_sooke_to_jr_1864,newspaper_mining_1900_50,jr-np-m-1900-49_017,/objects/1915_nelsondaily_4_4_history_of_gold_exploration_sooke_to_jr_1864.pdf,Sought Mines Near Victoria Back in '64,The Daily News,The Daily News,1915-09-10,,application/pdf,pdf,pdf,Mining; Gold; Discovery,,/objects/small/1915_nelsondaily_4_4_history_of_gold_exploration_sooke_to_jr_1864_sm.jpg,/objects/thumbs/1915_nelsondaily_4_4_history_of_gold_exploration_sooke_to_jr_1864_th.jpg,
1911_mineca_1_2_8_foot_vein_of_athracite_coal_discover_jr,newspaper_mining_1900_50,jr-np-m-1900-49_018,/objects/1911_mineca_1_2_8_foot_vein_of_athracite_coal_discover_jr.pdf,Eight Feet of Anthracite,The Omineca Herald,The Omineca Herald,1911-08-5,,application/pdf,pdf,pdf,Mining; Anthracite,,/objects/small/1911_mineca_1_2_8_foot_vein_of_athracite_coal_discover_jr_sm.jpg,/objects/thumbs/1911_mineca_1_2_8_foot_vein_of_athracite_coal_discover_jr_th.jpg,
sunro_august_17_1956_large_copper_mining_development_being_carrieson_in_the_moncton_transcript_1956_08_17_4,newspaper_mining_1900_50,jr-np-m-1950-59_001,/objects/sunro_august_17_1956_large_copper_mining_development_being_carrieson_in_the_moncton_transcript_1956_08_17_4.pdf,Large Copper Mining Being Carried on in B.C. ,Bruce Levett,The Moncton Transcript,1965-08-17,,application/pdf,pdf,pdf,Mining; Copper; ,,/objects/small/sunro_august_17_1956_large_copper_mining_development_being_carrieson_in_the_moncton_transcript_1956_08_17_4_sm.jpg,/objects/thumbs/sunro_august_17_1956_large_copper_mining_development_being_carrieson_in_the_moncton_transcript_1956_08_17_4_th.jpg,
sunro_february_6_1959_japanese_backing_edmonton_journal,newspaper_mining_1900_50,jr-np-m-1950-59_002,/objects/sunro_february_6_1959_japanese_backing_edmonton_journal.pdf,Japanese Backing,Edmonton Journal,Edmonton Journal,1959-02-06,,application/pdf,pdf,pdf,Mining; Copper; Cowichan; Japanese Investment,,/objects/small/sunro_february_6_1959_japanese_backing_edmonton_journal_sm.jpg,/objects/thumbs/sunro_february_6_1959_japanese_backing_edmonton_journal_th.jpg,
sunro_october_4_1956_mine_projects_at_jordan_river_to_be_launched_nanaimo_daily_news,newspaper_mining_1900_50,jr-np-m-1950-59_003,/objects/sunro_october_4_1956_mine_projects_at_jordan_river_to_be_launched_nanaimo_daily_news.pdf,Mine Project at the Jordan River to Be Launched,Nanaimo Daily News,Nanaimo Daily News,1956-10-04,,application/pdf,pdf,pdf,Mining; Copper; Sunro,,/objects/small/sunro_october_4_1956_mine_projects_at_jordan_river_to_be_launched_nanaimo_daily_news_sm.jpg,/objects/thumbs/sunro_october_4_1956_mine_projects_at_jordan_river_to_be_launched_nanaimo_daily_news_th.jpg,
,,,,,,,,,,,,,,,,
,,newspaper_mining_19060_70,,Newspaper: Mining: 1960-1970,,,,,,record,compound_object,,,/objects/small/fwcp_2011_jordan_river_watershed_plan_final_draft_sm.jpg,/objects/thumbs/fwcp_2011_jordan_river_watershed_plan_final_draft_th.jpg,
1962_07_28_0005_daily_colonist_islander_never_gave_up_jordan_river_mill_buried_with_mine,newspaper_mining_19060_70,jr-np-m-1960-69_001,/objects/1962_07_28_0005_daily_colonist_islander_never_gave_up_jordan_river_mill_buried_with_mine.pdf,Jordan River Mill Buried with Mine,Harry Young,Daily Colonist,1962-07-28,,application/pdf,pdf,pdf,Mining; Copper; Milling; Labor,,/objects/small/1962_07_28_0005_daily_colonist_islander_never_gave_up_jordan_river_mill_buried_with_mine_sm.jpg,/objects/thumbs/1962_07_28_0005_daily_colonist_islander_never_gave_up_jordan_river_mill_buried_with_mine_th.jpg,
1963_12_07_0034_daily_colonist_river_bed_collapses_mine_closed,newspaper_mining_19060_70,jr-np-m-1960-69_002,/objects/1963_12_07_0034_daily_colonist_river_bed_collapses_mine_closed.jpg,"River Bed Collapses, Mine Closes",Harry Young,Daily Colonist,1963-12-07,,application/pdf,jpg,image,Mine Collapse; Mining; Copper,,/objects/small/1963_12_07_0034_daily_colonist_river_bed_collapses_mine_closed_sm.jpg,/objects/thumbs/1963_12_07_0034_daily_colonist_river_bed_collapses_mine_closed_th.jpg,
1964_01_09_0038_daily_colonist_maverick_river_adds_to_island_mine_woe,newspaper_mining_19060_70,jr-np-m-1960-69_003,/objects/1964_01_09_0038_daily_colonist_maverick_river_adds_to_island_mine_woe.jpg,Maverick River Adds to Island Mine Woe,Daily Colonist,Daily Colonist,1964-01-09,,application/pdf,jpg,image,Mine Collapse; Mining; Copper,,/objects/small/1964_01_09_0038_daily_colonist_maverick_river_adds_to_island_mine_woe_sm.jpg,/objects/thumbs/1964_01_09_0038_daily_colonist_maverick_river_adds_to_island_mine_woe_th.jpg,
1967_04_18_0008_daily_colonist_macdonald_report_to_share_holders,newspaper_mining_19060_70,jr-np-m-1960-69_004,/objects/1967_04_18_0008_daily_colonist_macdonald_report_to_share_holders.jpg,MacDonald Report to Shareholders,Harry Young,Daily Colonist,1967-04-18,,application/pdf,jpg,image,Mine Reactivation; Cowichan; Mining; Copper,,/objects/small/1967_04_18_0008_daily_colonist_macdonald_report_to_share_holders_sm.jpg,/objects/thumbs/1967_04_18_0008_daily_colonist_macdonald_report_to_share_holders_th.jpg,
1968_12_04_0049_daily_colonist_multi_million_bid_wins_jordan_job_bc_hydro_tunnel,newspaper_mining_19060_70,jr-np-m-1960-69_005,/objects/1968_12_04_0049_daily_colonist_multi_million_bid_wins_jordan_job_bc_hydro_tunnel.jpg,B.C. Hydro Tunnel: Multi-Million Bid Wins Jordan Job,A. H. Murphy ,Daily Colonist,1968-12-04,,application/pdf,jpg,image,Hydroelectric; Construction Contract; Power Generation,,/objects/small/1968_12_04_0049_daily_colonist_multi_million_bid_wins_jordan_job_bc_hydro_tunnel_sm.jpg,/objects/thumbs/1968_12_04_0049_daily_colonist_multi_million_bid_wins_jordan_job_bc_hydro_tunnel_th.jpg,
1969_01_18_0008_daily_colonist_cowichan_copper_delisted_mine_story_ending,newspaper_mining_19060_70,jr-np-m-1960-69_006,/objects/1969_01_18_0008_daily_colonist_cowichan_copper_delisted_mine_story_ending.jpg,Cowichan Copper Delisted: Mine Story Ending,Harry Young,Daily Colonist,1969-01-18,,application/pdf,jpg,image,Mining; Copper; Stock Exchange,,/objects/small/1969_01_18_0008_daily_colonist_cowichan_copper_delisted_mine_story_ending_sm.jpg,/objects/thumbs/1969_01_18_0008_daily_colonist_cowichan_copper_delisted_mine_story_ending_th.jpg,
sunro_august_16_1963_cowichan_liabilities_top_assets_the_province_1963_08_16_14,newspaper_mining_19060_70,jr-np-m-1960-69_007,/objects/sunro_august_16_1963_cowichan_liabilities_top_assets_the_province_1963_08_16_14.pdf,Cowichan Liabilities To Assets,The Province,The Province,1963-08-16,,application/pdf,pdf,pdf,Mining; Copper; Liabilities; Financials,,/objects/small/sunro_august_16_1963_cowichan_liabilities_top_assets_the_province_1963_08_16_14_sm.jpg,/objects/thumbs/sunro_august_16_1963_cowichan_liabilities_top_assets_the_province_1963_08_16_14_th.jpg,
 sunro_august_19_1969_listing_may_reopen_jordan_river_mine_times_colonist_1969_08_19_2,newspaper_mining_19060_70,jr-np-m-1960-69_008,/objects/ sunro_august_19_1969_listing_may_reopen_jordan_river_mine_times_colonist_1969_08_19_2.pdf,Listing May Reopen Jordan River Mine,Times Colonist,Times Colonist,1969-08-19,,application/pdf,pdf,pdf,Mining; Reopening; Production,,/objects/small/ sunro_august_19_1969_listing_may_reopen_jordan_river_mine_times_colonist_1969_08_19_2_sm.jpg,/objects/thumbs/ sunro_august_19_1969_listing_may_reopen_jordan_river_mine_times_colonist_1969_08_19_2_th.jpg,
sunro_december_7_1963_victoria_daily_times_heavy_rain_to_delay_flooded_mine_repair,newspaper_mining_19060_70,jr-np-m-1960-69_009,/objects/sunro_december_7_1963_victoria_daily_times_heavy_rain_to_delay_flooded_mine_repair.pdf,Heavy Rain to Delay Flooded Mine Repair,Victoria Daily Times,Victoria Daily Times,1963-12-07,,application/pdf,pdf,pdf,Mine Collapse; Mining; Mine Repair ,,/objects/small/sunro_december_7_1963_victoria_daily_times_heavy_rain_to_delay_flooded_mine_repair_sm.jpg,/objects/thumbs/sunro_december_7_1963_victoria_daily_times_heavy_rain_to_delay_flooded_mine_repair_th.jpg,
sunro_december_9_1963_flood_may_keep_mine_close_indefinte_period_the_province_1963_12_09_22,newspaper_mining_19060_70,jr-np-m-1960-69_010,/objects/sunro_december_9_1963_flood_may_keep_mine_close_indefinte_period_the_province_1963_12_09_22.pdf,Flood may keep mine closed indefinite period,Canadian Press,The Province,1963-12-09,,application/pdf,pdf,pdf,Mine Collapse; Mining; Mine Repair ,,/objects/small/sunro_december_9_1963_flood_may_keep_mine_close_indefinte_period_the_province_1963_12_09_22_sm.jpg,/objects/thumbs/sunro_december_9_1963_flood_may_keep_mine_close_indefinte_period_the_province_1963_12_09_22_th.jpg,
sunro_december_13_1963_victoria_daily_times_mine_pollution_in_jr,newspaper_mining_19060_70,jr-np-m-1960-69_012,/objects/sunro_december_13_1963_victoria_daily_times_mine_pollution_in_jr.pdf,Outdoors,Alec Merriman,Daily Colonist,1963-12-13,,application/pdf,pdf,pdf,Mine Collapse; Mining; Fishing; Salmon; Conservation,,/objects/small/sunro_december_13_1963_victoria_daily_times_mine_pollution_in_jr_sm.jpg,/objects/thumbs/sunro_december_13_1963_victoria_daily_times_mine_pollution_in_jr_th.jpg,
sunro_december_1963_times_colonist_photo_old_man_river_on_rampage,newspaper_mining_19060_70,jr-np-m-1960-69_013,/objects/sunro_december_1963_times_colonist_photo_old_man_river_on_rampage.pdf,Old Man River on Rampage,Times Colonist,Times Colonist,1963-12,,application/pdf,pdf,pdf,Mine Collapse; Mining,,/objects/small/sunro_december_1963_times_colonist_photo_old_man_river_on_rampage_sm.jpg,/objects/thumbs/sunro_december_1963_times_colonist_photo_old_man_river_on_rampage_th.jpg,
sunro_february_7_1966_plenty_of_water_but_no_hazard_times_colonist_1966_02_07_3,newspaper_mining_19060_70,jr-np-m-1960-69_014,/objects/sunro_february_7_1966_plenty_of_water_but_no_hazard_times_colonist_1966_02_07_3.pdf,Plenty of Water 'But No Hazard' ,AB Kent,Times Colonist,1966-02-07,,application/pdf,pdf,pdf,Mine Collapse; Mining,,/objects/small/sunro_february_7_1966_plenty_of_water_but_no_hazard_times_colonist_1966_02_07_3_sm.jpg,/objects/thumbs/sunro_february_7_1966_plenty_of_water_but_no_hazard_times_colonist_1966_02_07_3_th.jpg,
sunro_january_7_1964_dam_burst_and_flooding_victoria_daily_times,newspaper_mining_19060_70,jr-np-m-1960-69_015,/objects/sunro_january_7_1964_dam_burst_and_flooding_victoria_daily_times.pdf,Dam Bursting/Flooding,Victoria Daily Times,Victoria Daily Times,1964-01-08,,application/pdf,pdf,pdf,Mine Collapse; Mining; Mine Repair; Landslide; Concrete Plugs,,/objects/small/sunro_january_7_1964_dam_burst_and_flooding_victoria_daily_times_sm.jpg,/objects/thumbs/sunro_january_7_1964_dam_burst_and_flooding_victoria_daily_times_th.jpg,
sunro_january_8_1964_flood_menaces_logging_tow_times_colonist_1964_01_08_17,newspaper_mining_19060_70,jr-np-m-1960-69_016,/objects/sunro_january_8_1964_flood_menaces_logging_tow_times_colonist_1964_01_08_17.pdf,Flood Menaces Logging Town,AB Kent,Victoria Daily Times,1964-01-08,,application/pdf,pdf,pdf,Mine Collapse; Mining; Mine Repair; Landslide; Concrete Plugs,,/objects/small/sunro_january_8_1964_flood_menaces_logging_tow_times_colonist_1964_01_08_17_sm.jpg,/objects/thumbs/sunro_january_8_1964_flood_menaces_logging_tow_times_colonist_1964_01_08_17_th.jpg,
sunro_january_9_1964_times_colonist_jordan_river_flood_threat_lessens,newspaper_mining_19060_70,jr-np-m-1960-69_018,/objects/sunro_january_9_1964_times_colonist_jordan_river_flood_threat_lessens.pdf,Jordan River Flood Threat Lessening,Times Colonist,Times Colonist,1964-01-09,,application/pdf,pdf,pdf,Mine Collapse; Mining; Mine Repair; Landslide; Concrete Plugs,,/objects/small/sunro_january_9_1964_times_colonist_jordan_river_flood_threat_lessens_sm.jpg,/objects/thumbs/sunro_january_9_1964_times_colonist_jordan_river_flood_threat_lessens_th.jpg,
sunro_january_9_1964_times_colonist_maverick_river_adds_to_island_mine_woe,newspaper_mining_19060_70,jr-np-m-1960-69_019,/objects/sunro_january_9_1964_times_colonist_maverick_river_adds_to_island_mine_woe.pdf,Maverick River Adds to Island Mine Woe,Daily Colonist,Daily Colonist,1964-01-09,,application/pdf,pdf,pdf,Mine Collapse; Mining,,/objects/small/sunro_january_9_1964_times_colonist_maverick_river_adds_to_island_mine_woe_sm.jpg,/objects/thumbs/sunro_january_9_1964_times_colonist_maverick_river_adds_to_island_mine_woe_th.jpg,
sunro_january_30_1964_times_colonist_photo_clearing_mouth_of_jordan_river,newspaper_mining_19060_70,jr-np-m-1960-69_020,/objects/sunro_january_30_1964_times_colonist_photo_clearing_mouth_of_jordan_river.pdf,Clearing Mouth of Jordan River,Times Colonist,Times Colonist,1964-01-30,,application/pdf,pdf,pdf,Mine Collapse; Mining,,/objects/small/sunro_january_30_1964_times_colonist_photo_clearing_mouth_of_jordan_river_sm.jpg,/objects/thumbs/sunro_january_30_1964_times_colonist_photo_clearing_mouth_of_jordan_river_th.jpg,
sunro_july_27_1962_canadas_only_underground_ore_mill_opens_the_province_1962_07_27_9,newspaper_mining_19060_70,jr-np-m-1960-69_022,/objects/sunro_july_27_1962_canadas_only_underground_ore_mill_opens_the_province_1962_07_27_9.pdf,Canada's only Underground Ore Mill Opens,The Province ,The Province,1962-07-27,,application/pdf,pdf,pdf,Mine Diagram; Mill; Mill Diagram; Cowichan; Copper,,/objects/small/sunro_july_27_1962_canadas_only_underground_ore_mill_opens_the_province_1962_07_27_9_sm.jpg,/objects/thumbs/sunro_july_27_1962_canadas_only_underground_ore_mill_opens_the_province_1962_07_27_9_th.jpg,
sunro_march_18_1964_province_cowichan_credators_okay_offer,newspaper_mining_19060_70,jr-np-m-1960-69_023,/objects/sunro_march_18_1964_province_cowichan_credators_okay_offer.pdf,Cowichan Creditors Okay Offer,The Province ,The Province,1964-03-18,,application/pdf,pdf,pdf,Financing; Creditors; Cowichan; Loan; Mining;,,/objects/small/sunro_march_18_1964_province_cowichan_credators_okay_offer_sm.jpg,/objects/thumbs/sunro_march_18_1964_province_cowichan_credators_okay_offer_th.jpg,
sunro_march_21_1962_bill_fletcher_report_on_mine_opening_the_vancouver_sun_1962_03_21_25,newspaper_mining_19060_70,jr-np-m-1960-69_024,/objects/sunro_march_21_1962_bill_fletcher_report_on_mine_opening_the_vancouver_sun_1962_03_21_25.pdf,Bill Fletcher on Mine Opening,Bill Fletcher,The Vancouver Sun,1962-03-21,,application/pdf,pdf,pdf,Mill; Power House; Mining;,,/objects/small/sunro_march_21_1962_bill_fletcher_report_on_mine_opening_the_vancouver_sun_1962_03_21_25_sm.jpg,/objects/thumbs/sunro_march_21_1962_bill_fletcher_report_on_mine_opening_the_vancouver_sun_1962_03_21_25_th.jpg,
sunro_may_5_1964_jordan_mine_now_free_of_water_nanaimo_daily_news,newspaper_mining_19060_70,jr-np-m-1960-69_025,/objects/sunro_may_5_1964_jordan_mine_now_free_of_water_nanaimo_daily_news.pdf,Jordan Mine Now Free of Water,Nanaimo Daily News,Nanaimo Daily News,1964-05-05,,application/pdf,pdf,pdf,Mine Collapse; Mining; Mine Repair; Landslide; Concrete Plugs; Water Pumps,,/objects/small/sunro_may_5_1964_jordan_mine_now_free_of_water_nanaimo_daily_news_sm.jpg,/objects/thumbs/sunro_may_5_1964_jordan_mine_now_free_of_water_nanaimo_daily_news_th.jpg,
sunro_may_10_1965_mine_looking_to_future_after_raveges_of_flood_times_colonist_1965_05_10_3,newspaper_mining_19060_70,jr-np-m-1960-69_026,/objects/sunro_may_10_1965_mine_looking_to_future_after_raveges_of_flood_times_colonist_1965_05_10_3.pdf,Water Looking to Future After Ravages of Flood,Jim Hume,Times Colonist,1965-05-10,,application/pdf,pdf,pdf,Mine Collapse; Mining; Mine Repair; Landslide; Concrete Plugs; Water Pumps,,/objects/small/sunro_may_10_1965_mine_looking_to_future_after_raveges_of_flood_times_colonist_1965_05_10_3_sm.jpg,/objects/thumbs/sunro_may_10_1965_mine_looking_to_future_after_raveges_of_flood_times_colonist_1965_05_10_3_th.jpg,
sunro_mine_february_22_1963_cowichan_raises_ore_and_income_the_vancouver_sun_1963_02_22_23,newspaper_mining_19060_70,jr-np-m-1960-69_027,/objects/sunro_mine_february_22_1963_cowichan_raises_ore_and_income_the_vancouver_sun_1963_02_22_23.pdf,Cowichan Raises Ore - and Income,The Vancouver Sun,The Vancouver Sun,1963-02-22,,application/pdf,pdf,pdf,Japan; Cowichan; Copper; Mill,,/objects/small/sunro_mine_february_22_1963_cowichan_raises_ore_and_income_the_vancouver_sun_1963_02_22_23_sm.jpg,/objects/thumbs/sunro_mine_february_22_1963_cowichan_raises_ore_and_income_the_vancouver_sun_1963_02_22_23_th.jpg,
sunro_november_10_1966_vancouver_sun_creditors_accept_new_deal,newspaper_mining_19060_70,jr-np-m-1960-69_028,/objects/sunro_november_10_1966_vancouver_sun_creditors_accept_new_deal.pdf,Creditors Accept New Deal,The Vancouver Sun,The Vancouver Sun,1966-11-10,,application/pdf,pdf,pdf,Debts; Investments; Sunro; Mercantile Bank of Canada;  Mining;,,/objects/small/sunro_november_10_1966_vancouver_sun_creditors_accept_new_deal_sm.jpg,/objects/thumbs/sunro_november_10_1966_vancouver_sun_creditors_accept_new_deal_th.jpg,
sunro_november_16_1966_wage_judgement_in_hands_of_sheriff_times_colonist,newspaper_mining_19060_70,jr-np-m-1960-69_029,/objects/sunro_november_16_1966_wage_judgement_in_hands_of_sheriff_times_colonist.pdf,Wage Judgement in Hands of Sheriff,Times Colonist,Times Colonist,1966-11-16,,application/pdf,pdf,pdf,Labor; Aetna; Cowichan; Wages; Mining;,,/objects/small/sunro_november_16_1966_wage_judgement_in_hands_of_sheriff_times_colonist_sm.jpg,/objects/thumbs/sunro_november_16_1966_wage_judgement_in_hands_of_sheriff_times_colonist_th.jpg,
sunro_november_22_1961_cowichan_to_ship_copper_to_japanese_the_vancouver_sun_1961_11_22_24,newspaper_mining_19060_70,jr-np-m-1960-69_030,/objects/sunro_november_22_1961_cowichan_to_ship_copper_to_japanese_the_vancouver_sun_1961_11_22_24.pdf,Cowichan to Ship Copper to Japanese,The Vancouver Sun,The Vancouver Sun,1961-11-22,,application/pdf,pdf,pdf,Japan; Cowichan; Copper; Mill; Mining;,,/objects/small/sunro_november_22_1961_cowichan_to_ship_copper_to_japanese_the_vancouver_sun_1961_11_22_24_sm.jpg,/objects/thumbs/sunro_november_22_1961_cowichan_to_ship_copper_to_japanese_the_vancouver_sun_1961_11_22_24_th.jpg,
sunro_november_22_1961_sunro_copper_shipment_to_japan_set_for_march_times_colonist_1961_11_22_2,newspaper_mining_19060_70,jr-np-m-1960-69_031,/objects/sunro_november_22_1961_sunro_copper_shipment_to_japan_set_for_march_times_colonist_1961_11_22_2.pdf,Sunro Copper Shipment to Japan Set for March ,Gordon Bell,Times Colonist,1961-11-22,,application/pdf,pdf,pdf, Mining; Japan; Cowichan; Copper; Mill,,/objects/small/sunro_november_22_1961_sunro_copper_shipment_to_japan_set_for_march_times_colonist_1961_11_22_2_sm.jpg,/objects/thumbs/sunro_november_22_1961_sunro_copper_shipment_to_japan_set_for_march_times_colonist_1961_11_22_2_th.jpg,
sunro_october_24_1969_reopening_of_copper_min_at_jordan_river_planned_times_colonist_1969_10_24_11,newspaper_mining_19060_70,jr-np-m-1960-69_032,/objects/sunro_october_24_1969_reopening_of_copper_min_at_jordan_river_planned_times_colonist_1969_10_24_11.pdf,Reopening of Copper Mine at Jordan River Planned,Times Colonist,Times Colonist,1969-10-24,,application/pdf,pdf,pdf,Mine Reopening; Financing; Mining;,,/objects/small/sunro_october_24_1969_reopening_of_copper_min_at_jordan_river_planned_times_colonist_1969_10_24_11_sm.jpg,/objects/thumbs/sunro_october_24_1969_reopening_of_copper_min_at_jordan_river_planned_times_colonist_1969_10_24_11_th.jpg,
sunro_september_3_1968_court_sets_cowichan_copper_date_the_vancouver_sun_1968_09_03_28,newspaper_mining_19060_70,jr-np-m-1960-69_033,/objects/sunro_september_3_1968_court_sets_cowichan_copper_date_the_vancouver_sun_1968_09_03_28.pdf,Court Sets Cowichan Copper Date,The Vancouver Sun,The Vancouver Sun,1968-09-03,,application/pdf,pdf,pdf,Legal Action; Court; Cowichan; Mining;,,/objects/small/sunro_september_3_1968_court_sets_cowichan_copper_date_the_vancouver_sun_1968_09_03_28_sm.jpg,/objects/thumbs/sunro_september_3_1968_court_sets_cowichan_copper_date_the_vancouver_sun_1968_09_03_28_th.jpg,
sunro_september_9_1968_macdonald_loses_cowichan_control_the_vancouver_sun_1968_09_09_25,newspaper_mining_19060_70,jr-np-m-1960-69_034,/objects/sunro_september_9_1968_macdonald_loses_cowichan_control_the_vancouver_sun_1968_09_09_25.pdf,MacDonald Loses Cowichan Control,The Vancouver Sun,The Vancouver Sun,1968-09-09,,application/pdf,pdf,pdf,Mine Ownership; Mining; Rosewood MacDonald; Edward Dobell,,/objects/small/sunro_september_9_1968_macdonald_loses_cowichan_control_the_vancouver_sun_1968_09_09_25_sm.jpg,/objects/thumbs/sunro_september_9_1968_macdonald_loses_cowichan_control_the_vancouver_sun_1968_09_09_25_th.jpg,
sunro_september_10_1966_share_offering_times_colonist_1966_09_10_11,newspaper_mining_19060_70,jr-np-m-1960-69_035,/objects/sunro_september_10_1966_share_offering_times_colonist_1966_09_10_11.pdf,Macsan Explorations LTD. ,Times Colonist,Times Colonist,1966-09-10,,application/pdf,pdf,pdf,Ore Belt; Ownership; Geology; Copper; Mining,,/objects/small/sunro_september_10_1966_share_offering_times_colonist_1966_09_10_11_sm.jpg,/objects/thumbs/sunro_september_10_1966_share_offering_times_colonist_1966_09_10_11_th.jpg,
sunro_september_14_1966_aetna_shuts_off_funds_to_cowichans_sunro_mine_the_vancouver_sun_1966_09_14_26,newspaper_mining_19060_70,jr-np-m-1960-69_036,/objects/sunro_september_14_1966_aetna_shuts_off_funds_to_cowichans_sunro_mine_the_vancouver_sun_1966_09_14_26.pdf,Aetna Shuts off Funds to Cowichan Sunro Mine,Michael Cobb,The Vancouver Sun,1966-09-14,,application/pdf,pdf,pdf,Share Price; Mining; Sunro; Cowichan; Copper; Mining; Flooding; Mine Collapse,,/objects/small/sunro_september_14_1966_aetna_shuts_off_funds_to_cowichans_sunro_mine_the_vancouver_sun_1966_09_14_26_sm.jpg,/objects/thumbs/sunro_september_14_1966_aetna_shuts_off_funds_to_cowichans_sunro_mine_the_vancouver_sun_1966_09_14_26_th.jpg,
the_province_1961_07_03_17,newspaper_mining_19060_70,jr-np-m-1960-69_037,/objects/the_province_1961_07_03_17.pdf,Mining News: Cowichan,The Province ,The Province,,,application/pdf,pdf,pdf,mining; Mill; Orebodies,,/objects/small/the_province_1961_07_03_17_sm.jpg,/objects/thumbs/the_province_1961_07_03_17_th.jpg,
,,,,,,,,,,,,,,,,
,,newspaper_mining_1970_80,,Newspaper: Mining: 1970-1980,,,,,,record,compound_object,,,/objects/small/fwcp_2011_jordan_river_watershed_plan_final_draft_sm.jpg,/objects/thumbs/fwcp_2011_jordan_river_watershed_plan_final_draft_th.jpg,
1971_03_03_0016,newspaper_mining_1970_80,jr-np-m-1970-80_001,/objects/1971_03_03_0016.jpg,Mine Effluent Ecological Damage,Alec Merriman,Daily Colonist,1971-03-03,,image,jpg,image,Beach; Ecological Damage; Mining; Effluent; Hydroelectric; Salmon; Spawning,,/objects/small/1971_03_03_0016_sm.jpg,/objects/thumbs/1971_03_03_0016_th.jpg,
1971_03_16_0029,newspaper_mining_1970_80,jr-np-m-1970-80_002,/objects/1971_03_16_0029.jpg,Application for a Permit Under the Pollution Control Act,Daily Colonist,Daily Colonist,1971-03-16,,image,jpg,image,Pollution Control; Mining; Discharge; Sunro;,,/objects/small/1971_03_16_0029_sm.jpg,/objects/thumbs/1971_03_16_0029_th.jpg,
1971_06_27_0012,newspaper_mining_1970_80,jr-np-m-1970-80_003,/objects/1971_06_27_0012.jpg,Fisheries Tests Answer Objections,Daily Colonist,Daily Colonist,1971-06-27,,image,jpg,image,Waste Disposal; Pollution Control; Mining; Copper; Tailings,,/objects/small/1971_06_27_0012_sm.jpg,/objects/thumbs/1971_06_27_0012_th.jpg,
1973_03_02_0016,newspaper_mining_1970_80,jr-np-m-1970-80_004,/objects/1973_03_02_0016.jpg,Mine on Trial for Polluting,Daily Colonist,Daily Colonist,1973-03-02,,image,jpg,image,Trial; Pollution; Fishing; Salmon; Effluent; Mining,,/objects/small/1973_03_02_0016_sm.jpg,/objects/thumbs/1973_03_02_0016_th.jpg,
1974_06_23_0025,newspaper_mining_1970_80,jr-np-m-1970-80_005,/objects/1974_06_23_0025.jpg,Progress Report Dison International LTD.,Daily Colonist,Daily Colonist,1974-06-23,,image,jpg,image,Mining; Directors Meeting,,/objects/small/1974_06_23_0025_sm.jpg,/objects/thumbs/1974_06_23_0025_th.jpg,
1974_12_06_0019_2,newspaper_mining_1970_80,jr-np-m-1970-80_006,/objects/1974_12_06_0019_2.jpg,Jordan River: Bumps in Stride,Daily Colonist,Daily Colonist,1974-12-06,,image,jpg,image,Mine Closure; Logging; Labor; Logging Closure; Mining; Recession,,/objects/small/1974_12_06_0019_2_sm.jpg,/objects/thumbs/1974_12_06_0019_2_th.jpg,
1974_12_06_0050,newspaper_mining_1970_80,jr-np-m-1970-80_007,/objects/1974_12_06_0050.jpg,"Save our Jobs till spring, Jordan Miners Urge B.C. ",Daily Colonist,Daily Colonist,1974-12-06,,image,jpg,image,Mine Closure; Logging; Labor; Logging Closure; Mining; Recession,,/objects/small/1974_12_06_0050_sm.jpg,/objects/thumbs/1974_12_06_0050_th.jpg,
1974_12_14_0046,newspaper_mining_1970_80,jr-np-m-1970-80_008,/objects/1974_12_14_0046.jpg,"Our Battle isn't over, Jordan Miner Asserts",Joe Hume,Daily Colonist,1974-12-14,,image,jpg,image,Mine Closure; Labor; Mining; Recession,,/objects/small/1974_12_14_0046_sm.jpg,/objects/thumbs/1974_12_14_0046_th.jpg,
northern_miner_1973_jordan_river_mill_reaches_capacity,newspaper_mining_1970_80,jr-np-m-1970-80_009,/objects/northern_miner_1973_jordan_river_mill_reaches_capacity.pdf,Jordan River Mines mill Reaches 90% capacity,The Northern Miner,The Northern Miner,1973-12-27,,application/pdf,pdf,pdf,Mining; Geology Section; Development; Tailings; Mineral Deposits; ,,/objects/small/northern_miner_1973_jordan_river_mill_reaches_capacity_sm.jpg,/objects/thumbs/northern_miner_1973_jordan_river_mill_reaches_capacity_th.jpg,
northern_miner_1975_chatham_resources_acquires_property,newspaper_mining_1970_80,jr-np-m-1970-80_010,/objects/northern_miner_1975_chatham_resources_acquires_property.pdf,Chathan Resources Acquired Property,The Northern Miner,The Northern Miner,1975-07-24,,application/pdf,pdf,pdf,Mining; Mineral Deposits; Geology; Ore Production; Property Acquisition,,/objects/small/northern_miner_1975_chatham_resources_acquires_property_sm.jpg,/objects/thumbs/northern_miner_1975_chatham_resources_acquires_property_th.jpg,
sunro_1974_closure_of_mine_costs_63_jobs_daily_colonist,newspaper_mining_1970_80,jr-np-m-1970-80_011,/objects/sunro_1974_closure_of_mine_costs_63_jobs_daily_colonist.pdf,Closure of Mine Costs 63 Jobs at Jordan River,,,1974,,application/pdf,pdf,pdf,Mining; Labor; Mine Closure; ,,/objects/small/sunro_1974_closure_of_mine_costs_63_jobs_daily_colonist_sm.jpg,/objects/thumbs/sunro_1974_closure_of_mine_costs_63_jobs_daily_colonist_th.jpg,
sunro_april_4_1971_victoria_daily_colonist_our_readers_views_in_reply_by_bower_and_lajeunesse,newspaper_mining_1970_80,jr-np-m-1970-80_012,/objects/sunro_april_4_1971_victoria_daily_colonist_our_readers_views_in_reply_by_bower_and_lajeunesse.pdf,In Reply,D.B. Bower and N.D. Lajeunesse,Daily Colonist,1971-04-25,,application/pdf,pdf,pdf,Mining; Beach Pollution; Cowichan; Pollution,,/objects/small/sunro_april_4_1971_victoria_daily_colonist_our_readers_views_in_reply_by_bower_and_lajeunesse_sm.jpg,/objects/thumbs/sunro_april_4_1971_victoria_daily_colonist_our_readers_views_in_reply_by_bower_and_lajeunesse_th.jpg,
sunro_april_5_1971_times_colonist_spec_urges_mine_meeting,newspaper_mining_1970_80,jr-np-m-1970-80_013,/objects/sunro_april_5_1971_times_colonist_spec_urges_mine_meeting.pdf,SPEC Urges Mine Hearing,Times Colonist,Times Colonist,1971-04-05,,application/pdf,pdf,pdf,Mining; Pollution; Hearing,,/objects/small/sunro_april_5_1971_times_colonist_spec_urges_mine_meeting_sm.jpg,/objects/thumbs/sunro_april_5_1971_times_colonist_spec_urges_mine_meeting_th.jpg,
sunro_april_6_1971_province_spec_calls_for_hearing_on_mine_application,newspaper_mining_1970_80,jr-np-m-1970-80_014,/objects/sunro_april_6_1971_province_spec_calls_for_hearing_on_mine_application.pdf,Spec Calls for Hearing on Mine Application,Canadian Press,The Province,1971-04-06,,application/pdf,pdf,pdf,Mining; Pollution; Hearing; Discharge; Recreation; Ecology,,/objects/small/sunro_april_6_1971_province_spec_calls_for_hearing_on_mine_application_sm.jpg,/objects/thumbs/sunro_april_6_1971_province_spec_calls_for_hearing_on_mine_application_th.jpg,
sunro_april_17_1971_mine_dump_hearing_up_in_air_times_colonist_1971_04_17_23,newspaper_mining_1970_80,jr-np-m-1970-80_015,/objects/sunro_april_17_1971_mine_dump_hearing_up_in_air_times_colonist_1971_04_17_23.pdf,Mine Dump Heating Up in Air,Don Vipond,Times Colonist,1971-04-17,,application/pdf,pdf,pdf,Mining; Pollution; Hearing; Discharge; Recreation; Ecology; Protest,,/objects/small/sunro_april_17_1971_mine_dump_hearing_up_in_air_times_colonist_1971_04_17_23_sm.jpg,/objects/thumbs/sunro_april_17_1971_mine_dump_hearing_up_in_air_times_colonist_1971_04_17_23_th.jpg,
sunro_august_10_1971_rigid_controls_police_sunros_strait_dumping_times_colonist_1971_08_10_5,newspaper_mining_1970_80,jr-np-m-1970-80_016,/objects/sunro_august_10_1971_rigid_controls_police_sunros_strait_dumping_times_colonist_1971_08_10_5.pdf,Rigid Controls Police Sunro Strait Dumping,Times Colonist,Times Colonist,1971-08-10,,application/pdf,pdf,pdf,Mining; Pollution Control; Mine Reopening; Pollution Monitoring; Cyanide; Discharge Pipe,,/objects/small/sunro_august_10_1971_rigid_controls_police_sunros_strait_dumping_times_colonist_1971_08_10_5_sm.jpg,/objects/thumbs/sunro_august_10_1971_rigid_controls_police_sunros_strait_dumping_times_colonist_1971_08_10_5_th.jpg,
sunro_august_11_1971_dison_gets_permit_to_dump_effluent_the_vancouver_sun_1971_08_11_38,newspaper_mining_1970_80,jr-np-m-1970-80_017,/objects/sunro_august_11_1971_dison_gets_permit_to_dump_effluent_the_vancouver_sun_1971_08_11_38.pdf,Dison Gets Permit to Dump Effluent,The Vancouver Sun,The Vancouver Sun,1971-08-11,,application/pdf,pdf,pdf,Mining; Pollution Control; Mine Reopening; Pollution Monitoring; Cyanide; Discharge Pipe,,/objects/small/sunro_august_11_1971_dison_gets_permit_to_dump_effluent_the_vancouver_sun_1971_08_11_38_sm.jpg,/objects/thumbs/sunro_august_11_1971_dison_gets_permit_to_dump_effluent_the_vancouver_sun_1971_08_11_38_th.jpg,
sunro_august_11_1971_sunro_to_start_hiring_for_quick_production_times_colonist_1971_08_11_1,newspaper_mining_1970_80,jr-np-m-1970-80_018,/objects/sunro_august_11_1971_sunro_to_start_hiring_for_quick_production_times_colonist_1971_08_11_1.pdf,Sunro to Start Hiring For Quick Production,Times Colonist,Times Colonist,1971-08-11,,application/pdf,pdf,pdf,Mining; Labor; Pollution Control; Pollution Monitoring; Heavy Metals,,/objects/small/sunro_august_11_1971_sunro_to_start_hiring_for_quick_production_times_colonist_1971_08_11_1_sm.jpg,/objects/thumbs/sunro_august_11_1971_sunro_to_start_hiring_for_quick_production_times_colonist_1971_08_11_1_th.jpg,
sunro_august_12_1971_times_colonist_mine_will_reopen,newspaper_mining_1970_80,jr-np-m-1970-80_019,/objects/sunro_august_12_1971_times_colonist_mine_will_reopen.pdf,Mine Will Reopen,Daily Colonist,Daily Colonist,1971-08-12,,application/pdf,pdf,pdf,Mining; Pollution Control; Mine Reopening; Cyanide; Discharge Pipe,,/objects/small/sunro_august_12_1971_times_colonist_mine_will_reopen_sm.jpg,/objects/thumbs/sunro_august_12_1971_times_colonist_mine_will_reopen_th.jpg,
sunro_august_21_1973_george_winkler_man_of_a_passing_race_times_colonist_1973_08_21_17,newspaper_mining_1970_80,jr-np-m-1970-80_020,/objects/sunro_august_21_1973_george_winkler_man_of_a_passing_race_times_colonist_1973_08_21_17.pdf,Man of a Passing Race,AB Kent,Times Colonist,1973-08-21,,application/pdf,pdf,pdf,Mining; Prospecting; Hydroelectric; Settlement; Copper; Iron,,/objects/small/sunro_august_21_1973_george_winkler_man_of_a_passing_race_times_colonist_1973_08_21_17_sm.jpg,/objects/thumbs/sunro_august_21_1973_george_winkler_man_of_a_passing_race_times_colonist_1973_08_21_17_th.jpg,
sunro_august_28_1973_jordan_river_mine_operators_bid_for_svse_reinstatement_times_colonist_1973_08_28_9,newspaper_mining_1970_80,jr-np-m-1970-80_021,/objects/sunro_august_28_1973_jordan_river_mine_operators_bid_for_svse_reinstatement_times_colonist_1973_08_28_9.pdf,Jordan River Mine Operators Bid for VSE Reinstatement,Al Forester,Times Colonist,1973-08-28,,application/pdf,pdf,pdf,Mining; Dison International; Vancouver Stock Exchange; Finance; Hydroelectric,,/objects/small/sunro_august_28_1973_jordan_river_mine_operators_bid_for_svse_reinstatement_times_colonist_1973_08_28_9_sm.jpg,/objects/thumbs/sunro_august_28_1973_jordan_river_mine_operators_bid_for_svse_reinstatement_times_colonist_1973_08_28_9_th.jpg,
sunro_december_14_1973_vancouver_sun_mining_company_fined,newspaper_mining_1970_80,jr-np-m-1970-80_023,/objects/sunro_december_14_1973_vancouver_sun_mining_company_fined.pdf,Mine Company Fined,The Vancouver Sun,The Vancouver Sun,1973-12-14,,application/pdf,pdf,pdf,Mining; FIne; Pollution; Copper Pollution; Tailings; ,,/objects/small/sunro_december_14_1973_vancouver_sun_mining_company_fined_sm.jpg,/objects/thumbs/sunro_december_14_1973_vancouver_sun_mining_company_fined_th.jpg,
sunro_february_22_1974_victorian_george_winkler_discovered_jordan_river_mine,newspaper_mining_1970_80,jr-np-m-1970-80_024,/objects/sunro_february_22_1974_victorian_george_winkler_discovered_jordan_river_mine.pdf,George Winkler discovered Jordan River Mine with a Pickaxe and a Backpack,Patly Pitts,Victorian,1974-02-22,,application/pdf,pdf,pdf,Mining; George Winkler; Prospecting; Settlement; ,,/objects/small/sunro_february_22_1974_victorian_george_winkler_discovered_jordan_river_mine_sm.jpg,/objects/thumbs/sunro_february_22_1974_victorian_george_winkler_discovered_jordan_river_mine_th.jpg,
sunro_january_9_1978_vancouver_sun_spec_seeking_foi_act,newspaper_mining_1970_80,jr-np-m-1970-80_025,/objects/sunro_january_9_1978_vancouver_sun_spec_seeking_foi_act.pdf,SPEC seeking freedom of information act ,The Vancouver Sun,The Vancouver Sun,1978-01-09,,application/pdf,pdf,pdf,Mining; Scientific Pollution and Environmental Control Society,,/objects/small/sunro_january_9_1978_vancouver_sun_spec_seeking_foi_act_sm.jpg,/objects/thumbs/sunro_january_9_1978_vancouver_sun_spec_seeking_foi_act_th.jpg,
sunro_july_5_1971_times_colonist_board_approves_dumping_of_tailings,newspaper_mining_1970_80,jr-np-m-1970-80_026,/objects/sunro_july_5_1971_times_colonist_board_approves_dumping_of_tailings.pdf,Board Approves Dump of Tailings,Times Colonist,Times Colonist,1971-07-05,,application/pdf,pdf,pdf,Mining; Dison Development Ltd.; Tailings; Dumping; Pollution,,/objects/small/sunro_july_5_1971_times_colonist_board_approves_dumping_of_tailings_sm.jpg,/objects/thumbs/sunro_july_5_1971_times_colonist_board_approves_dumping_of_tailings_th.jpg,
sunro_july_7_1971_key_man_advised_to_sit_our_hearings_daily_colonist,newspaper_mining_1970_80,jr-np-m-1970-80_027,/objects/sunro_july_7_1971_key_man_advised_to_sit_our_hearings_daily_colonist.pdf,Key Man Advised to Sit Out Hearings,,,1971-07-07,,application/pdf,pdf,pdf,Mining; William Venables; Food Chain; Pollution; Tailings,,/objects/small/sunro_july_7_1971_key_man_advised_to_sit_our_hearings_daily_colonist_sm.jpg,/objects/thumbs/sunro_july_7_1971_key_man_advised_to_sit_our_hearings_daily_colonist_th.jpg,
sunro_july_9_1971_vancouver_sun_first_clean_the house,newspaper_mining_1970_80,jr-np-m-1970-80_028,/objects/sunro_july_9_1971_vancouver_sun_first_clean_the house.pdf,First Clean the House,The Vancouver Sun,The Vancouver Sun,1971-07-09,,application/pdf,pdf,pdf,Mining; Pollution Permit; Pollution Control,,/objects/small/sunro_july_9_1971_vancouver_sun_first_clean_the house_sm.jpg,/objects/thumbs/sunro_july_9_1971_vancouver_sun_first_clean_the house_th.jpg,
sunro_june_1_1971_mine_dump_bid_refused_times_colonist_1971_06_01_2,newspaper_mining_1970_80,jr-np-m-1970-80_030,/objects/sunro_june_1_1971_mine_dump_bid_refused_times_colonist_1971_06_01_2.pdf,Mine Dump Bid Refused,Dom Vipond,Times Colonist,1971-07-01,,application/pdf,pdf,pdf,Mining; Pollution Permit Rejection; William Venables,,/objects/small/sunro_june_1_1971_mine_dump_bid_refused_times_colonist_1971_06_01_2_sm.jpg,/objects/thumbs/sunro_june_1_1971_mine_dump_bid_refused_times_colonist_1971_06_01_2_th.jpg,
sunro_june_2_1971_island_mine_discharge_disallowed_by_official_the_province,newspaper_mining_1970_80,jr-np-m-1970-80_031,/objects/sunro_june_2_1971_island_mine_discharge_disallowed_by_official_the_province.pdf,Island Mine Discharge Disallowed by Official,The Province,The Province,1971-06-02,,application/pdf,pdf,pdf,Mining; Pollution Permit Rejection; William Venables; Tailings,,/objects/small/sunro_june_2_1971_island_mine_discharge_disallowed_by_official_the_province_sm.jpg,/objects/thumbs/sunro_june_2_1971_island_mine_discharge_disallowed_by_official_the_province_th.jpg,
sunro_june_4_1971_another_side_exists_to_sunro_decision_times_colonist_1971_06_04_21,newspaper_mining_1970_80,jr-np-m-1970-80_032,/objects/sunro_june_4_1971_another_side_exists_to_sunro_decision_times_colonist_1971_06_04_21.pdf,Another Side Exists to Sunro Decision,Dom Vipond,Times Colonist,1971-06-04,,application/pdf,pdf,pdf,Mining; Reopening Mine; Effluent; Pollution Control; Cyanide,,/objects/small/sunro_june_4_1971_another_side_exists_to_sunro_decision_times_colonist_1971_06_04_21_sm.jpg,/objects/thumbs/sunro_june_4_1971_another_side_exists_to_sunro_decision_times_colonist_1971_06_04_21_th.jpg,
sunro_june_8_1971_times_colonist_mine_developers_to_appeal_mine_ruling,newspaper_mining_1970_80,jr-np-m-1970-80_034,/objects/sunro_june_8_1971_times_colonist_mine_developers_to_appeal_mine_ruling.pdf,Developer to Appeal Mine Ruling,Times Colonist,Times Colonist,1971-06-08,,application/pdf,pdf,pdf,Mining; Reopening Mine; Effluent; Pollution Control; Cyanide; Dison Development Ltd. ,,/objects/small/sunro_june_8_1971_times_colonist_mine_developers_to_appeal_mine_ruling_sm.jpg,/objects/thumbs/sunro_june_8_1971_times_colonist_mine_developers_to_appeal_mine_ruling_th.jpg,
sunro_june_9_1971_times_colonist_hearing_set_for_sunro_mine_appeal,newspaper_mining_1970_80,jr-np-m-1970-80_035,/objects/sunro_june_9_1971_times_colonist_hearing_set_for_sunro_mine_appeal.pdf,Hearing Set for June 29 On Sunro Mine Appeal,Times Colonist,Times Colonist,1971-06-09,,application/pdf,pdf,pdf,Mining; Pollution Control Board; William Venables; Tailings,,/objects/small/sunro_june_9_1971_times_colonist_hearing_set_for_sunro_mine_appeal_sm.jpg,/objects/thumbs/sunro_june_9_1971_times_colonist_hearing_set_for_sunro_mine_appeal_th.jpg,
sunro_june_11_1971_150_jogs_waiting_mine_boss_claims_the_vancouver_sun_1971_06_11_29,newspaper_mining_1970_80,jr-np-m-1970-80_036,/objects/sunro_june_11_1971_150_jogs_waiting_mine_boss_claims_the_vancouver_sun_1971_06_11_29.pdf,150 Jobs Waiting Mine Boss Claims ,The Vancouver Sun,The Vancouver Sun,1971-06-11,,application/pdf,pdf,pdf,Mining; Labor; Pollution Control Board; Dison Development Ltd.; Tailings; Copper; Effluent,,/objects/small/sunro_june_11_1971_150_jogs_waiting_mine_boss_claims_the_vancouver_sun_1971_06_11_29_sm.jpg,/objects/thumbs/sunro_june_11_1971_150_jogs_waiting_mine_boss_claims_the_vancouver_sun_1971_06_11_29_th.jpg,
sunro_june_14_1971_your_15500_letters_protesting_pollution_deluged_this-man_the_vancouver_sun_1971_01_14_6,newspaper_mining_1970_80,jr-np-m-1970-80_037,/objects/sunro_june_14_1971_your_15500_letters_protesting_pollution_deluged_this-man_the_vancouver_sun_1971_01_14_6.pdf,,,,,,application/pdf,pdf,pdf,Mining; ,,/objects/small/sunro_june_14_1971_your_15500_letters_protesting_pollution_deluged_this-man_the_vancouver_sun_1971_01_14_6_sm.jpg,/objects/thumbs/sunro_june_14_1971_your_15500_letters_protesting_pollution_deluged_this-man_the_vancouver_sun_1971_01_14_6_th.jpg,
sunro_june_16_1971_times_colonist_petition_seeks_reversal_of_discharge_decision,newspaper_mining_1970_80,jr-np-m-1970-80_038,/objects/sunro_june_16_1971_times_colonist_petition_seeks_reversal_of_discharge_decision.pdf,Petition Seeks Reversal of Discharge Decision,Times Colonist,Times Colonist,1971-06-16,,application/pdf,pdf,pdf,Mining; Fishing; Pollution Management; Conservation; Hearing; Pollution Control Board,,/objects/small/sunro_june_16_1971_times_colonist_petition_seeks_reversal_of_discharge_decision_sm.jpg,/objects/thumbs/sunro_june_16_1971_times_colonist_petition_seeks_reversal_of_discharge_decision_th.jpg,
sunro_march_7_1975_times_colonist_scramble_for_jobs_pays_off_for_29_from_jordan_river,newspaper_mining_1970_80,jr-np-m-1970-80_040,/objects/sunro_march_7_1975_times_colonist_scramble_for_jobs_pays_off_for_29_from_jordan_river.pdf,,,,,,application/pdf,pdf,pdf,Mining; Mining Technique; Wages; George Winkler,,/objects/small/sunro_march_7_1975_times_colonist_scramble_for_jobs_pays_off_for_29_from_jordan_river_sm.jpg,/objects/thumbs/sunro_march_7_1975_times_colonist_scramble_for_jobs_pays_off_for_29_from_jordan_river_th.jpg,
sunro_march_28_1974_rocks_hide_wet_frenzy_the_mine_runs_uphill_victoria_express,newspaper_mining_1970_80,jr-np-m-1970-80_041,/objects/sunro_march_28_1974_rocks_hide_wet_frenzy_the_mine_runs_uphill_victoria_express.pdf,Rock Hides Wet Frenzy ,The Victoria Express,The Victoria Express,1974-03-28,,application/pdf,pdf,pdf,Mining; Mining Technique; Wages; George Winkler,,/objects/small/sunro_march_28_1974_rocks_hide_wet_frenzy_the_mine_runs_uphill_victoria_express_sm.jpg,/objects/thumbs/sunro_march_28_1974_rocks_hide_wet_frenzy_the_mine_runs_uphill_victoria_express_th.jpg,
sunro_may_19_1971_sunro_rebirth_pains_coming_on_strong_times_colonist_1971_05_19_9,newspaper_mining_1970_80,jr-np-m-1970-80_042,/objects/sunro_may_19_1971_sunro_rebirth_pains_coming_on_strong_times_colonist_1971_05_19_9.pdf,Sunro - Rebirth Pains Coming on Strong,AB Kent,Times Colonist,1971-05-19,,application/pdf,pdf,pdf,Mining; Pollution Disposal; Mining; Dison Development Ltd.; Tailings; Dumping; Pollution; Ecological Damage,,/objects/small/sunro_may_19_1971_sunro_rebirth_pains_coming_on_strong_times_colonist_1971_05_19_9_sm.jpg,/objects/thumbs/sunro_may_19_1971_sunro_rebirth_pains_coming_on_strong_times_colonist_1971_05_19_9_th.jpg,
sunro_may_22_1971_island_hard_luck_mine_reviving_the_province_1971_05_22_20,newspaper_mining_1970_80,jr-np-m-1970-80_044,/objects/sunro_may_22_1971_island_hard_luck_mine_reviving_the_province_1971_05_22_20.pdf,Island Hard-Luck Mine Reviving  ,R.M. Shaw,The Province,1971-05-22,,application/pdf,pdf,pdf,Mining; Mine Reopening; Labor; Investment; Financing; Dison Development Ltd.,,/objects/small/sunro_may_22_1971_island_hard_luck_mine_reviving_the_province_1971_05_22_20_sm.jpg,/objects/thumbs/sunro_may_22_1971_island_hard_luck_mine_reviving_the_province_1971_05_22_20_th.jpg,
sunro_october_2_1974_mine_goin_concern_except_a_the_bank_the_province,newspaper_mining_1970_80,jr-np-m-1970-80_045,/objects/sunro_october_2_1974_mine_goin_concern_except_a_the_bank_the_province.pdf,"Mine Going Concern, Except at the Bank",Bob Shaw,The Province,1974-10-02,,application/pdf,pdf,pdf,Mining; Mineral Royalties Act; Financing,,/objects/small/sunro_october_2_1974_mine_goin_concern_except_a_the_bank_the_province_sm.jpg,/objects/thumbs/sunro_october_2_1974_mine_goin_concern_except_a_the_bank_the_province_th.jpg,
sunro_september_1_1970_mine_may_open_soon_victoria_colonist,newspaper_mining_1970_80,jr-np-m-1970-80_046,/objects/sunro_september_1_1970_mine_may_open_soon_victoria_colonist.pdf,Mine May Reopen Soon,Victoria Colonist,Victoria Colonist,1970-09-01,,application/pdf,pdf,pdf,Mining; Mine Reopening; Labor; Investment; Financing; Dison Development Ltd.,,/objects/small/sunro_september_1_1970_mine_may_open_soon_victoria_colonist_sm.jpg,/objects/thumbs/sunro_september_1_1970_mine_may_open_soon_victoria_colonist_th.jpg,
sunro_september_18_1970_four_firm_ to_revive_cowichan_the_province_1970_09_18_24,newspaper_mining_1970_80,jr-np-m-1970-80_047,/objects/sunro_september_18_1970_four_firm_ to_revive_cowichan_the_province_1970_09_18_24.pdf,Four Firms to Revive Cowichan,The Province,The Province,1970-09-18,,application/pdf,pdf,pdf,Mining; Mine Reopening; Investment; Financing,,/objects/small/sunro_september_18_1970_four_firm_ to_revive_cowichan_the_province_1970_09_18_24_sm.jpg,/objects/thumbs/sunro_september_18_1970_four_firm_ to_revive_cowichan_the_province_1970_09_18_24_th.jpg,
,,,,,,,,,,,,,,,,
,,jrwa_docs_powergeneration_bc_hydro_water_use_program_review,,Water Use Program Review,,,,,,record,compound_object,,,/objects/small/ns_energy_2005_finding_the_right_balance__jr_wup_sm.jpg,/objects/thumbs/ns_energy_2005_finding_the_right_balance__jr_wup_th.jpg,
ns_energy_2005_finding_the_right_balance__jr_wup,jrwa_docs_powergeneration_bc_hydro_water_use_program_review,jrwa_docs_powergeneration_bc_hydro_water_use_program_review_001,/objects/ns_energy_2005_finding_the_right_balance__jr_wup.pdf,Finding the right balance,NS Energy Staff Writer,NS Energy,2005-09-14,,pdf,pdf,pdf,Hydroelectric; bc hydro; Water Use Program; Water Use Plan; bc hydro,,/objects/small/ns_energy_2005_finding_the_right_balance__jr_wup_sm.jpg,/objects/thumbs/ns_energy_2005_finding_the_right_balance__jr_wup_th.jpg,
rorcitizensguide,jrwa_docs_powergeneration_bc_hydro_water_use_program_review,jrwa_docs_powergeneration_bc_hydro_water_use_program_review_002,/objects/rorcitizensguide.pdf,Run-of-River Hydropower in BC,Watershed Watch ,Watershed Watch,2007-08,,pdf,pdf,pdf,Hydroelectric; bc hydro; Water Use Program; Salmon; Ecology ,,/objects/small/rorcitizensguide_sm.jpg,/objects/thumbs/rorcitizensguide_th.jpg,
thuncher_squamish_chief_2019_bc_hydro_is_proactive_and_adaptive_company_says_of_squamish_operations,jrwa_docs_powergeneration_bc_hydro_water_use_program_review,jrwa_docs_powergeneration_bc_hydro_water_use_program_review_003,/objects/thuncher_squamish_chief_2019_bc_hydro_is_proactive_and_adaptive_company_says_of_squamish_operations.pdf,,,,,,pdf,pdf,pdf,Hydroelectric; bc hydro; Water Use Program,,/objects/small/thuncher_squamish_chief_2019_bc_hydro_is_proactive_and_adaptive_company_says_of_squamish_operations_sm.jpg,/objects/thumbs/thuncher_squamish_chief_2019_bc_hydro_is_proactive_and_adaptive_company_says_of_squamish_operations_th.jpg,
water_power_magazine_2005_finding_the_right_balance,jrwa_docs_powergeneration_bc_hydro_water_use_program_review,jrwa_docs_powergeneration_bc_hydro_water_use_program_review_004,/objects/water_power_magazine_2005_finding_the_right_balance.pdf,Finding the right balance,,BC Hydro,2005-09-14,,pdf,pdf,pdf,Hydroelectric; bc hydro; Water Use Program,,/objects/small/water_power_magazine_2005_finding_the_right_balance_sm.jpg,/objects/thumbs/water_power_magazine_2005_finding_the_right_balance_th.jpg,
watershed_watch_2004_preliminary_review_of_fisheries_concervation_gains_withing_bc_hydro's_wup_process,jrwa_docs_powergeneration_bc_hydro_water_use_program_review,jrwa_docs_powergeneration_bc_hydro_water_use_program_review_005,/objects/watershed_watch_2004_preliminary_review_of_fisheries_concervation_gains_withing_bc_hydro's_wup_process.pdf,,,,,,pdf,pdf,pdf,Hydroelectric; bc hydro; Water Use Program,,/objects/small/watershed_watch_2004_preliminary_review_of_fisheries_concervation_gains_withing_bc_hydro's_wup_process_sm.jpg,/objects/thumbs/watershed_watch_2004_preliminary_review_of_fisheries_concervation_gains_withing_bc_hydro's_wup_process_th.jpg,
weatco1,jrwa_docs_powergeneration_bc_hydro_water_use_program_review,jrwa_docs_powergeneration_bc_hydro_water_use_program_review_007,/objects/weatco1.pdf,Independent Power Producer(IPP) Projects in British Columbia,West Coast Environmental Law,West Coast Environmental Law,2009-05,,pdf,pdf,pdf,Hydroelectric; bc hydro; Water Use Program; Climate Change; Independent Power Producers,,/objects/small/weatco1_sm.jpg,/objects/thumbs/weatco1_th.jpg,
wwf_canada_2014_water_forpower_water_for_nature_the_story_of_bc_hydro's_wup_program,jrwa_docs_powergeneration_bc_hydro_water_use_program_review,jrwa_docs_powergeneration_bc_hydro_water_use_program_review_008,/objects/wwf_canada_2014_water_forpower_water_for_nature_the_story_of_bc_hydro's_wup_program.pdf,"Water for Power, Water for Nature The Story of BC Hydro’s Water Use Planning Program",James Mattison ,WWF Canada,2014-10,,pdf,pdf,pdf,Hydroelectric; bc hydro; Water Use Program,,/objects/small/wwf_canada_2014_water_forpower_water_for_nature_the_story_of_bc_hydro's_wup_program_sm.jpg,/objects/thumbs/wwf_canada_2014_water_forpower_water_for_nature_the_story_of_bc_hydro's_wup_program_th.jpg,
capkum_electrical_business_2021_a_clean_future_powered_by_water__bc_hydro’s_new_5year_plan,jrwa_docs_powergeneration_bc_hydro_water_use_program_review,jrwa_docs_powergeneration_bc_hydro_water_use_program_review_009,/objects/capkum_electrical_business_2021_a_clean_future_powered_by_water__bc_hydro’s_new_5year_plan.pdf,"""A clean future powered by ""water” – BC Hydro’s new 5-year plan",Anthony Capkun,Electrical Business,2022-02-16,,pdf,pdf,pdf,Hydroelectric; bc hydro; Water Use Program; Electrification,,/objects/small/capkum_electrical_business_2021_a_clean_future_powered_by_water__bc_hydro’s_new_5year_plan_sm.jpg,/objects/thumbs/capkum_electrical_business_2021_a_clean_future_powered_by_water__bc_hydro’s_new_5year_plan_th.jpg,
ingram1,jrwa_docs_powergeneration_bc_hydro_water_use_program_review,jrwa_docs_powergeneration_bc_hydro_water_use_program_review_010,/objects/ingram1.pdf,"BC Government and BC Hydro launch Cve-year electrification plan, focused on hydro",Elizabeth Ingram,Hydro Review,2021-09-29,,pdf,pdf,pdf,Hydroelectric; bc hydro; Water Use Program; Electrification,,/objects/small/ingram1_sm.jpg,/objects/thumbs/ingram1_th.jpg,
marshall_2004_runningonemptyshiftingtosustainableenergyplanb.c.,jrwa_docs_powergeneration_bc_hydro_water_use_program_review,jrwa_docs_powergeneration_bc_hydro_water_use_program_review_011,/objects/marshall_2004_runningonemptyshiftingtosustainableenergyplanb.c..pdf,Running On Empty: Shifting to a Sustainable Energy Plan for BC,Dale Marshall,David Suzuki Foundation,2004-08,,pdf,pdf,pdf,Hydroelectric; bc hydro; Water Use Program; Energy Plan; Water Use Plan,,/objects/small/marshall_2004_runningonemptyshiftingtosustainableenergyplanb.c._sm.jpg,/objects/thumbs/marshall_2004_runningonemptyshiftingtosustainableenergyplanb.c._th.jpg,
moran_2018_pnas_sustainable_hydropower_in_the_21st_century,jrwa_docs_powergeneration_bc_hydro_water_use_program_review,jrwa_docs_powergeneration_bc_hydro_water_use_program_review_012,/objects/moran_2018_pnas_sustainable_hydropower_in_the_21st_century.pdf,Sustainable hydropower in the 21st century,Emilio F. Moran et al.,PNAS,2018-09-25,,pdf,pdf,pdf,Hydroelectric; bc hydro; Ecological Damage; ,,/objects/small/moran_2018_pnas_sustainable_hydropower_in_the_21st_century_sm.jpg,/objects/thumbs/moran_2018_pnas_sustainable_hydropower_in_the_21st_century_th.jpg,
,,,,,,,,,,,,,,,,
,,,,,,,,,,,,,,/objects/small/tuttle_2013_upper_jordan_river_marsh_study_sm.jpg,/objects/thumbs/tuttle_2013_upper_jordan_river_marsh_study_th.jpg,
tuttle_2013_upper_jordan_river_marsh_study,,jrwa_docs_powergeneration_jordan_river_hydro_other_reports_001,/objects/tuttle_2013_upper_jordan_river_marsh_study.pdf,"Continued Monitoring of the Constructed Wetland at Diversion Reservoir, Jordan River Watershed, Southern Vancouver Island",Krysia Tuttle,LGL Limited,2013-03-31,,pdf,pdf,pdf,Hydroelectric; bc hydro; Ecology; Watershed; Study; Survey; Wetland; Vegetation; Revegetation; Logging ,,/objects/small/tuttle_2013_upper_jordan_river_marsh_study_sm.jpg,/objects/thumbs/tuttle_2013_upper_jordan_river_marsh_study_th.jpg,
merx_2024_supply_of_station_service_transformer,,jrwa_docs_powergeneration_jordan_river_hydro_other_reports_002,/objects/merx_2024_supply_of_station_service_transformer.png,JOR Supply of Station Service Transformer,,MERX,2024,,pdf,pdf,image,Jordan River Hydro Other Reports; Hydroelectric,,/objects/small/merx_2024_supply_of_station_service_transformer_sm.jpg,/objects/thumbs/merx_2024_supply_of_station_service_transformer_th.jpg,
the_province_2014_11_30_20_black_bears,,jrwa_docs_powergeneration_jordan_river_hydro_other_reports_003,/objects/the_province_2014_11_30_20_black_bears.pdf,Black Bear Shows Interest in Artificial Dens,Sam Cooper,The Province ,2014-12-04,,pdf,pdf,pdf,Ecology; Bears; Habitat; Hydroelectric,,/objects/small/the_province_2014_11_30_20_black_bears_sm.jpg,/objects/thumbs/the_province_2014_11_30_20_black_bears_th.jpg,
,,,,,,,,,,,,,,,,
,,jrwa_docs_powergeneration_jordan_river_hydro_other_reports_gravell,,Hydroelectric: Gravel Reports,,,,,,record,compound_object,Hydroelectric; Fish; Salmon,,/objects/small/jones_2015_design_and_work_plans_for_gravel_placement_in_jr_fwcp_proposal_sm.jpg,/objects/thumbs/jones_2015_design_and_work_plans_for_gravel_placement_in_jr_fwcp_proposal_th.jpg,
jones_2015_design_and_work_plans_for_gravel_placement_in_jr_fwcp_proposal,jrwa_docs_powergeneration_jordan_river_hydro_other_reports_gravell,jrwa_docs_powergeneration_jordan_river_hydro_other_reports_gravel_001,/objects/jones_2015_design_and_work_plans_for_gravel_placement_in_jr_fwcp_proposal.pdf,Design and Work Plans for Gravel Placement in Jordan River,Helen Jones et al.,,2015-11-06,,pdf,pdf,pdf,Hydroelectric; Gravel; Project Proposal; Spawning,,/objects/small/jones_2015_design_and_work_plans_for_gravel_placement_in_jr_fwcp_proposal_sm.jpg,/objects/thumbs/jones_2015_design_and_work_plans_for_gravel_placement_in_jr_fwcp_proposal_th.jpg,
rosenau_2000_sand_and_gravel_management_and_rish_habitat_protection_in_bc,jrwa_docs_powergeneration_jordan_river_hydro_other_reports_gravell,jrwa_docs_powergeneration_jordan_river_hydro_other_reports_gravel_002,/objects/rosenau_2000_sand_and_gravel_management_and_rish_habitat_protection_in_bc.pdf,Sand and Gravel Management and Fish-Habitat Protection in British Columbia Salmon and Steelhead Streams,Dr. Marvin L. Rosenau,Pacific Fisheries Resource Conservation Council,2000,,pdf,pdf,pdf,Hydroelectric; MIning; Floodplain; Sediments; Spawning: Flow Management; Fish; Water Temperature; Bioenergetics; Bed Scouring; Erosion; Food Supply; Gravel; Salmon,,/objects/small/rosenau_2000_sand_and_gravel_management_and_rish_habitat_protection_in_bc_sm.jpg,/objects/thumbs/rosenau_2000_sand_and_gravel_management_and_rish_habitat_protection_in_bc_th.jpg,
smith__2004_spawning_gravel_placements_in_ash_and_nanaimo_river_watersheds,jrwa_docs_powergeneration_jordan_river_hydro_other_reports_gravell,jrwa_docs_powergeneration_jordan_river_hydro_other_reports_gravel_003,/objects/smith__2004_spawning_gravel_placements_in_ash_and_nanaimo_river_watersheds.pdf,"Spawning Gravel Placements in Ash and Nanaimo River Watersheds, Vancouver Island",Brad Smith,British Columbia Conservation Foundation,2004-03,,pdf,pdf,pdf,Hydroelectric;,,/objects/small/smith__2004_spawning_gravel_placements_in_ash_and_nanaimo_river_watersheds_sm.jpg,/objects/thumbs/smith__2004_spawning_gravel_placements_in_ash_and_nanaimo_river_watersheds_th.jpg,
clark_2008_validation_of_the_flow_management_pathway,jrwa_docs_powergeneration_jordan_river_hydro_other_reports_gravell,jrwa_docs_powergeneration_jordan_river_hydro_other_reports_gravel_004,/objects/clark_2008_validation_of_the_flow_management_pathway.pdf,Validation of the Flow Management Pathway: Effects of Altered Flow on Fish Habitat and Fishes Downstream from a Hydropower Dam.,Keith D. Clarke et al.,Fisheries and Oceans Canada,2008,,pdf,pdf,pdf,Hydroelectric; MIning; Floodplain; Sediments; Spawning: Flow Management; Fish; Water Temperature; Bioenergetics; Bed Scouring; Erosion; Food Supply; Gravel; Salmon,,/objects/small/clark_2008_validation_of_the_flow_management_pathway_sm.jpg,/objects/thumbs/clark_2008_validation_of_the_flow_management_pathway_th.jpg,
,,,,,,,,,,,,,,,,
,,jrwa_docs_powergeneration_jordan_river_hydro_other_reports_hydropesticides,,Hydroelectric: Hydro Pesticide,,,,,,record,compound_object,Hydroelectric; Herbicide; Hydro Pesticide; 2:4-D; Red Alder; Labor; Workers; Criminal Case; Protest ; Tordon 10K,,/objects/small/tc_1980_hydro_backs_off_on_24d_plans_sm.jpg,/objects/thumbs/tc_1980_hydro_backs_off_on_24d_plans_th.jpg,
tc_1980_hydro_backs_off_on_24d_plans,jrwa_docs_powergeneration_jordan_river_hydro_other_reports_hydropesticides,jrwa_docs_powergeneration_jordan_river_hydro_other_reports_hydropesticides_001,/objects/tc_1980_hydro_backs_off_on_24d_plans.pdf,"Hydro Backs off on 2,4-D Plans",Brenda Dalglish,Times Colonist,1980-07-10,,pdf,pdf,pdf,Hydroelectric; 2:4-D; Sooke; Protest; Hydro Pesticide;,,/objects/small/tc_1980_hydro_backs_off_on_24d_plans_sm.jpg,/objects/thumbs/tc_1980_hydro_backs_off_on_24d_plans_th.jpg,
tc_1980_hydro_herbicide_probe_ordered_by_ag,jrwa_docs_powergeneration_jordan_river_hydro_other_reports_hydropesticides,jrwa_docs_powergeneration_jordan_river_hydro_other_reports_hydropesticides_002,/objects/tc_1980_hydro_herbicide_probe_ordered_by_ag.pdf,Herbicide Probe Ordered by A-G,,Times Colonist,1980-08-03,,pdf,pdf,pdf,Hydroelectric; Herbicide; Hydro Pesticide; 2:4-D; Red Alder,,/objects/small/tc_1980_hydro_herbicide_probe_ordered_by_ag_sm.jpg,/objects/thumbs/tc_1980_hydro_herbicide_probe_ordered_by_ag_th.jpg,
vs_1980_hydro_workers_charged,jrwa_docs_powergeneration_jordan_river_hydro_other_reports_hydropesticides,jrwa_docs_powergeneration_jordan_river_hydro_other_reports_hydropesticides_003,/objects/vs_1980_hydro_workers_charged.pdf,"Hydro, Workers Charged",,The Vancouver Sun,1980-10-17,,pdf,pdf,pdf,Hydroelectric; Herbicide; Hydro Pesticide; 2:4-D; Red Alder; Labor; Workers; Criminal Case,,/objects/small/vs_1980_hydro_workers_charged_sm.jpg,/objects/thumbs/vs_1980_hydro_workers_charged_th.jpg,
hall_1948_us_department_of_agriculture_forest_service_annual_report,jrwa_docs_powergeneration_jordan_river_hydro_other_reports_hydropesticides,jrwa_docs_powergeneration_jordan_river_hydro_other_reports_hydropesticides_004,/objects/hall_1948_us_department_of_agriculture_forest_service_annual_report.pdf,Reseeding Denuded Ground To Perennial Grasses Stabilizes Soil and Provides Forage,J.A. Hall ,USDA,1949-03,,pdf,pdf,pdf,Hydroelectric; Forest Economics; Forest Management; Hydro Pesticide,,/objects/small/hall_1948_us_department_of_agriculture_forest_service_annual_report_sm.jpg,/objects/thumbs/hall_1948_us_department_of_agriculture_forest_service_annual_report_th.jpg,
tc_1979_bc_hydro_staff_queried_on_poison_control,jrwa_docs_powergeneration_jordan_river_hydro_other_reports_hydropesticides,jrwa_docs_powergeneration_jordan_river_hydro_other_reports_hydropesticides_005,/objects/tc_1979_bc_hydro_staff_queried_on_poison_control.pdf,Hydro Staff Queried on Poison Comment,,Times Colonist,1979-08-11,,pdf,pdf,pdf,Hydroelectric; Hydro Pesticide; Tordon 10K,,/objects/small/tc_1979_bc_hydro_staff_queried_on_poison_control_sm.jpg,/objects/thumbs/tc_1979_bc_hydro_staff_queried_on_poison_control_th.jpg,
tc_1980_hydro_24d_draws_sooke_protest,jrwa_docs_powergeneration_jordan_river_hydro_other_reports_hydropesticides,jrwa_docs_powergeneration_jordan_river_hydro_other_reports_hydropesticides_006,/objects/tc_1980_hydro_24d_draws_sooke_protest.pdf,"2,4-D draws Sooke Protest",Brenda Dalglish,Times Colonist,1980-05-08,,pdf,pdf,pdf,Hydroelectric; 2:4-D; Sooke; Protest; Hydro Pesticide;,,/objects/small/tc_1980_hydro_24d_draws_sooke_protest_sm.jpg,/objects/thumbs/tc_1980_hydro_24d_draws_sooke_protest_th.jpg,
,,,,,,,,,,,,,,,,
,,jrwa_docs_powergeneration_jordan_river_hydro_other_reports_powerplant_fire,,Power Plant Fire,,,,,,record,compound_object,Hydroelectric; Power Plant Fire; Powerhouse,,/objects/small/img_0085_sm.jpg,/objects/thumbs/img_0085_th.jpg,
img_0085,jrwa_docs_powergeneration_jordan_river_hydro_other_reports_powerplant_fire,jrwa_docs_powergeneration_jordan_river_hydro_other_reports_powerplant_fire_001,/objects/img_0085.jpeg,Power Plant Fire Damage 001,,,,,image/jpeg,image,image,Hydroelectric; Power Plant Fire,,/objects/small/img_0085_sm.jpg,/objects/thumbs/img_0085_th.jpg,
img_0086,jrwa_docs_powergeneration_jordan_river_hydro_other_reports_powerplant_fire,jrwa_docs_powergeneration_jordan_river_hydro_other_reports_powerplant_fire_002,/objects/img_0086.jpeg,Power Plant Fire Damage 002,,,,,image/jpeg,image,image,Hydroelectric; Power Plant Fire,,/objects/small/img_0086_sm.jpg,/objects/thumbs/img_0086_th.jpg,
img_0083,jrwa_docs_powergeneration_jordan_river_hydro_other_reports_powerplant_fire,jrwa_docs_powergeneration_jordan_river_hydro_other_reports_powerplant_fire_003,/objects/img_0083.jpeg,Power Plant Fire Damage 003,,,,,image/jpeg,image,image,Hydroelectric; Power Plant Fire,,/objects/small/img_0083_sm.jpg,/objects/thumbs/img_0083_th.jpg,
,,,,,,,,,,,,,,,,
,,jrwa_docs_powergeneration_jordanriver_hydro_project_history,,Hydroelectric: Project History,,,,,,record,compound_object,,,/objects/small/_stadfield_2002_electric_space_sm.jpg,/objects/thumbs/_stadfield_2002_electric_space_th.jpg,
_stadfield_2002_electric_space,jrwa_docs_powergeneration_jordanriver_hydro_project_history,jrwa_docs_powergeneration_jordanriver_hydro_project_history_001,/objects/_stadfield_2002_electric_space.pdf,Electric Space: Social and Natural Transformations in British Columbia’s Hydroelectric Industry to World War II,Bruce Stadfeld,University of Manitoba,2002,,pdf,pdf,pdf,Hydroelectric; World War II; Energy Development; Hydroelectric Development; Watershed Alienation; ,,/objects/small/_stadfield_2002_electric_space_sm.jpg,/objects/thumbs/_stadfield_2002_electric_space_th.jpg,
bc_hydro_1972_tenth_annual_report,jrwa_docs_powergeneration_jordanriver_hydro_project_history,jrwa_docs_powergeneration_jordanriver_hydro_project_history_002,/objects/bc_hydro_1972_tenth_annual_report.pdf,BC Hydro Tenth Annual Report ,British Columbia Hydro and Power Authority,British Columbia Hydro and Power Authority,1972,,pdf,pdf,pdf,Hydroelectric; Sales; Development; Report; bc hydro,,/objects/small/bc_hydro_1972_tenth_annual_report_sm.jpg,/objects/thumbs/bc_hydro_1972_tenth_annual_report_th.jpg,
bc_mining_and_engineering_record_1911_vi_power_company's_new_power_plant,jrwa_docs_powergeneration_jordanriver_hydro_project_history,jrwa_docs_powergeneration_jordanriver_hydro_project_history_003,/objects/bc_mining_and_engineering_record_1911_vi_power_company's_new_power_plant.pdf,The British Columbia Mining and Engineering Record,,,1911,,pdf,pdf,pdf,Hydroelectric; Mining; Pipeline,,/objects/small/bc_mining_and_engineering_record_1911_vi_power_company's_new_power_plant_sm.jpg,/objects/thumbs/bc_mining_and_engineering_record_1911_vi_power_company's_new_power_plant_th.jpg,
bchydro_fia_f17,jrwa_docs_powergeneration_jordanriver_hydro_project_history,jrwa_docs_powergeneration_jordanriver_hydro_project_history_004,/objects/bchydro_fia_f17.pdf,British Columbia Hydro and Power Authority ,British Columbia Hydro and Power Authority,British Columbia Hydro and Power Authority,2017,,pdf,pdf,pdf,British Columbia Hydro and Power Authority,,/objects/small/bchydro_fia_f17_sm.jpg,/objects/thumbs/bchydro_fia_f17_th.jpg,
conway_1915_quote_from_presidential_address_p_3,jrwa_docs_powergeneration_jordanriver_hydro_project_history,jrwa_docs_powergeneration_jordanriver_hydro_project_history_005,/objects/conway_1915_quote_from_presidential_address_p_3.pdf,Conway Quote from a Presidential Address,T.C. Keefer ,,1915,,pdf,pdf,pdf,Hydroelectric; Speech,,/objects/small/conway_1915_quote_from_presidential_address_p_3_sm.jpg,/objects/thumbs/conway_1915_quote_from_presidential_address_p_3_th.jpg,
evenden_2004_fish_versus_power__an_environmental_history_of_the_fraser_river,jrwa_docs_powergeneration_jordanriver_hydro_project_history,jrwa_docs_powergeneration_jordanriver_hydro_project_history_006,/objects/evenden_2004_fish_versus_power__an_environmental_history_of_the_fraser_river.pdf,Fish versus Power: and Environmental History of the Fraser River ,Matthew D. Evenden,Cambridge,2004,,pdf,pdf,pdf,Hydroelectric; Environmental History; Ecology; Fish; Salmon,,/objects/small/evenden_2004_fish_versus_power__an_environmental_history_of_the_fraser_river_sm.jpg,/objects/thumbs/evenden_2004_fish_versus_power__an_environmental_history_of_the_fraser_river_th.jpg,
jacard_deconstruction_hydro_in_bc_studies,jrwa_docs_powergeneration_jordanriver_hydro_project_history,jrwa_docs_powergeneration_jordanriver_hydro_project_history_007,/objects/jacard_deconstruction_hydro_in_bc_studies.pdf,Deconstructing Hydro: The BC Electricity Sector in this Decade,Mark Jaccard ,,,,pdf,pdf,pdf,Hydroelectric; BC Hydro; Management ,,/objects/small/jacard_deconstruction_hydro_in_bc_studies_sm.jpg,/objects/thumbs/jacard_deconstruction_hydro_in_bc_studies_th.jpg,
lee_1915_jordan_river_power_development_cdn_society_of_civil_engineers,jrwa_docs_powergeneration_jordanriver_hydro_project_history,jrwa_docs_powergeneration_jordanriver_hydro_project_history_008,/objects/lee_1915_jordan_river_power_development_cdn_society_of_civil_engineers.pdf,British Columbia Hydro and Power Authority ,Charles A. Lee,Canadian Society of Civil Engineers,1915,,pdf,pdf,pdf,Hydroelectric; BC Hydro; Power Development,,/objects/small/lee_1915_jordan_river_power_development_cdn_society_of_civil_engineers_sm.jpg,/objects/thumbs/lee_1915_jordan_river_power_development_cdn_society_of_civil_engineers_th.jpg,
pages_from__conway_1915_doi_water_powers_of_canada_bc__splendid_quote,jrwa_docs_powergeneration_jordanriver_hydro_project_history,jrwa_docs_powergeneration_jordanriver_hydro_project_history_009,/objects/pages_from__conway_1915_doi_water_powers_of_canada_bc__splendid_quote.pdf,"Jordan River Development of the Vancouver Island Power Company, Limited ",,,1915,,pdf,pdf,pdf,Hydroelectric; Weather Patterns; Watershed Description,,/objects/small/pages_from__conway_1915_doi_water_powers_of_canada_bc__splendid_quote_sm.jpg,/objects/thumbs/pages_from__conway_1915_doi_water_powers_of_canada_bc__splendid_quote_th.jpg,
rbcm_item_i52911_jr_development_original_plan_map,jrwa_docs_powergeneration_jordanriver_hydro_project_history,jrwa_docs_powergeneration_jordanriver_hydro_project_history_010,/objects/rbcm_item_i52911_jr_development_original_plan_map.pdf,Section of Jordan River Development ,,,,,pdf,pdf,pdf,Hydroelectric; Section; Power House; Dam,,/objects/small/rbcm_item_i52911_jr_development_original_plan_map_sm.jpg,/objects/thumbs/rbcm_item_i52911_jr_development_original_plan_map_th.jpg,
sooke_museum_diversion_dam_jr_railway,jrwa_docs_powergeneration_jordanriver_hydro_project_history,jrwa_docs_powergeneration_jordanriver_hydro_project_history_012,/objects/sooke_museum_diversion_dam_jr_railway.png,2.5 Ton 1928 Plymouth Model TL-2 Locomotive Used on a Narrow- Gauge Railway in the 1940s,,Sooke Region Museum and Visitors Center,,,pdf,pdf,pdf,Hydroelectric; Railway; Vancouver Island Power Company; Dam,,/objects/small/sooke_museum_diversion_dam_jr_railway_sm.jpg,/objects/thumbs/sooke_museum_diversion_dam_jr_railway_th.jpg,
_conway_1915_doi_water_powers_of_canada_bc,jrwa_docs_powergeneration_jordanriver_hydro_project_history,jrwa_docs_powergeneration_jordanriver_hydro_project_history_013,/objects/_conway_1915_doi_water_powers_of_canada_bc.pdf,Water Powers of Canada,G.R.G. Conway,Department of the Interior,1915,,pdf,pdf,pdf,Hydroelectric; Power Plant; Water Power,,/objects/small/_conway_1915_doi_water_powers_of_canada_bc_sm.jpg,/objects/thumbs/_conway_1915_doi_water_powers_of_canada_bc_th.jpg,
,,,,,,,,,,,,,,/objects/small/_sm.jpg,/objects/thumbs/_th.jpg,
,,jrwa_docs_powergeneration_jordanriver_hydro_project_puntledge,,BC Hydro: Puntledge River,,,,,,record,compound_object,Hydroelectric; Puntledge River; BC Hydro; Habitat Restoration,,/objects/small/_sm.jpg,/objects/thumbs/_th.jpg,
spawni1,jrwa_docs_powergeneration_jordanriver_hydro_project_puntledge,jrwa_docs_powergeneration_jordanriver_hydro_project_puntledge_003,/objects/spawni1.pdf,"Spawning Gravel Placements in Ash and Nanaimo River Watersheds, Vancouver Island (2003)",Brad Smith,BC Conservation Foundation,2004-03,,pdf,pdf,pdf,Hydroelectric; Puntledge River; BC Hydro; Habitat Restoration,,/objects/small/spawni1_sm.jpg,/objects/thumbs/spawni1_th.jpg,
02pu71_hab_rest_1389198175712_9186219228,jrwa_docs_powergeneration_jordanriver_hydro_project_puntledge,jrwa_docs_powergeneration_jordanriver_hydro_project_puntledge_004,/objects/02pu71_hab_rest_1389198175712_9186219228.pdf,Puntledge River Spawning Habitat Restoration,E. Guimond and R. Norgan,Fisheries and Oceans Canada,2003-12,,pdf,pdf,pdf,Hydroelectric; Puntledge River; BC Hydro,,/objects/small/02pu71_hab_rest_1389198175712_9186219228_sm.jpg,/objects/thumbs/02pu71_hab_rest_1389198175712_9186219228_th.jpg,
03pu02_hab_rest_1389199209847_9186219228,jrwa_docs_powergeneration_jordanriver_hydro_project_puntledge,jrwa_docs_powergeneration_jordanriver_hydro_project_puntledge_005,/objects/03pu02_hab_rest_1389199209847_9186219228.pdf,Puntledge River Habitat Restoration,E. Guimond,Fisheries and Oceans Canada,2004-03,,pdf,pdf,pdf,Hydroelectric; Puntledge River; BC Hydro; Habitat Restoration,,/objects/small/03pu02_hab_rest_1389199209847_9186219228_sm.jpg,/objects/thumbs/03pu02_hab_rest_1389199209847_9186219228_th.jpg,
06pun01_gravel_1389624587961_9620131597,jrwa_docs_powergeneration_jordanriver_hydro_project_puntledge,jrwa_docs_powergeneration_jordanriver_hydro_project_puntledge_006,/objects/06pun01_gravel_1389624587961_9620131597.pdf,"Puntledge River (Reach C) Spawning Gravel Placements for Fish Habitat Restoration,",Scott Silvestri,BC Conservation Foundation,2006,,pdf,pdf,pdf,Hydroelectric; Puntledge River; BC Hydro; Salmon; Gravel; Spawning,,/objects/small/06pun01_gravel_1389624587961_9620131597_sm.jpg,/objects/thumbs/06pun01_gravel_1389624587961_9620131597_th.jpg,
bc_hydro_2004_wup_puntledge_river,jrwa_docs_powergeneration_jordanriver_hydro_project_puntledge,jrwa_docs_powergeneration_jordanriver_hydro_project_puntledge_007,/objects/bc_hydro_2004_wup_puntledge_river.pdf,Puntledge River Project Water Use Plan,Eric Weiss,BC Hydro,2004-12-01,,pdf,pdf,pdf,Hydroelectric; Puntledge River; BC Hydro; Water Use Plan,,/objects/small/bc_hydro_2004_wup_puntledge_river_sm.jpg,/objects/thumbs/bc_hydro_2004_wup_puntledge_river_th.jpg,
bc_hydro_to_increase_puntledge_river_flows_to_help_with_fish_migration___the_raven_1007,jrwa_docs_powergeneration_jordanriver_hydro_project_puntledge,jrwa_docs_powergeneration_jordanriver_hydro_project_puntledge_008,/objects/bc_hydro_to_increase_puntledge_river_flows_to_help_with_fish_migration___the_raven_1007.pdf,BC Hydro To Increase Puntledge River Flows To Help With Fish Migration,Jay Herrington,New Country 100.7 The Raven,2024-06-18,,pdf,pdf,pdf,Hydroelectric; Puntledge River; BC Hydro; Fish Migration; Water Levels,,/objects/small/bc_hydro_to_increase_puntledge_river_flows_to_help_with_fish_migration___the_raven_1007_sm.jpg,/objects/thumbs/bc_hydro_to_increase_puntledge_river_flows_to_help_with_fish_migration___the_raven_1007_th.jpg,
marshall_1973_progress_report_on_the_puntledge_river_program,jrwa_docs_powergeneration_jordanriver_hydro_project_puntledge,jrwa_docs_powergeneration_jordanriver_hydro_project_puntledge_009,/objects/marshall_1973_progress_report_on_the_puntledge_river_program.pdf,PROGRESS REPORT ON THE PUNTLEDGE RIVER PROGRAM 1971-1972,D.E. Marshall,Department of the Environment,1973,,pdf,pdf,pdf,Hydroelectric; Puntledge River; BC Hydro; Fisheries,,/objects/small/marshall_1973_progress_report_on_the_puntledge_river_program_sm.jpg,/objects/thumbs/marshall_1973_progress_report_on_the_puntledge_river_program_th.jpg,
puntle_1,jrwa_docs_powergeneration_jordanriver_hydro_project_puntledge,jrwa_docs_powergeneration_jordanriver_hydro_project_puntledge_010,/objects/puntle_1.pdf,"Puntledge River (Reach C) Spawning Gravel Placements for Fish
Habitat Restoration,",Scott Silvestri,BC Hydro Bridge Coastal Fish and Wildlife Restoration Program,2005,,pdf,pdf,pdf,Hydroelectric; Puntledge River; BC Hydro; Salmon; Gravel; Spawning,,/objects/small/puntle_1_sm.jpg,/objects/thumbs/puntle_1_th.jpg,
punworks_1_tor_2018_10_05,jrwa_docs_powergeneration_jordanriver_hydro_project_puntledge,jrwa_docs_powergeneration_jordanriver_hydro_project_puntledge_011,/objects/punworks_1_tor_2018_10_05.pdf,Puntledge Water Use Plan Physical Works Terms of Reference,,BC Hydro,2018-10-05,,pdf,pdf,pdf,Hydroelectric; Puntledge River; BC Hydro; Salmon; Gravel; Spawning,,/objects/small/punworks_1_tor_2018_10_05_sm.jpg,/objects/thumbs/punworks_1_tor_2018_10_05_th.jpg,
,,,,,,,,,,,,,,,,
,,jrwa_docs_powergeneration_jordanriver_hydro_project_jordan_river_salmon,,Water Use Plan: Salmon Habitat,,,,,,record,compound_object,,,/objects/small/lgl_ltd_2013_continued_monitoring_of_the_constructed_wetland_at_diversion_reservoir_12wjor01_sm.jpg,/objects/thumbs/lgl_ltd_2013_continued_monitoring_of_the_constructed_wetland_at_diversion_reservoir_12wjor01_th.jpg,
lgl_ltd_2013_continued_monitoring_of_the_constructed_wetland_at_diversion_reservoir_12wjor01,jrwa_docs_powergeneration_jordanriver_hydro_project_jordan_river_salmon,jrwa_docs_powergeneration_jordanriver_hydro_project_jordan_river_wup_research_001,/objects/lgl_ltd_2013_continued_monitoring_of_the_constructed_wetland_at_diversion_reservoir_12wjor01.pdf.pdf,"Continued Monitoring of the Constructed Wetland at Diversion Reservoir, Jordan River Watershed, Southern Vancouver Island ",Krysia Tuttle,LGL Limited,2013-03-31,,pdf,pdf,pdf,Hydroelectric; Fish Study; Habitat; Ecology; Salmon,,/objects/small/lgl_ltd_2013_continued_monitoring_of_the_constructed_wetland_at_diversion_reservoir_12wjor01_sm.jpg,/objects/thumbs/lgl_ltd_2013_continued_monitoring_of_the_constructed_wetland_at_diversion_reservoir_12wjor01_th.jpg,
wright_2003_jr_pink_salmon_incubation_study,jrwa_docs_powergeneration_jordanriver_hydro_project_jordan_river_salmon,jrwa_docs_powergeneration_jordanriver_hydro_project_jordan_river_wup_research_002,/objects/wright_2003_jr_pink_salmon_incubation_study.pdf.pdf,Jordan River Pink Salmon Incubation Study,M.C. Wright and Esther Guimond,BC Hydro Bridge Coastal Fish and Wildlife Restoration Program,2003-03-31,,pdf,pdf,pdf,Hydroelectric; Fish Study; Habitat; Ecology; Salmon; Metal Testing; Water Testing,,/objects/small/wright_2003_jr_pink_salmon_incubation_study_sm.jpg,/objects/thumbs/wright_2003_jr_pink_salmon_incubation_study_th.jpg,
burt_2008_lower_jordan_river_fish_index_study_year_3_results_jormon_2,jrwa_docs_powergeneration_jordanriver_hydro_project_jordan_river_salmon,jrwa_docs_powergeneration_jordanriver_hydro_project_jordan_river_wup_research_003,/objects/burt_2008_lower_jordan_river_fish_index_study_year_3_results_jormon_2.pdf.pdf,Jordan River Water Use Plan: Lower Jordan River Fish Index Study,D.W. Burt,BC Hydro,2007-09,,pdf,pdf,pdf,Hydroelectric; Fish Study; Habitat; Ecology; Salmon,,/objects/small/burt_2008_lower_jordan_river_fish_index_study_year_3_results_jormon_2_sm.jpg,/objects/thumbs/burt_2008_lower_jordan_river_fish_index_study_year_3_results_jormon_2_th.jpg,
burt_2012_summary_of_water_quality_and_biological_data_for_anadromous_reaches_of_the_jordan_river,jrwa_docs_powergeneration_jordanriver_hydro_project_jordan_river_salmon,jrwa_docs_powergeneration_jordanriver_hydro_project_jordan_river_wup_research_004,/objects/burt_2012_summary_of_water_quality_and_biological_data_for_anadromous_reaches_of_the_jordan_river.pdf.pdf,Summary of Water Quality and Biological Data for Anadromous Reaches of the Jordan River,D.W. Burt,BC Hydro,2012-10-09,,pdf,pdf,pdf,Hydroelectric; BC Hydro; Forestry; Water Quality; Fish: Salmon,,/objects/small/burt_2012_summary_of_water_quality_and_biological_data_for_anadromous_reaches_of_the_jordan_river_sm.jpg,/objects/thumbs/burt_2012_summary_of_water_quality_and_biological_data_for_anadromous_reaches_of_the_jordan_river_th.jpg,
"burt_2014_assessment_of_gravel_quantity,_project_13_jor_02",jrwa_docs_powergeneration_jordanriver_hydro_project_jordan_river_salmon,jrwa_docs_powergeneration_jordanriver_hydro_project_jordan_river_wup_research_005,"/objects/burt_2014_assessment_of_gravel_quantity,_project_13_jor_02.pdf.pdf",Assessment of Gravel Quantity/Quality/Stability and Stranding Risk In Reach 1 of The Jordan River,D.W. Burt,BC Hydro,2014-05-13,,pdf,pdf,pdf,Hydroelectric; BC Hydro; Gravel; Salmon; Salmon,,"/objects/small/burt_2014_assessment_of_gravel_quantity,_project_13_jor_02_sm.jpg","/objects/thumbs/burt_2014_assessment_of_gravel_quantity,_project_13_jor_02_th.jpg",
burt_2014_feasibility_for_side_channel_development_3_jor_01,jrwa_docs_powergeneration_jordanriver_hydro_project_jordan_river_salmon,jrwa_docs_powergeneration_jordanriver_hydro_project_jordan_river_wup_research_006,/objects/burt_2014_feasibility_for_side_channel_development_3_jor_01.pdf.pdf,Feasibility for Side Channel Development On the East Side of Reach 1 of the Jordan River,D.W. Burt,BC Hydro,2014-04-09,,pdf,pdf,pdf,Hydroelectric; BC Hydro; Side Channel; Water Use Plan; Salmon,,/objects/small/burt_2014_feasibility_for_side_channel_development_3_jor_01_sm.jpg,/objects/thumbs/burt_2014_feasibility_for_side_channel_development_3_jor_01_th.jpg,
burt_2017_jordan_river_environmental_synthesis_report,jrwa_docs_powergeneration_jordanriver_hydro_project_jordan_river_salmon,jrwa_docs_powergeneration_jordanriver_hydro_project_jordan_river_wup_research_007,/objects/burt_2017_jordan_river_environmental_synthesis_report.pdf.pdf,Jordan River Water Use Plan Synthesis of Monitoring Programs Conducted from 2005 to 2011,D.W. Burt,BC Hydro,2017-10-13,,pdf,pdf,pdf,Hydroelectric; BC Hydro; Monitoring; Water Use Plan; Salmon,,/objects/small/burt_2017_jordan_river_environmental_synthesis_report_sm.jpg,/objects/thumbs/burt_2017_jordan_river_environmental_synthesis_report_th.jpg,
burt_2017_jordan_river_environmental_synthesis_report_figure_3_salmon_abundance_chart,jrwa_docs_powergeneration_jordanriver_hydro_project_jordan_river_salmon,jrwa_docs_powergeneration_jordanriver_hydro_project_jordan_river_wup_research_008,/objects/burt_2017_jordan_river_environmental_synthesis_report_figure_3_salmon_abundance_chart.pdf.pdf,Salmon Abundance Chart,D.W. Burt,BC Hydro,2017-10-14,,pdf,pdf,pdf,Hydroelectric; BC Hydro; Salmon; Water Use Plan; ,,/objects/small/burt_2017_jordan_river_environmental_synthesis_report_figure_3_salmon_abundance_chart_sm.jpg,/objects/thumbs/burt_2017_jordan_river_environmental_synthesis_report_figure_3_salmon_abundance_chart_th.jpg,
burt_and_hill_2015_a_restoration_plan_14jor01,jrwa_docs_powergeneration_jordanriver_hydro_project_jordan_river_salmon,jrwa_docs_powergeneration_jordanriver_hydro_project_jordan_river_wup_research_009,/objects/burt_and_hill_2015_a_restoration_plan_14jor01.pdf.pdf,A Restoration Plan for Fish and Fish Habitat Within Anadromous Reaches of the Jordan River,D.W. Burt and G. Hill,BC Hydro,2006-05-05,,pdf,pdf,pdf,Hydroelectric; BC Hydro; Salmon; Water Use Plan; Spawning,,/objects/small/burt_and_hill_2015_a_restoration_plan_14jor01_sm.jpg,/objects/thumbs/burt_and_hill_2015_a_restoration_plan_14jor01_th.jpg,
cascadia_2006_lower_jordan_river_salmon_spawning_assessment_and_enumeration_jormon_3,jrwa_docs_powergeneration_jordanriver_hydro_project_jordan_river_salmon,jrwa_docs_powergeneration_jordanriver_hydro_project_jordan_river_wup_research_010,/objects/cascadia_2006_lower_jordan_river_salmon_spawning_assessment_and_enumeration_jormon_3.pdf.pdf,Lower Jordan River Salmon Spawning Assessment and Enumeration,,BC Hydro,,,pdf,pdf,pdf,Hydroelectric; BC Hydro; Salmon; Water Use Plan; ,,/objects/small/cascadia_2006_lower_jordan_river_salmon_spawning_assessment_and_enumeration_jormon_3_sm.jpg,/objects/thumbs/cascadia_2006_lower_jordan_river_salmon_spawning_assessment_and_enumeration_jormon_3_th.jpg,
cascadia_2010_jordan_salmon_spawning_assessment_jormon_3_yr4_2010_02_01,jrwa_docs_powergeneration_jordanriver_hydro_project_jordan_river_salmon,jrwa_docs_powergeneration_jordanriver_hydro_project_jordan_river_wup_research_011,/objects/cascadia_2010_jordan_salmon_spawning_assessment_jormon_3_yr4_2010_02_01.pdf.pdf,Jordan River Project Water Use Plan,,BC Hydro,2010-02,,pdf,pdf,pdf,Hydroelectric; BC Hydro; Salmon; Water Use Plan; ,,/objects/small/cascadia_2010_jordan_salmon_spawning_assessment_jormon_3_yr4_2010_02_01_sm.jpg,/objects/thumbs/cascadia_2010_jordan_salmon_spawning_assessment_jormon_3_yr4_2010_02_01_th.jpg,
guimond_2005_jr_pink_salmon_transplant_study_04jo01,jrwa_docs_powergeneration_jordanriver_hydro_project_jordan_river_salmon,jrwa_docs_powergeneration_jordanriver_hydro_project_jordan_river_wup_research_012,/objects/guimond_2005_jr_pink_salmon_transplant_study_04jo01.pdf.pdf,Jordan River Pink Salmon Transplant Feasibility Study,E. Guimond,BC Hydro,2005-07,,pdf,pdf,pdf,Hydroelectric; BC Hydro; Salmon; Water Use Plan; ,,/objects/small/guimond_2005_jr_pink_salmon_transplant_study_04jo01_sm.jpg,/objects/thumbs/guimond_2005_jr_pink_salmon_transplant_study_04jo01_th.jpg,
jones_2015_design_and_work_plans_for_gravel_placement_in_jr_fwcp_proposal,jrwa_docs_powergeneration_jordanriver_hydro_project_jordan_river_salmon,jrwa_docs_powergeneration_jordanriver_hydro_project_jordan_river_wup_research_013,/objects/jones_2015_design_and_work_plans_for_gravel_placement_in_jr_fwcp_proposal.pdf.pdf,Design and Work Plans for Gravel Placement in Jordan River Reach 1,"David Burt, Helen Jones, Graham Hill","BC Hydro, ",2015-11-06,,pdf,pdf,pdf,Hydroelectric; BC Hydro; Salmon; Water Use Plan; ,,/objects/small/jones_2015_design_and_work_plans_for_gravel_placement_in_jr_fwcp_proposal_sm.jpg,/objects/thumbs/jones_2015_design_and_work_plans_for_gravel_placement_in_jr_fwcp_proposal_th.jpg,
lgl_ltd_2007_integrated_wildlife_habitat_restoration_plan_project_06_w_jor_01,jrwa_docs_powergeneration_jordanriver_hydro_project_jordan_river_salmon,jrwa_docs_powergeneration_jordanriver_hydro_project_jordan_river_wup_research_014,/objects/lgl_ltd_2007_integrated_wildlife_habitat_restoration_plan_project_06_w_jor_01.pdf.pdf,"Integrated Wildlife Habitat Restoration Plan for the Jordan River Watershed, Southern Vancouver Island, British Columbia",D.W. Burt,BC Hydro,2007-08,,pdf,pdf,pdf,Hydroelectric; BC Hydro; Salmon; Water Use Plan; ,,/objects/small/lgl_ltd_2007_integrated_wildlife_habitat_restoration_plan_project_06_w_jor_01_sm.jpg,/objects/thumbs/lgl_ltd_2007_integrated_wildlife_habitat_restoration_plan_project_06_w_jor_01_th.jpg,
,,,,,,,,,,,,,,,,
,,jrwa_docs_powergeneration_jordanriver_hydro_project_jordan_river_surfing,,Water Use Plan: Surfing,,,,,,record,compound_object,,,/objects/small/bchydr_2_sm.jpg,/objects/thumbs/bchydr_2_th.jpg,
bchydr_2,jrwa_docs_powergeneration_jordanriver_hydro_project_jordan_river_surfing,jrwa_docs_powergeneration_jordanriver_hydro_project_jordan_river_surfing_001,/objects/bchydr_2,Monitoring Surfing Quality below the Jordan River Generating Station (Year 2),,BC Hydro,2007-12,,pdf,pdf,pdf,Hydroelectric; BC Hydro; Surfing; Water Use Plan; ,,/objects/small/bchydr_2_sm.jpg,/objects/thumbs/bchydr_2_th.jpg,
bchydr_1,jrwa_docs_powergeneration_jordanriver_hydro_project_jordan_river_surfing,jrwa_docs_powergeneration_jordanriver_hydro_project_jordan_river_surfing_002,/objects/bchydr_1,Monitoring Surfing Quality Below the Jordan River Generating Station,,BC Hydro,2004-12,,pdf,pdf,pdf,Hydroelectric; BC Hydro; Surfing; Water Use Plan; ,,/objects/small/bchydr_1_sm.jpg,/objects/thumbs/bchydr_1_th.jpg,
,,,,,,,,,,,,,,,,
,,jrwa_docs_powergeneration_jordanriver_hydro_project_jordan_river_fwcp,,Fish and Wildlife Compensation Program,,,,,,record,compound_object,,,/objects/small/fwcp_2011_jordan_river_watershed_plan_final_draft_sm.jpg,/objects/thumbs/fwcp_2011_jordan_river_watershed_plan_final_draft_th.jpg,
fwcp_2011_jordan_river_watershed_plan_final_draft,jrwa_docs_powergeneration_jordanriver_hydro_project_jordan_river_fwcp,jrwa_docs_powergeneration_jordanriver_hydro_project_jordan_river_fwcp_001,/objects/fwcp_2011_jordan_river_watershed_plan_final_draft,Jordan Watershed: Watershed Plan,,Fish and Wildlife Compensation Program,2011-10,,pdf,pdf,pdf,Hydroelectric; Watershed; Ecology; Conservation; Fauna: Salmon ; Habitat; Water Birds; Bats; Plants,,/objects/small/fwcp_2011_jordan_river_watershed_plan_final_draft_sm.jpg,/objects/thumbs/fwcp_2011_jordan_river_watershed_plan_final_draft_th.jpg,
fwcp_2017_jordan_river_watershed_action_plan_final_draft,jrwa_docs_powergeneration_jordanriver_hydro_project_jordan_river_fwcp,jrwa_docs_powergeneration_jordanriver_hydro_project_jordan_river_fwcp_002,/objects/fwcp_2017_jordan_river_watershed_action_plan_final_draft,Jordan River Watershed Action Plan,,Fish and Wildlife Compensation Program,2017-09-28,,pdf,pdf,pdf,Hydroelectric; Watershed; Ecology; Conservation; Fauna: Salmon ; Habitat; Water Birds; Bats; Plants; Reservoir; River; Lakes; Riparian Areas,,/objects/small/fwcp_2017_jordan_river_watershed_action_plan_final_draft_sm.jpg,/objects/thumbs/fwcp_2017_jordan_river_watershed_action_plan_final_draft_th.jpg,
fwcp_2020_jordan_river_watershed_action_plan_final_report,jrwa_docs_powergeneration_jordanriver_hydro_project_jordan_river_fwcp,jrwa_docs_powergeneration_jordanriver_hydro_project_jordan_river_fwcp_003,/objects/fwcp_2020_jordan_river_watershed_action_plan_final_report,Jordan River Watershed Action Plan: Administrative Update,,Fish and Wildlife Compensation Program,2020-07-21,,pdf,pdf,pdf,Hydroelectric; Watershed; Ecology; Conservation; Fauna: Salmon ; Habitat; Water Birds; Bats; Plants; Reservoir; River; Lakes; Riparian Areas,,/objects/small/fwcp_2020_jordan_river_watershed_action_plan_final_report_sm.jpg,/objects/thumbs/fwcp_2020_jordan_river_watershed_action_plan_final_report_th.jpg,
,,,,,,,,,,,,,,,,
,,jrwa_docs_powergeneration_jordanriver_hydro_project_jordan_river_wup,,Water Use Plan,,,,,,record,compound_object,,,/objects/small/bc_hydro_2002_jr_wup_consultiatve_committee_report_sm.jpg,/objects/thumbs/bc_hydro_2002_jr_wup_consultiatve_committee_report_th.jpg,
bc_hydro_2002_jr_wup_consultiatve_committee_report,jrwa_docs_powergeneration_jordanriver_hydro_project_jordan_river_wup,jrwa_docs_powergeneration_jordanriver_hydro_project_jordan_river_wup_001,/objects/bc_hydro_2002_jr_wup_consultiatve_committee_report,Jordan River Water Use Plan: Consultative Committee Report,,BC Hydro,2002-02,,pdf,pdf,pdf,Hydroelectric; Water Use Plan; Surfing; Salmon; Habitat; Recreation,,/objects/small/bc_hydro_2002_jr_wup_consultiatve_committee_report_sm.jpg,/objects/thumbs/bc_hydro_2002_jr_wup_consultiatve_committee_report_th.jpg,
bc_hydro_2003_jordan_river_water_use_plan,jrwa_docs_powergeneration_jordanriver_hydro_project_jordan_river_wup,jrwa_docs_powergeneration_jordanriver_hydro_project_jordan_river_wup_002,/objects/bc_hydro_2003_jordan_river_water_use_plan,Jordan River Water Use Plan B,,BC Hydro,2003-04-30,,pdf,pdf,pdf,Hydroelectric; Water Use Plan; Surfing; Salmon; Habitat; Recreation,,/objects/small/bc_hydro_2003_jordan_river_water_use_plan_sm.jpg,/objects/thumbs/bc_hydro_2003_jordan_river_water_use_plan_th.jpg,
bc_hydro_2008_jr_wup_monitoring_and_physical_works_annual_report,jrwa_docs_powergeneration_jordanriver_hydro_project_jordan_river_wup,jrwa_docs_powergeneration_jordanriver_hydro_project_jordan_river_wup_003,/objects/bc_hydro_2008_jr_wup_monitoring_and_physical_works_annual_report,Jordan River Water Use Plan: Monitoring Programs and Physical Works Annual Report: 2008,,BC Hydro,2008-12,,pdf,pdf,pdf,Hydroelectric; Water Use Plan; Spawning; Salmon; Habitat; Inflow Monitoring; Fish Index,,/objects/small/bc_hydro_2008_jr_wup_monitoring_and_physical_works_annual_report_sm.jpg,/objects/thumbs/bc_hydro_2008_jr_wup_monitoring_and_physical_works_annual_report_th.jpg,
bc_hydro_2014_wup_review_program_information_sheet,jrwa_docs_powergeneration_jordanriver_hydro_project_jordan_river_wup,jrwa_docs_powergeneration_jordanriver_hydro_project_jordan_river_wup_004,/objects/bc_hydro_2014_wup_review_program_information_sheet,Water Use Plan Orders Review Program,,BC Hydro,2014,,pdf,pdf,pdf,Hydroelectric; Water Use Plan;,,/objects/small/bc_hydro_2014_wup_review_program_information_sheet_sm.jpg,/objects/thumbs/bc_hydro_2014_wup_review_program_information_sheet_th.jpg,
bc_hydro_2018_jr_wup_plan_order_review_letter,jrwa_docs_powergeneration_jordanriver_hydro_project_jordan_river_wup,jrwa_docs_powergeneration_jordanriver_hydro_project_jordan_river_wup_005,/objects/bc_hydro_2018_jr_wup_plan_order_review_letter,Water Use Plan Order Review Planning & Licensing,Doug Johnson,BC Hydro,2018-05-18,,pdf,pdf,pdf,Hydroelectric; Water Use Plan;,,/objects/small/bc_hydro_2018_jr_wup_plan_order_review_letter_sm.jpg,/objects/thumbs/bc_hydro_2018_jr_wup_plan_order_review_letter_th.jpg,
bc_hydro_2019_jr_wup_order_review_report_wupor,jrwa_docs_powergeneration_jordanriver_hydro_project_jordan_river_wup,jrwa_docs_powergeneration_jordanriver_hydro_project_jordan_river_wup_006,/objects/bc_hydro_2019_jr_wup_order_review_report_wupor,Jordan River water use plan order review report,,BC Hydro,2019-01,,pdf,pdf,pdf,Hydroelectric; Water Use Plan; Surfing; Salmon; Habitat; Recreation,,/objects/small/bc_hydro_2019_jr_wup_order_review_report_wupor_sm.jpg,/objects/thumbs/bc_hydro_2019_jr_wup_order_review_report_wupor_th.jpg,
consultative_committee_report_page_10_1__review_period,jrwa_docs_powergeneration_jordanriver_hydro_project_jordan_river_wup,jrwa_docs_powergeneration_jordanriver_hydro_project_jordan_river_wup_007,/objects/consultative_committee_report_page_10_1__review_period,Consultative Committee Report: Review Period,,BC Hydro,,,pdf,pdf,pdf,Hydroelectric; Water Use Plan; Mine Remediation; Fish Repopulation,,/objects/small/consultative_committee_report_page_10_1__review_period_sm.jpg,/objects/thumbs/consultative_committee_report_page_10_1__review_period_th.jpg,
dcwr_2004_bc_water_act_order_jordan_river_wup_acceptance_letter,jrwa_docs_powergeneration_jordanriver_hydro_project_jordan_river_wup,jrwa_docs_powergeneration_jordanriver_hydro_project_jordan_river_wup_008,/objects/dcwr_2004_bc_water_act_order_jordan_river_wup_acceptance_letter,Province of British Columbia Water Act ,Glen Davidson,Province of British Columbia,2004-06-23,,pdf,pdf,pdf,Hydroelectric; Water Use Plan; ,,/objects/small/dcwr_2004_bc_water_act_order_jordan_river_wup_acceptance_letter_sm.jpg,/objects/thumbs/dcwr_2004_bc_water_act_order_jordan_river_wup_acceptance_letter_th.jpg,
jordan_river_wupor_report,jrwa_docs_powergeneration_jordanriver_hydro_project_jordan_river_wup,jrwa_docs_powergeneration_jordanriver_hydro_project_jordan_river_wup_009,/objects/jordan_river_wupor_report,Draft: Jordan River water use plan order review report,,BC Hydro,,,pdf,pdf,pdf,Hydroelectric; Water Use Plan;,,/objects/small/jordan_river_wupor_report_sm.jpg,/objects/thumbs/jordan_river_wupor_report_th.jpg,
rrl200_1,jrwa_docs_powergeneration_jordanriver_hydro_project_jordan_river_wup,jrwa_docs_powergeneration_jordanriver_hydro_project_jordan_river_wup_012,/objects/rrl200_1,Jordan River Historical Salmonid Survey,,Recreation Resources Ltd. ,2001-01,,pdf,pdf,pdf,Hydroelectric; Water Use Plan; Salmon; Salmonids; Forestry; Mining; Fisheries; Logging,,/objects/small/rrl200_1_sm.jpg,/objects/thumbs/rrl200_1_th.jpg,
bc_hydro_2002_jr_wup_consultative_committee_report_appendix_d_committee_members,jrwa_docs_powergeneration_jordanriver_hydro_project_jordan_river_wup,jrwa_docs_powergeneration_jordanriver_hydro_project_jordan_river_wup_015,/objects/bc_hydro_2002_jr_wup_consultative_committee_report_appendix_d_committee_members,Appendix D: Committee Members and Observers ,,BC Hydro,2002,,pdf,pdf,pdf,Hydroelectric; Water Use Plan; ,,/objects/small/bc_hydro_2002_jr_wup_consultative_committee_report_appendix_d_committee_members_sm.jpg,/objects/thumbs/bc_hydro_2002_jr_wup_consultative_committee_report_appendix_d_committee_members_th.jpg,
bc_hydro_2002_jr_wup_consultative_committee_report_executive_summary,jrwa_docs_powergeneration_jordanriver_hydro_project_jordan_river_wup,jrwa_docs_powergeneration_jordanriver_hydro_project_jordan_river_wup_016,/objects/bc_hydro_2002_jr_wup_consultative_committee_report_executive_summary,Consultative Committee Report: EXECUTIVE SUMMARY,,BC Hydro,2002,,pdf,pdf,pdf,Hydroelectric; Water Use Plan; Surfing; Salmon; Habitat; Recreation,,/objects/small/bc_hydro_2002_jr_wup_consultative_committee_report_executive_summary_sm.jpg,/objects/thumbs/bc_hydro_2002_jr_wup_consultative_committee_report_executive_summary_th.jpg,
,,,,,,,,,,,,,,,,
 list_and_location_of_bc_hydro_dams,,jrwa_docs_powergeneration_jordanriver_hydro_project_jordan_river,/objects/ list_and_location_of_bc_hydro_dams,List and Location of BC Hydro Dams,,,,,,record,record,Hydroelectric; BC Hydro; Dams,,/objects/small/ list_and_location_of_bc_hydro_dams_sm.jpg,/objects/thumbs/ list_and_location_of_bc_hydro_dams_th.jpg,
,,,,,,,,,,,,,,,,
,,sunromine_claim_and_crown_grant_maps,,Sunro Mine: Claim and Crown Grant Maps,,,,,,record,compound_object,Mining; Land Grant; Mineral Claim; Sunro; Sunloch; Gabbro; Map; Mineral Claims Map,,/objects/small/original_mineral_act_sunro_mine_sm.jpg,/objects/thumbs/original_mineral_act_sunro_mine_th.jpg,
original_mineral_act_sunro_mine,sunromine_claim_and_crown_grant_maps,jrwa_docs_mining_and_exploration_sunromine_claim_and_crown_grant maps_001,/objects/original_mineral_act_sunro_mine.pdf,Original Mineral Act,Deputy Provincial Secretary,,,,pdf,pdf,pdf,Mining; Land Grant; Mineral Claim; Sunro; Sunloch,,/objects/small/original_mineral_act_sunro_mine_sm.jpg,/objects/thumbs/original_mineral_act_sunro_mine_th.jpg,
sunro_crown_grants,sunromine_claim_and_crown_grant_maps,jrwa_docs_mining_and_exploration_sunromine_claim_and_crown_grant maps_002,/objects/sunro_crown_grants.xlsx,Spreadsheet sunro crown grants,,,,,pdf,pdf,record,Mining; Land Grant; Mineral Claim; Sunro; Sunloch; Gabbro,,/objects/small/sunro_crown_grants_sm.jpg,/objects/thumbs/sunro_crown_grants_th.jpg,
crown_grant_info,sunromine_claim_and_crown_grant_maps,jrwa_docs_mining_and_exploration_sunromine_claim_and_crown_grant maps_003,/objects/crown_grant_info.png,Crown Granted 2 Post Mineral Claim Notices,,British Columbia,,,image/png,image,image,Mining; Land Grant; Mineral Claim,,/objects/small/crown_grant_info_sm.jpg,/objects/thumbs/crown_grant_info_th.jpg,
crown_land_grants_a_history_of_the_e_and_n,sunromine_claim_and_crown_grant_maps,jrwa_docs_mining_and_exploration_sunromine_claim_and_crown_grant maps_004,/objects/crown_land_grants_a_history_of_the_e_and_n.pdf,"CROWN LAND GRANTS: A HISTORY OF THE ESQUIMALT AND NANAIMO RAILWAY LAND GRANTS, THE RAILWAY BELT AND THE PEACE RIVER BLOCK",W. A. Taylor.,"Ministry of Environment, Lands and Parks",1975,,pdf,pdf,pdf,Mining; Mining Law; Railroad Land Grants; British Columbia; ,,/objects/small/crown_land_grants_a_history_of_the_e_and_n_sm.jpg,/objects/thumbs/crown_land_grants_a_history_of_the_e_and_n_th.jpg,
geology_map_1921_fileid_15088,sunromine_claim_and_crown_grant_maps,jrwa_docs_mining_and_exploration_sunromine_claim_and_crown_grant maps_005,/objects/geology_map_1921_fileid_15088.pdf,Geological Map of the Jordan River Area,E.E. Erich and Roland Blanchard,,1921-04-01,,pdf,pdf,pdf,Mining; Mining Map; Old Map; Geology; Geology Map ,,/objects/small/geology_map_1921_fileid_15088_sm.jpg,/objects/thumbs/geology_map_1921_fileid_15088_th.jpg,
jr_crown_grants_default_landscape___17x22,sunromine_claim_and_crown_grant_maps,jrwa_docs_mining_and_exploration_sunromine_claim_and_crown_grant maps_006,/objects/jr_crown_grants_default_landscape___17x22.pdf,JR Crown Grants,,iMapBC Mapping,,,pdf,pdf,pdf,Mining; Land Grant; Mineral Claim,,/objects/small/jr_crown_grants_default_landscape___17x22_sm.jpg,/objects/thumbs/jr_crown_grants_default_landscape___17x22_th.jpg,
mineral_claim_map_1920_fileid_15106,sunromine_claim_and_crown_grant_maps,jrwa_docs_mining_and_exploration_sunromine_claim_and_crown_grant maps_007,/objects/mineral_claim_map_1920_fileid_15106.pdf,Mineral Claims on Jordan River,,B.C. Bureau of Mines,1920,,pdf,pdf,pdf,Mining; Land Grant; Mineral Claim; Sunro; Sunloch; Gabbro; Map; Mineral Claims Map,,/objects/small/mineral_claim_map_1920_fileid_15106_sm.jpg,/objects/thumbs/mineral_claim_map_1920_fileid_15106_th.jpg,
mineral_claim_map_1955_fileid_15109,sunromine_claim_and_crown_grant_maps,jrwa_docs_mining_and_exploration_sunromine_claim_and_crown_grant maps_008,/objects/mineral_claim_map_1955_fileid_15109.pdf,Index Map of Gabbro Mines Ltd. ,M. M Menzies,,1955,,pdf,pdf,pdf,Mining; Land Grant; Mineral Claim; Sunro; Sunloch; Gabbro; Map; Mineral Claims Map,,/objects/small/mineral_claim_map_1955_fileid_15109_sm.jpg,/objects/thumbs/mineral_claim_map_1955_fileid_15109_th.jpg,
mineral_claims_fileid_15084,sunromine_claim_and_crown_grant_maps,jrwa_docs_mining_and_exploration_sunromine_claim_and_crown_grant maps_009,/objects/mineral_claims_fileid_15084.pdf,Mineral Claims on Jordan River: Renfrew District B.C. ,F.C. Green ,,,,pdf,pdf,pdf,Mining; Land Grant; Mineral Claim; Sunro; Sunloch; Gabbro; Map; Mineral Claims Map,,/objects/small/mineral_claims_fileid_15084_sm.jpg,/objects/thumbs/mineral_claims_fileid_15084_th.jpg,
mineral_claims_fileid_15105,sunromine_claim_and_crown_grant_maps,jrwa_docs_mining_and_exploration_sunromine_claim_and_crown_grant maps_010,/objects/mineral_claims_fileid_15105.pdf,Mineral Claims on Jordan River: Renfrew District B.C. ,F.C. Green ,,,,pdf,pdf,pdf,Mining; Land Grant; Mineral Claim; Sunro; Sunloch; Gabbro; Map; Mineral Claims Map,,/objects/small/mineral_claims_fileid_15105_sm.jpg,/objects/thumbs/mineral_claims_fileid_15105_th.jpg,
all_files_claim_and_crown_grant_maps,sunromine_claim_and_crown_grant_maps,jrwa_docs_mining_and_exploration_sunromine_claim_and_crown_grant maps_011,/objects/all_files_claim_and_crown_grant_maps.zip,ZIP - Claim and Crown Grant Maps,,,,,,,record,Mining; Land Grant; Mineral Claim; Sunro; Sunloch; Gabbro; Map; Mineral Claims Map,,/objects/small/all_files_claim_and_crown_grant_maps_sm.jpg,/objects/thumbs/all_files_claim_and_crown_grant_maps_th.jpg,
,,,,,,,,,,,,,,,,
,,sunromine_historical_photos,,Sunro Mine: Historical Photos,,,,,,record,compound_object,Mining; Historical Photos; Adit Portal; Drill Bit; Settling Pond; Mill,,/objects/small/adit_portal_1958_fileid_15129_sm.jpg,/objects/thumbs/adit_portal_1958_fileid_15129_th.jpg,
sunro_mine_historic_photos,sunromine_historical_photos,sunromine_historical_photos_001,/objects/sunro_mine_historic_photos.zip,ZIP File - Sunro Mine Historical Photos,,,,,zip file,zip file,pdf,Mining; Historical Photos; Adit Portal; Drill Bit; Settling Pond; Mill,,/objects/small/adit_portal_1958_fileid_15129_sm.jpg,/objects/thumbs/adit_portal_1958_fileid_15129_th.jpg,
adit_portal_1958_fileid_15129,sunromine_historical_photos,sunromine_historical_photos_002,/objects/historic_photos\adit_portal_1958_fileid_15129.pdf,Adit Portal 1958,,,1958,,pdf,pdf,pdf,Mining; Historical Photos; Adit Portal,,/objects/small/adit_portal_1958_fileid_15129_sm.jpg,/objects/thumbs/adit_portal_1958_fileid_15129_th.jpg,
"jr_bcgs_photo,_mine_portal__1958",sunromine_historical_photos,sunromine_historical_photos_003,"/objects/historic_photos\jr_bcgs_photo,_mine_portal__1958.pdf",Adit Portal 1958,,,1958,,pdf,pdf,pdf,Mining; Historical Photos; Adit Portal,,"/objects/small/jr_bcgs_photo,_mine_portal__1958_sm.jpg","/objects/thumbs/jr_bcgs_photo,_mine_portal__1958_th.jpg",
jr_bcgs_photo_settling_pond_1958_fileid_15115,sunromine_historical_photos,sunromine_historical_photos_004,/objects/historic_photos\jr_bcgs_photo_settling_pond_1958_fileid_15115.pdf,Photo of Settling Pond,,British Columbia Geological Survey,1958,,pdf,pdf,pdf,Mining; Historical Photos; Settling Pond,,/objects/small/jr_bcgs_photo_settling_pond_1958_fileid_15115_sm.jpg,/objects/thumbs/jr_bcgs_photo_settling_pond_1958_fileid_15115_th.jpg,
ore_processing_fileid_15134,sunromine_historical_photos,sunromine_historical_photos_005,/objects/historic_photos\ore_processing_fileid_15134.pdf,Ore Processing,,,,,pdf,pdf,pdf,Mining; Historical Photos; Drill Bit,,/objects/small/ore_processing_fileid_15134_sm.jpg,/objects/thumbs/ore_processing_fileid_15134_th.jpg,
pf006082_5100_adit,sunromine_historical_photos,sunromine_historical_photos_006,/objects/historic_photos\pf006082_5100_adit.pdf,5100 Adit,,,,,pdf,pdf,pdf,Mining; Historical Photos; Adit Portal,,/objects/small/pf006082_5100_adit_sm.jpg,/objects/thumbs/pf006082_5100_adit_th.jpg,
pf531016_pond,sunromine_historical_photos,sunromine_historical_photos_008,/objects/historic_photos\pf531016_pond.pdf,Visit to Sunro Mine 1974 - Settling Pond,,,1974,,pdf,pdf,pdf,Mining; Historical Photos; Settling Pond,,/objects/small/pf531016_pond_sm.jpg,/objects/thumbs/pf531016_pond_th.jpg,
pf531017_mill,sunromine_historical_photos,sunromine_historical_photos_009,/objects/historic_photos\pf531017_mill.pdf,Visit to Sunro Mine 1974 - Mill,,,1975,,pdf,pdf,pdf,Mining; Historical Photos; Mill,,/objects/small/pf531017_mill_sm.jpg,/objects/thumbs/pf531017_mill_th.jpg,
,,,,,,,,,,,,,,,,
,,sunromine_maps,,Sunro Mine: Maps,,,,,,record,compound_object,Mining; Sunro Maps; Cowichan; ,,/objects/small/ventalation_plan_1966_fileid_12760_sm.jpg,/objects/thumbs/ventalation_plan_1966_fileid_12760_th.jpg,
mine_maps,sunromine_maps,sunromine_maps_001,/objects/mine_maps.zip,ZIP File - Sunro Mine Maps,,,,,zip file,zip file,pdf,Mining; Sunro Maps; Cowichan; ,,/objects/small/ventalation_plan_1966_fileid_12760_sm.jpg,/objects/thumbs/ventalation_plan_1966_fileid_12760_th.jpg,
ventalation_plan_1966_fileid_12760,sunromine_maps,sunromine_maps_002,/objects/ventalation_plan_1966_fileid_12760.pdf,Sunro Map: Ventilation Plan,,,1966,,pdf,pdf,pdf,Mining; Sunro Maps; Cowichan; ,,/objects/small/ventalation_plan_1966_fileid_12760_sm.jpg,/objects/thumbs/ventalation_plan_1966_fileid_12760_th.jpg,
zone_plan_map_1950_fileid_13619,sunromine_maps,sunromine_maps_003,/objects/zone_plan_map_1950_fileid_13619.pdf,Sunro Map: Zone Plan ,Hedley Mascot Gold Mines LTD.,British Columbia Geological Survey,1950,,pdf,pdf,pdf,Mining; Sunro Maps; Cowichan; ,,/objects/small/zone_plan_map_1950_fileid_13619_sm.jpg,/objects/thumbs/zone_plan_map_1950_fileid_13619_th.jpg,
assay_sample_locations_1962_fileid_15111,sunromine_maps,sunromine_maps_004,/objects/assay_sample_locations_1962_fileid_15111.pdf,Sunro Map: Underground Assay Sample Locations,,British Columbia Geological Survey,1962,,pdf,pdf,pdf,Mining; Sunro Maps; Cowichan; ,,/objects/small/assay_sample_locations_1962_fileid_15111_sm.jpg,/objects/thumbs/assay_sample_locations_1962_fileid_15111_th.jpg,
bacon_1969_drilled_ore_zones_maps,sunromine_maps,sunromine_maps_005,/objects/bacon_1969_drilled_ore_zones_maps.pdf,Sunro Map: Drilled Ore Zones ,Bacon and Crowhurst LTD. ,Bacon and Crowhurst LTD. ,1969-04-15,,pdf,pdf,pdf,Mining; Sunro Maps; Cowichan; ,,/objects/small/bacon_1969_drilled_ore_zones_maps_sm.jpg,/objects/thumbs/bacon_1969_drilled_ore_zones_maps_th.jpg,
bcgs_sunloch_mine_1918_sketchof_workings,sunromine_maps,sunromine_maps_007,/objects/bcgs_sunloch_mine_1918_sketchof_workings.png,Sunro Map: Sketch of Workings,B.C. Bureau of Mines,B.C. Bureau of Mines,1918,,png,png,image,Mining; Sunro Maps; Cowichan; ,,/objects/small/bcgs_sunloch_mine_1918_sketchof_workings_sm.jpg,/objects/thumbs/bcgs_sunloch_mine_1918_sketchof_workings_th.jpg,
bulkheads_fileid_12761_some_blhds,sunromine_maps,sunromine_maps_008,/objects/bulkheads_fileid_12761_some_blhds.pdf,Sunro Map: Level Plans,Cowichan Copper Co. LTD. ,British Columbia Geological Survey,,,pdf,pdf,pdf,Mining; Sunro Maps; Cowichan; ,,/objects/small/bulkheads_fileid_12761_some_blhds_sm.jpg,/objects/thumbs/bulkheads_fileid_12761_some_blhds_th.jpg,
bulkheads_fileid_12762_upper_l_blkhs,sunromine_maps,sunromine_maps_009,/objects/bulkheads_fileid_12762_upper_l_blkhs.pdf,Sunro Map: Bulkheads Plan and Sections,Cowichan Copper Co. LTD. ,British Columbia Geological Survey,,,pdf,pdf,pdf,Mining; Sunro Maps; Cowichan; ,,/objects/small/bulkheads_fileid_12762_upper_l_blkhs_sm.jpg,/objects/thumbs/bulkheads_fileid_12762_upper_l_blkhs_th.jpg,
cave_zone_1969_fileid_72622,sunromine_maps,sunromine_maps_010,/objects/cave_zone_1969_fileid_72622.pdf,Sunro Map: Cave Zone,Cerna Copper,Cerna Copper,1969-04-02,,pdf,pdf,pdf,Mining; Sunro Maps; Cowichan; ,,/objects/small/cave_zone_1969_fileid_72622_sm.jpg,/objects/thumbs/cave_zone_1969_fileid_72622_th.jpg,
coloured_3100_level_plan_fileid_72621,sunromine_maps,sunromine_maps_011,/objects/coloured_3100_level_plan_fileid_72621.pdf,Sunro Map: Coloured,Cowichan Copper Co. LTD. ,British Columbia Geological Survey,,,pdf,pdf,pdf,Mining; Sunro Maps; Cowichan; ,,/objects/small/coloured_3100_level_plan_fileid_72621_sm.jpg,/objects/thumbs/coloured_3100_level_plan_fileid_72621_th.jpg,
cowichan_copper_1963_5100_level_ore_bodies_and_geology_map,sunromine_maps,sunromine_maps_012,/objects/cowichan_copper_1963_5100_level_ore_bodies_and_geology_map.pdf,Sunro Map: Level Ore Bodies and Geology ,R.M.,"Hill, Starck, & Associates",1963,,pdf,pdf,pdf,Mining; Sunro Maps; Cowichan; ,,/objects/small/cowichan_copper_1963_5100_level_ore_bodies_and_geology_map_sm.jpg,/objects/thumbs/cowichan_copper_1963_5100_level_ore_bodies_and_geology_map_th.jpg,
cowichan_copper_1963_cave_centre_new_zones_ore_map,sunromine_maps,sunromine_maps_013,/objects/cowichan_copper_1963_cave_centre_new_zones_ore_map.pdf,Sunro Map: Cave Center New Zones ,R.M.,"Hill, Starck, & Associates",1963,,pdf,pdf,pdf,Mining; Sunro Maps; Cowichan; ,,/objects/small/cowichan_copper_1963_cave_centre_new_zones_ore_map_sm.jpg,/objects/thumbs/cowichan_copper_1963_cave_centre_new_zones_ore_map_th.jpg,
cowichan_copper_1963_ore_body_by_level_maps,sunromine_maps,sunromine_maps_014,/objects/cowichan_copper_1963_ore_body_by_level_maps.pdf,Sunro Map: Ore Body by Level,R.M.,"Hill, Starck, & Associates",1963,,pdf,pdf,pdf,Mining; Sunro Maps; Cowichan; ,,/objects/small/cowichan_copper_1963_ore_body_by_level_maps_sm.jpg,/objects/thumbs/cowichan_copper_1963_ore_body_by_level_maps_th.jpg,
cowichan_copper_1964_cross_section_of_river_ore_zones_bcgs_fileid_7868,sunromine_maps,sunromine_maps_015,/objects/cowichan_copper_1964_cross_section_of_river_ore_zones_bcgs_fileid_7868.pdf,Sunro Map: Cross Section of Ore Zones,C.M.,Cowichan Copper Co. LTD. ,1964,,pdf,pdf,pdf,Mining; Sunro Maps; Cowichan; ,,/objects/small/cowichan_copper_1964_cross_section_of_river_ore_zones_bcgs_fileid_7868_sm.jpg,/objects/thumbs/cowichan_copper_1964_cross_section_of_river_ore_zones_bcgs_fileid_7868_th.jpg,
cowichan_copper_1969_5126_level_map_bcgs_fileid_12766,sunromine_maps,sunromine_maps_016,/objects/cowichan_copper_1969_5126_level_map_bcgs_fileid_12766.pdf,Sunro Map: Side Elevation Mill Crusher Rooms,C.M.,Cowichan Copper Co. LTD. ,1969,,pdf,pdf,pdf,Mining; Sunro Maps; Cowichan; ,,/objects/small/cowichan_copper_1969_5126_level_map_bcgs_fileid_12766_sm.jpg,/objects/thumbs/cowichan_copper_1969_5126_level_map_bcgs_fileid_12766_th.jpg,
cowichan_copper_1969_5130_level_map_bcgs_fileid_7861,sunromine_maps,sunromine_maps_018,/objects/cowichan_copper_1969_5130_level_map_bcgs_fileid_7861.pdf,Sunro Map: Elv. 5130,Cowichan Copper Co. LTD. ,Cowichan Copper Co. LTD. ,1969,,pdf,pdf,pdf,Mining; Sunro Maps; Cowichan; ,,/objects/small/cowichan_copper_1969_5130_level_map_bcgs_fileid_7861_sm.jpg,/objects/thumbs/cowichan_copper_1969_5130_level_map_bcgs_fileid_7861_th.jpg,
cowichan_copper_1969_5210_level_map_bcgs_fileid_7862,sunromine_maps,sunromine_maps_019,/objects/cowichan_copper_1969_5210_level_map_bcgs_fileid_7862.pdf,Sunro Map: Elv. 5210 ,Cowichan Copper Co. LTD. ,Cowichan Copper Co. LTD. ,1969,,pdf,pdf,pdf,Mining; Sunro Maps; Cowichan; ,,/objects/small/cowichan_copper_1969_5210_level_map_bcgs_fileid_7862_sm.jpg,/objects/thumbs/cowichan_copper_1969_5210_level_map_bcgs_fileid_7862_th.jpg,
cowichan_copper_1969_5210_level_map_bcgs_fileid_13628,sunromine_maps,sunromine_maps_020,/objects/cowichan_copper_1969_5210_level_map_bcgs_fileid_13628.pdf,Sunro Map: Elv. 5210 Plan,Cowichan Copper Co. LTD. ,Cowichan Copper Co. LTD. ,1969,,pdf,pdf,pdf,Mining; Sunro Maps; Cowichan; ,,/objects/small/cowichan_copper_1969_5210_level_map_bcgs_fileid_13628_sm.jpg,/objects/thumbs/cowichan_copper_1969_5210_level_map_bcgs_fileid_13628_th.jpg,
cowichan_copper_1969_5300_level_map_bcgs_fileid_7863,sunromine_maps,sunromine_maps_021,/objects/cowichan_copper_1969_5300_level_map_bcgs_fileid_7863.pdf,Sunro Map: Elv. 5300 ,Cowichan Copper Co. LTD. ,Cowichan Copper Co. LTD. ,1969,,pdf,pdf,pdf,Mining; Sunro Maps; Cowichan; ,,/objects/small/cowichan_copper_1969_5300_level_map_bcgs_fileid_7863_sm.jpg,/objects/thumbs/cowichan_copper_1969_5300_level_map_bcgs_fileid_7863_th.jpg,
cowichan_copper_1969_5300_level_map_bcgs_fileid_12765,sunromine_maps,sunromine_maps_022,/objects/cowichan_copper_1969_5300_level_map_bcgs_fileid_12765.pdf,Sunro Map: Elv. 5300 Plan,Cowichan Copper Co. LTD. ,Cowichan Copper Co. LTD. ,1969,,pdf,pdf,pdf,Mining; Sunro Maps; Cowichan; ,,/objects/small/cowichan_copper_1969_5300_level_map_bcgs_fileid_12765_sm.jpg,/objects/thumbs/cowichan_copper_1969_5300_level_map_bcgs_fileid_12765_th.jpg,
cowichan_copper_1969_5400_level_map_bcgs_fileid_7864,sunromine_maps,sunromine_maps_023,/objects/cowichan_copper_1969_5400_level_map_bcgs_fileid_7864.pdf,Sunro Map: Elv. 5400,Cowichan Copper Co. LTD. ,Cowichan Copper Co. LTD. ,1969,,pdf,pdf,pdf,Mining; Sunro Maps; Cowichan; ,,/objects/small/cowichan_copper_1969_5400_level_map_bcgs_fileid_7864_sm.jpg,/objects/thumbs/cowichan_copper_1969_5400_level_map_bcgs_fileid_7864_th.jpg,
cowichan_copper_1969_5400_level_map_bcgs_fileid_12764,sunromine_maps,sunromine_maps_024,/objects/cowichan_copper_1969_5400_level_map_bcgs_fileid_12764.pdf,Sunro Map: Elv. 5400 Plan,Cowichan Copper Co. LTD. ,Cowichan Copper Co. LTD. ,1969,,pdf,pdf,pdf,Mining; Sunro Maps; Cowichan; ,,/objects/small/cowichan_copper_1969_5400_level_map_bcgs_fileid_12764_sm.jpg,/objects/thumbs/cowichan_copper_1969_5400_level_map_bcgs_fileid_12764_th.jpg,
cowichan_copper_1969_5500_level_map_bcgs_fileid_7865,sunromine_maps,sunromine_maps_025,/objects/cowichan_copper_1969_5500_level_map_bcgs_fileid_7865.pdf,Sunro Map: Elv. 5500,Cowichan Copper Co. LTD. ,Cowichan Copper Co. LTD. ,1969,,pdf,pdf,pdf,Mining; Sunro Maps; Cowichan; ,,/objects/small/cowichan_copper_1969_5500_level_map_bcgs_fileid_7865_sm.jpg,/objects/thumbs/cowichan_copper_1969_5500_level_map_bcgs_fileid_7865_th.jpg,
cowichan_copper_1969_5615_level_map_bcgs_fileid_13627,sunromine_maps,sunromine_maps_026,/objects/cowichan_copper_1969_5615_level_map_bcgs_fileid_13627.pdf,Sunro Map: Elv. 5515 Plan,Cowichan Copper Co. LTD. ,Cowichan Copper Co. LTD. ,1969,,pdf,pdf,pdf,Mining; Sunro Maps; Cowichan; ,,/objects/small/cowichan_copper_1969_5615_level_map_bcgs_fileid_13627_sm.jpg,/objects/thumbs/cowichan_copper_1969_5615_level_map_bcgs_fileid_13627_th.jpg,
cowichan_copper_1969_5670_level_map_bcgs_fileid_7867,sunromine_maps,sunromine_maps_027,/objects/cowichan_copper_1969_5670_level_map_bcgs_fileid_7867.pdf,Sunro Map: Elv 5670,Cowichan Copper Co. LTD. ,Cowichan Copper Co. LTD. ,1969,,pdf,pdf,pdf,Mining; Sunro Maps; Cowichan; ,,/objects/small/cowichan_copper_1969_5670_level_map_bcgs_fileid_7867_sm.jpg,/objects/thumbs/cowichan_copper_1969_5670_level_map_bcgs_fileid_7867_th.jpg,
cowichan_copper_1969_5670_level_map_bcgs_fileid_13625,sunromine_maps,sunromine_maps_028,/objects/cowichan_copper_1969_5670_level_map_bcgs_fileid_13625.pdf,Sunro Map: Elv 5670 Plan,Cowichan Copper Co. LTD. ,Cowichan Copper Co. LTD. ,1969,,pdf,pdf,pdf,Mining; Sunro Maps; Cowichan; ,,/objects/small/cowichan_copper_1969_5670_level_map_bcgs_fileid_13625_sm.jpg,/objects/thumbs/cowichan_copper_1969_5670_level_map_bcgs_fileid_13625_th.jpg,
cowichan_copper_1971_surface_geology_map_bcgs_fileid_15102,sunromine_maps,sunromine_maps_029,/objects/cowichan_copper_1971_surface_geology_map_bcgs_fileid_15102.pdf,Sunro Map: Surface Geology Maps Coloured,G. Meusy,British Columbia Geological Survey,1971,,pdf,pdf,pdf,Mining; Sunro Maps; Cowichan; ,,/objects/small/cowichan_copper_1971_surface_geology_map_bcgs_fileid_15102_sm.jpg,/objects/thumbs/cowichan_copper_1971_surface_geology_map_bcgs_fileid_15102_th.jpg,
haulage_drive_fileid_12767,sunromine_maps,sunromine_maps_030,/objects/haulage_drive_fileid_12767.pdf,Sunro Map: ,,,,,pdf,pdf,pdf,Mining; Sunro Maps; Cowichan; ,,/objects/small/haulage_drive_fileid_12767_sm.jpg,/objects/thumbs/haulage_drive_fileid_12767_th.jpg,
level_5100_fileid_15083,sunromine_maps,sunromine_maps_031,/objects/level_5100_fileid_15083.pdf,Sunro Map: Property File,Cowichan Copper Co. LTD. ,Cowichan Copper Co. LTD. ,,,pdf,pdf,pdf,Mining; Sunro Maps; Cowichan; ,,/objects/small/level_5100_fileid_15083_sm.jpg,/objects/thumbs/level_5100_fileid_15083_th.jpg,
level_5300_1962_fileid_15091,sunromine_maps,sunromine_maps_032,/objects/level_5300_1962_fileid_15091.pdf,Sunro Map: 5300 level,Cowichan Copper Co. LTD. ,British Columbia Geological Survey,1962,,pdf,pdf,pdf,Mining; Sunro Maps; Cowichan; ,,/objects/small/level_5300_1962_fileid_15091_sm.jpg,/objects/thumbs/level_5300_1962_fileid_15091_th.jpg,
level_5300_1962_fileid_15108,sunromine_maps,sunromine_maps_033,/objects/level_5300_1962_fileid_15108.pdf,Sunro Map: Survey Data,Cowichan Copper Co. LTD. ,British Columbia Geological Survey,1962,,pdf,pdf,pdf,Mining; Sunro Maps; Cowichan; ,,/objects/small/level_5300_1962_fileid_15108_sm.jpg,/objects/thumbs/level_5300_1962_fileid_15108_th.jpg,
level_5300_fileid_15082,sunromine_maps,sunromine_maps_034,/objects/level_5300_fileid_15082.pdf,Sunro Map: 5300 Level,Cowichan Copper Co. LTD. ,British Columbia Geological Survey,,,pdf,pdf,pdf,Mining; Sunro Maps; Cowichan; ,,/objects/small/level_5300_fileid_15082_sm.jpg,/objects/thumbs/level_5300_fileid_15082_th.jpg,
level_5500_fileid_15081,sunromine_maps,sunromine_maps_035,/objects/level_5500_fileid_15081.pdf,Sunro Map: 5500 ,Cowichan Copper Co. LTD. ,Cowichan Copper Co. LTD. ,,,pdf,pdf,pdf,Mining; Sunro Maps; Cowichan; ,,/objects/small/level_5500_fileid_15081_sm.jpg,/objects/thumbs/level_5500_fileid_15081_th.jpg,
main_adit_5300_1_fileid_7860,sunromine_maps,sunromine_maps_036,/objects/main_adit_5300_1_fileid_7860.pdf,Sunro Map: 5130 Main Adit Geological Map,Cowichan Copper Co. LTD. ,Cowichan Copper Co. LTD. ,1971,,pdf,pdf,pdf,Mining; Sunro Maps; Cowichan; ,,/objects/small/main_adit_5300_1_fileid_7860_sm.jpg,/objects/thumbs/main_adit_5300_1_fileid_7860_th.jpg,
main_adit_5300_2_fileid_15075,sunromine_maps,sunromine_maps_037,/objects/main_adit_5300_2_fileid_15075.pdf,Sunro Map: 5100 Level Adit,Cowichan Copper Co. LTD. ,British Columbia Geological Survey,1958,,pdf,pdf,pdf,Mining; Sunro Maps; Cowichan; ,,/objects/small/main_adit_5300_2_fileid_15075_sm.jpg,/objects/thumbs/main_adit_5300_2_fileid_15075_th.jpg,
main_adit_5300_colour_1959__fileid_15103,sunromine_maps,sunromine_maps_038,/objects/main_adit_5300_colour_1959__fileid_15103.pdf,Sunro Map: 5300 Main Adit Colour,Cowichan Copper Co. LTD. ,Cowichan Copper Co. LTD. ,1959,,pdf,pdf,pdf,Mining; Sunro Maps; Cowichan; ,,/objects/small/main_adit_5300_colour_1959__fileid_15103_sm.jpg,/objects/thumbs/main_adit_5300_colour_1959__fileid_15103_th.jpg,
ore_zone_adits_and_tunnel_1960_fileid_15099,sunromine_maps,sunromine_maps_039,/objects/ore_zone_adits_and_tunnel_1960_fileid_15099.pdf,Sunro Map: Mine Geology,Cowichan Copper Co. LTD. ,British Columbia Geological Survey,1960,,pdf,pdf,pdf,Mining; Sunro Maps; Cowichan; ,,/objects/small/ore_zone_adits_and_tunnel_1960_fileid_15099_sm.jpg,/objects/thumbs/ore_zone_adits_and_tunnel_1960_fileid_15099_th.jpg,
ore_zones_1969_fileid_72623,sunromine_maps,sunromine_maps_041,/objects/ore_zones_1969_fileid_72623.pdf,Sunro Map: Orebodies,D.W. Pringle and Associates,British Columbia Geological Survey,1969,,pdf,pdf,pdf,Mining; Sunro Maps; Cowichan; ,,/objects/small/ore_zones_1969_fileid_72623_sm.jpg,/objects/thumbs/ore_zones_1969_fileid_72623_th.jpg,
ore_zones_cross_section_fileid_13621,sunromine_maps,sunromine_maps_042,/objects/ore_zones_cross_section_fileid_13621.pdf,Sunro Map: Ore Zone Cross Sections ,,,,,pdf,pdf,pdf,Mining; Sunro Maps; Cowichan; ,,/objects/small/ore_zones_cross_section_fileid_13621_sm.jpg,/objects/thumbs/ore_zones_cross_section_fileid_13621_th.jpg,
regional_plan_map_1960_with_regional_claims_and_grid_bcgs_fileid_13620,sunromine_maps,sunromine_maps_043,/objects/regional_plan_map_1960_with_regional_claims_and_grid_bcgs_fileid_13620.pdf,Sunro Map: Regional Plan Claims and Grid ,Cowichan Copper Co. LTD. ,British Columbia Geological Survey,1960,,pdf,pdf,pdf,Mining; Sunro Maps; Cowichan; ,,/objects/small/regional_plan_map_1960_with_regional_claims_and_grid_bcgs_fileid_13620_sm.jpg,/objects/thumbs/regional_plan_map_1960_with_regional_claims_and_grid_bcgs_fileid_13620_th.jpg,
regional_plan_map_fileid_12757,sunromine_maps,sunromine_maps_045,/objects/regional_plan_map_fileid_12757.pdf,Sunro Map: ,,,,,pdf,pdf,pdf,Mining; Sunro Maps; Cowichan; ,,/objects/small/regional_plan_map_fileid_12757_sm.jpg,/objects/thumbs/regional_plan_map_fileid_12757_th.jpg,
surface_development_1921_fileid_15095,sunromine_maps,sunromine_maps_046,/objects/surface_development_1921_fileid_15095.pdf,Sunro Map: Surface Development,Cowichan Copper Co. LTD. ,E. E. Erich & Rowan Blonchard,1921,,pdf,pdf,pdf,Mining; Sunro Maps; Cowichan; ,,/objects/small/surface_development_1921_fileid_15095_sm.jpg,/objects/thumbs/surface_development_1921_fileid_15095_th.jpg,
,,,,,,,,,,,,,,,,
,,sunromine_underground_digital_composition,,Sunro Mine Underground Digital Composition,,,,,,record,compound_object,zip file; Mining; New Sunro Maps; Digital Maps; GIS,,/objects/small/mine_underground_digital_composition_sm.jpg,/objects/thumbs/mine_underground_digital_composition_th.jpg,
mine_underground_digital_composition,sunromine_underground_digital_composition,jrpg_mining&exploration_sunro_mineunderground_digital composittion_001,mine_underground_digital_composition.zip,"ZIP File - Sunro Mine - Mine Underground Digital Composition - Shape FIles. Images, and pdfs",,,,,zip file,zip file,pdf,zip file; Mining; New Sunro Maps; Digital Maps; GIS,,/objects/small/mine_underground_digital_composition_sm.jpg,/objects/thumbs/mine_underground_digital_composition_th.jpg,
jackaman_2017_new_sunro_mine_level_maps,sunromine_underground_digital_composition,sunromine_underground_digital_composition_001,/objects/jackaman_2017_new_sunro_mine_level_maps.pdf,New Sunro Level Maps,Wayne Jackman,,2017,,pdf,pdf,pdf,Mining; New Sunro Maps; Digital Maps; GIS,,/objects/small/jackaman_2017_new_sunro_mine_level_maps_sm.jpg,/objects/thumbs/jackaman_2017_new_sunro_mine_level_maps_th.jpg,
level_elev,sunromine_underground_digital_composition,sunromine_underground_digital_composition_002,/objects/level_elev.xlsx,Levels Elevations Spreadsheet,Wayne Jackman,,2017,,pdf,pdf,record,Mining; New Sunro Maps; Digital Maps; GIS,,/objects/small/level_elev_sm.jpg,/objects/thumbs/level_elev_th.jpg,
image1,sunromine_underground_digital_composition,sunromine_underground_digital_composition_003,/objects/image1.jpg,New Sunro Level Maps Image 1,Wayne Jackman,,2017,,jpg,jpg,image,Mining; New Sunro Maps; Digital Maps; GIS,,/objects/small/image1_sm.jpg,/objects/thumbs/image1_th.jpg,
image2,sunromine_underground_digital_composition,sunromine_underground_digital_composition_004,/objects/image2.jpg,New Sunro Level Maps Image 2,Wayne Jackman,,2017,,jpg,jpg,image,Mining; New Sunro Maps; Digital Maps; GIS,,/objects/small/image2_sm.jpg,/objects/thumbs/image2_th.jpg,
jpg_files,sunromine_underground_digital_composition,sunromine_underground_digital_composition_005,/objects/jpg_files.7z,jpg files - New Sunro Level Maps,Wayne Jackman,,2017,,pdf,pdf,record,Mining; New Sunro Maps; Digital Maps; GIS; Zip File,,/objects/small/jpg_files_sm.jpg,/objects/thumbs/jpg_files_th.jpg,
shp_files,sunromine_underground_digital_composition,sunromine_underground_digital_composition_006,/objects/shp_files.7z,shp files - New Sunro Level Maps,Wayne Jackman,,2017,,pdf,pdf,record,Mining; New Sunro Maps; Digital Maps; GIS; Zip File,,/objects/small/shp_files_sm.jpg,/objects/thumbs/shp_files_th.jpg,
tiff_files,sunromine_underground_digital_composition,sunromine_underground_digital_composition_007,/objects/tiff_files.7z,tiff files - New Sunro Level Maps,Wayne Jackman,,2017,,pdf,pdf,record,Mining; New Sunro Maps; Digital Maps; GIS; Zip File,,/objects/small/tiff_files_sm.jpg,/objects/thumbs/tiff_files_th.jpg,
_ref_grid,sunromine_underground_digital_composition,sunromine_underground_digital_composition_008,/objects/_ref_grid.7z,refgrid files - New Sunro Level Maps,Wayne Jackman,,2017,,pdf,pdf,record,Mining; New Sunro Maps; Digital Maps; GIS; Zip File,,/objects/small/_ref_grid_sm.jpg,/objects/thumbs/_ref_grid_th.jpg,
1_tunnels,sunromine_underground_digital_composition,sunromine_underground_digital_composition_009,/objects/1_tunnels.7z,tunnels files - New Sunro Level Maps,Wayne Jackman,,2017,,pdf,pdf,record,Mining; New Sunro Maps; Digital Maps; GIS; Zip File,,/objects/small/1_tunnels_sm.jpg,/objects/thumbs/1_tunnels_th.jpg,
,,,,,,,,,,,,,,,,
,,sunromine_ownership_and_finances,,Sunro Mine Ownership and Finances,,,,,,record,compound_object,Mining; Sunro; Geology; Mineral Wealth ,,/objects/small/1963_report_on_sunro_mine_economics_sm.jpg,/objects/thumbs/1963_report_on_sunro_mine_economics_th.jpg,
1963_report_on_sunro_mine_economics,sunromine_ownership_and_finances,sunromine_ownership_and_finances_001,/objects/1963_report_on_sunro_mine_economics.pdf,Report on the Economics of Cowichan Coper Co. LTD.,H. Hill &L. Starck Associates Ltd.,,1963-07-19,,pdf,pdf,pdf,Mining; Sunro; Economics; Report,,/objects/small/1963_report_on_sunro_mine_economics_sm.jpg,/objects/thumbs/1963_report_on_sunro_mine_economics_th.jpg,
royalty_payments,sunromine_ownership_and_finances,sunromine_ownership_and_finances_002,/objects/royalty_payments.png,Page 4 - Report on the Economics of Cowichan Coper Co. LTD.,H. Hill &L. Starck Associates Ltd.,,1963-07-20,,png,png,image,Mining; Sunro; Economics; Report,,/objects/small/royalty_payments_sm.jpg,/objects/thumbs/royalty_payments_th.jpg,
sale_of_sunro_mine_property,sunromine_ownership_and_finances,sunromine_ownership_and_finances_003,/objects/sale_of_sunro_mine_property.png,Sale of Sunro Mine Property,,,2023-07-01,,png,png,image,Mining; Sunro; Property Sale,,/objects/small/sale_of_sunro_mine_property_sm.jpg,/objects/thumbs/sale_of_sunro_mine_property_th.jpg,
sunro_april_6_2001_commerce_resources_corp_property_summary_bcgs_fileid_15113,sunromine_ownership_and_finances,sunromine_ownership_and_finances_004,/objects/sunro_april_6_2001_commerce_resources_corp_property_summary_bcgs_fileid_15113.pdf,"Jordan River Deposit (Copper, Gold, Silver, +/- Nickel, Platinum, Palladium)",Commerce Resource Corp.,,2001-04-06,,pdf,pdf,pdf,Mining; Sunro; Geology; Mineral Wealth ,,/objects/small/sunro_april_6_2001_commerce_resources_corp_property_summary_bcgs_fileid_15113_sm.jpg,/objects/thumbs/sunro_april_6_2001_commerce_resources_corp_property_summary_bcgs_fileid_15113_th.jpg,
sunro_february_17_2015_george_winkler_bio_royal_bc_museum,sunromine_ownership_and_finances,sunromine_ownership_and_finances_005,/objects/sunro_february_17_2015_george_winkler_bio_royal_bc_museum.pdf,"George Winkler, the Poet Prospector",Katy Hughes ,Royal B.C. Museum ,2015-02-17,,pdf,pdf,pdf,Mining; Sunro;,,/objects/small/sunro_february_17_2015_george_winkler_bio_royal_bc_museum_sm.jpg,/objects/thumbs/sunro_february_17_2015_george_winkler_bio_royal_bc_museum_th.jpg,
sunro_june_28_2000_email_disposition_of_reverted_crown_grants_bcgs_fileid_45009,sunromine_ownership_and_finances,sunromine_ownership_and_finances_006,/objects/sunro_june_28_2000_email_disposition_of_reverted_crown_grants_bcgs_fileid_45009.pdf,Deposition of Reverted Crown Grants in SW Region,Jacques Houle ,British Columbia Ministry of Energy and Mines,2000-6-28,,pdf,pdf,pdf,Mining; Sunro;,,/objects/small/sunro_june_28_2000_email_disposition_of_reverted_crown_grants_bcgs_fileid_45009_sm.jpg,/objects/thumbs/sunro_june_28_2000_email_disposition_of_reverted_crown_grants_bcgs_fileid_45009_th.jpg,
table_1__hill_1964_report_on_cowichan_copper_co_sunro_mine_fileid_72591,sunromine_ownership_and_finances,sunromine_ownership_and_finances_007,/objects/table_1__hill_1964_report_on_cowichan_copper_co_sunro_mine_fileid_72591.pdf,Operating Forecast for the Two Year Period from Re-commencement of Production,H. Hill &L. Starck Associates Ltd.,Cowichan Copper Co. LTD. ,1964-10-07,,pdf,pdf,pdf,Mining; Sunro; Reopening,,/objects/small/table_1__hill_1964_report_on_cowichan_copper_co_sunro_mine_fileid_72591_sm.jpg,/objects/thumbs/table_1__hill_1964_report_on_cowichan_copper_co_sunro_mine_fileid_72591_th.jpg,
mine_ownership_and_finances,sunromine_ownership_and_finances,sunromine_ownership_and_finances_008,/objects/mine_ownership_and_finances.zip,ZIP File - Sunro Mine Ownership and Finances,,,,,zip file,zip file,pdf,Mining; Sunro; Economics,,/objects/small/mine_ownership_and_finances_sm.jpg,/objects/thumbs/mine_ownership_and_finances_th.jpg,
,,,,,,,,,,,,,,,,
,,sunromine_misc,,Sunro Mine Miscellaneous,,,,,,record,compound_object,Mining; Cowichan; Facebook Comment; Ozzie Macdonald; Stock Manipulation,,/objects/small/misc\royal_bc_museum_2015_george_winkler_bio_sm.jpg,/objects/thumbs/misc\royal_bc_museum_2015_george_winkler_bio_th.jpg,
misc\royal_bc_museum_2015_george_winkler_bio,sunromine_misc,sunromine_misc_001,/objects/misc\royal_bc_museum_2015_george_winkler_bio.png,"George Winkler, the Poet Prospector",Katy Hughes ,Royal B.C. Museum ,2015-02-17,,png,png,image,Mining; Cowichan; Facebook Comment; Ozzie Macdonald; Stock Manipulation,,/objects/small/misc\royal_bc_museum_2015_george_winkler_bio_sm.jpg,/objects/thumbs/misc\royal_bc_museum_2015_george_winkler_bio_th.jpg,
sunro_february_17_2015_george_winkler_bio__royal_bc_museum,sunromine_misc,sunromine_misc_002,/objects/sunro_february_17_2015_george_winkler_bio__royal_bc_museum.pdf,"George Winkler, the Poet Prospector",Katy Hughes ,Royal B.C. Museum ,2015-02-17,,pdf,pdf,pdf,Mining; Cowichan; Facebook Comment; Ozzie Macdonald; Stock Manipulation,,/objects/small/sunro_february_17_2015_george_winkler_bio__royal_bc_museum_sm.jpg,/objects/thumbs/sunro_february_17_2015_george_winkler_bio__royal_bc_museum_th.jpg,
ozzie_macdonald_quote,sunromine_misc,sunromine_misc_003,/objects/ozzie_macdonald_quote.pdf,Facebook Comment: Ozzie Macdonald Stock Manipulation,Ken Chaytor,,,,pdf,pdf,pdf,Mining; Cowichan; Facebook Comment; Ozzie Macdonald; Stock Manipulation,,/objects/small/ozzie_macdonald_quote_sm.jpg,/objects/thumbs/ozzie_macdonald_quote_th.jpg,
,,,,,,,,,,,,,,,,
,,sunromine_reports_1920,,Sunro Mine: Reports 1920,,,1920,,,record,compound_object,E. E. Erich & Roland Blonchard,,/objects/small/starr_1926_report_of_examination_of_the_gabbromine_pf_092c073_sm.jpg,/objects/thumbs/starr_1926_report_of_examination_of_the_gabbromine_pf_092c073_th.jpg,
1920_reports,sunromine_reports_1920,sunromine_reports_1920_001,/objects/1920_reports.7z,"ZIP File - Sunro Mine - Mine Underground Digital Composition - Shape FIles. Images, and pdfs",,,,,zip file,zip file,pdf,Mining; Mining Reports; ,,/objects/small/starr_1926_report_of_examination_of_the_gabbromine_pf_092c073_sm.jpg,/objects/thumbs/starr_1926_report_of_examination_of_the_gabbromine_pf_092c073_th.jpg,
starr_1926_report_of_examination_of_the_gabbromine_pf_092c073,sunromine_reports_1921,sunromine_reports_1920_002,/objects/starr_1926_report_of_examination_of_the_gabbromine_pf_092c073.pdf,"Report of Examination of the Gabbro Mine, Jordan River, B.C. ",Chase C. Starr and O.D. Frith,,1926-06,,pdf,pdf,pdf,Mining; Mining Reports; Gabbro,,/objects/small/starr_1926_report_of_examination_of_the_gabbromine_pf_092c073_sm.jpg,/objects/thumbs/starr_1926_report_of_examination_of_the_gabbromine_pf_092c073_th.jpg,
cdom_1919_summary_report_1919_part_a,sunromine_reports_1922,sunromine_reports_1920_003,/objects/cdom_1919_summary_report_1919_part_a.pdf,"Geological Survey: Summary Report, Part A",Chase C. Starr and O.D. Frith,Canada Department of Mines,1919,,pdf,pdf,pdf,Mining; Mining Reports; Geological Survey,,/objects/small/cdom_1919_summary_report_1919_part_a_sm.jpg,/objects/thumbs/cdom_1919_summary_report_1919_part_a_th.jpg,
cdom_1919_summary_report_1919_part_b,sunromine_reports_1923,sunromine_reports_1920_004,/objects/cdom_1919_summary_report_1919_part_b.pdf,"Geological Survey: Summary Report, Part B",Chase C. Starr and O.D. Frith,Canada Department of Mines,1919,,pdf,pdf,pdf,Mining; Mining Reports; Geological Survey,,/objects/small/cdom_1919_summary_report_1919_part_b_sm.jpg,/objects/thumbs/cdom_1919_summary_report_1919_part_b_th.jpg,
dolmage_1919_sunloch_copper_district_in_cdom_1919_part_b,sunromine_reports_1924,sunromine_reports_1920_005,/objects/dolmage_1919_sunloch_copper_district_in_cdom_1919_part_b.pdf,"Geological Survey: Summary Report, Sunloch Copper Deposits",Chase C. Starr and O.D. Frith,Canada Department of Mines,1919,,pdf,pdf,pdf,Mining; Mining Reports; ,,/objects/small/dolmage_1919_sunloch_copper_district_in_cdom_1919_part_b_sm.jpg,/objects/thumbs/dolmage_1919_sunloch_copper_district_in_cdom_1919_part_b_th.jpg,
mason_1929_the_mining_magazine_the_consulidated_miing_company_history,sunromine_reports_1925,sunromine_reports_1920_006,/objects/mason_1929_the_mining_magazine_the_consulidated_miing_company_history.pdf,Mining Magazine: Consolidated Mining and Smelting Company of Canada,F. H. Mason,Mining Magazine,1929,,pdf,pdf,pdf,Mining; Mining Reports; Acquisition; Smelting,,/objects/small/mason_1929_the_mining_magazine_the_consulidated_miing_company_history_sm.jpg,/objects/thumbs/mason_1929_the_mining_magazine_the_consulidated_miing_company_history_th.jpg,
fileid_15110_1921,sunromine_reports_1926,sunromine_reports_1920_007,/objects/fileid_15110_1921.pdf,Geologic and Topographic Map of a Portion of the Gabbro And Sunloch Properties,,British Columbia Geological Survey,1921,,pdf,pdf,pdf,Mining; Mining Reports; Historic Maps,,/objects/small/fileid_15110_1921_sm.jpg,/objects/thumbs/fileid_15110_1921_th.jpg,
fileid_15112_1926,sunromine_reports_1927,sunromine_reports_1920_008,/objects/fileid_15112_1926.pdf,Culfield Zone on the Gabbro Mine ,,British Columbia Geological Survey,1926,,pdf,pdf,pdf,Mining; Mining Reports; Historic Maps,,/objects/small/fileid_15112_1926_sm.jpg,/objects/thumbs/fileid_15112_1926_th.jpg,
fileid_15071_1920,sunromine_reports_1928,sunromine_reports_1920_009,/objects/fileid_15071_1920.pdf,Sunloch Group Sketch of Workings,,British Columbia Geological Survey,1920,,pdf,pdf,pdf,Mining; Mining Reports; Historic Maps,,/objects/small/fileid_15071_1920_sm.jpg,/objects/thumbs/fileid_15071_1920_th.jpg,
fileid_15076_1918_r1,sunromine_reports_1929,sunromine_reports_1920_010,/objects/fileid_15076_1918_r1.pdf,Sunloch Mine River Tunnel,,British Columbia Geological Survey,1918,,pdf,pdf,pdf,Mining; Mining Reports; Historic Maps,,/objects/small/fileid_15076_1918_r1_sm.jpg,/objects/thumbs/fileid_15076_1918_r1_th.jpg,
fileid_15077_1918,sunromine_reports_1930,sunromine_reports_1920_011,/objects/fileid_15077_1918.pdf,Workings on Sunloch Mine,,British Columbia Geological Survey,1918,,pdf,pdf,pdf,Mining; Mining Reports; Historic Maps,,/objects/small/fileid_15077_1918_sm.jpg,/objects/thumbs/fileid_15077_1918_th.jpg,
fileid_15078_1921,sunromine_reports_1931,sunromine_reports_1920_012,/objects/fileid_15078_1921.pdf,Surface Development on Property on Gabbro Mines LTD.,,British Columbia Geological Survey,1921,,pdf,pdf,pdf,Mining; Mining Reports; Historic Maps,,/objects/small/fileid_15078_1921_sm.jpg,/objects/thumbs/fileid_15078_1921_th.jpg,
fileid_15090_1926,sunromine_reports_1932,sunromine_reports_1920_013,/objects/fileid_15090_1926.pdf,Surface Development on Property on Gabbro Mines LTD.,,British Columbia Geological Survey,1926,,pdf,pdf,pdf,Mining; Mining Reports; Historic Maps,,/objects/small/fileid_15090_1926_sm.jpg,/objects/thumbs/fileid_15090_1926_th.jpg,
fileid_15100_1926,sunromine_reports_1933,sunromine_reports_1920_014,/objects/fileid_15100_1926.pdf,Cave and Turnbull Zones on the Gabbro Mine,,British Columbia Geological Survey,1926,,pdf,pdf,pdf,Mining; Mining Reports; Historic Maps,,/objects/small/fileid_15100_1926_sm.jpg,/objects/thumbs/fileid_15100_1926_th.jpg,
fileid_15101_1926,sunromine_reports_1934,sunromine_reports_1920_015,/objects/fileid_15101_1926.pdf,Culfield Zone on the Gabbro Mine ,,British Columbia Geological Survey,1926,,pdf,pdf,pdf,Mining; Mining Reports; Historic Maps,,/objects/small/fileid_15101_1926_sm.jpg,/objects/thumbs/fileid_15101_1926_th.jpg,
fileid_15104_1921,sunromine_reports_1935,sunromine_reports_1920_016,/objects/fileid_15104_1921.pdf,Geologic and Topographic Map of a Portion of the Gabbro And Sunloch Properties,,British Columbia Geological Survey,1921,,pdf,pdf,pdf,Mining; Mining Reports; Historic Maps,,/objects/small/fileid_15104_1921_sm.jpg,/objects/thumbs/fileid_15104_1921_th.jpg,
,,,,,,,,,,,,,,,,
,,sunromine_reports_1950,,Sunro Mine: Reports 1950,,,1950,,,record,compound_object,Mining; Mining Reports; Ore Deposit; Study,,/objects/small/sunro_empr_report_1950_sm.jpg,/objects/thumbs/sunro_empr_report_1950_th.jpg,
1950_reports,sunromine_reports_1950,sunromine_reports_1950_001,/objects/1950_reports.7z,"ZIP File - Sunro Mine - Mine Underground Digital Composition - Shape FIles. Images, and pdfs",,,,,zip file,zip file,pdf,Mining; Mining Reports; Ore Deposit; ,,/objects/small/sunro_empr_report_1950_sm.jpg,/objects/thumbs/sunro_empr_report_1950_th.jpg,
sunro_empr_report_1950,sunromine_reports_1951,sunromine_reports_1950_002,/objects/sunro_empr_report_1950.pdf,"Minister of Mines Annual Report 1950: pages 180-194
",R.C. MacDonald,British Columbia Department of Mines,1951,,pdf,pdf,pdf,Mining; Mining Reports; Ore Deposit; ,,/objects/small/sunro_empr_report_1950_sm.jpg,/objects/thumbs/sunro_empr_report_1950_th.jpg,
empr_report_1950,sunromine_reports_1952,sunromine_reports_1950_003,/objects/empr_report_1950.pdf,"Minister of Mines Annual Report 1950
",R.C. MacDonald,British Columbia Department of Mines,1951,,pdf,pdf,pdf,Mining; Mining Reports; ,,/objects/small/empr_report_1950_sm.jpg,/objects/thumbs/empr_report_1950_th.jpg,
fileid_59782_1951,sunromine_reports_1953,sunromine_reports_1950_004,/objects/fileid_59782_1951.pdf,A Mineralography Study of Sunloch Copper Ore,R.B Toombs,The University of British Columbia ,1951,,pdf,pdf,pdf,Mining; Mining Reports; Study,,/objects/small/fileid_59782_1951_sm.jpg,/objects/thumbs/fileid_59782_1951_th.jpg,
,,,,,,,,,,,,,,,,
,,sunromine_reports_1960,,Sunro Mine: Reports 1960,,,1960,,,record,compound_object,Mining; Mining Reports; History; Geology; Mine and Mill Process; Sections and Diagrams; George Winkler; Map; Ore deposits; Labor; Production; Profit Estimation; Report; Economics; History; Geology; Mine and Mill Process; Sections and Diagrams; Mine Collapse,,/objects/small/unknown_1965_history_of_the_sunlch_gabbro_pf_092c073_sm.jpg,/objects/thumbs/unknown_1965_history_of_the_sunlch_gabbro_pf_092c073_th.jpg,
1960_reports,sunromine_reports_1960,sunromine_reports_1960_001,/objects/1960_reports.7z,"ZIP File - Sunro Mine - Mine Underground Digital Composition - Shape FIles. Images, and pdfs",,,,,zip file,zip file,pdf,Mining; Mining Reports; ,,/objects/small/unknown_1965_history_of_the_sunlch_gabbro_pf_092c073_sm.jpg,/objects/thumbs/unknown_1965_history_of_the_sunlch_gabbro_pf_092c073_th.jpg,
unknown_1965_history_of_the_sunlch_gabbro_pf_092c073,sunromine_reports_1961,sunromine_reports_1960_002,/objects/unknown_1965_history_of_the_sunlch_gabbro_pf_092c073.pdf,History of the Sunloch-Gabbro 1915-1965,,,,,pdf,pdf,pdf,Mining; Mining Reports; George Winkler; ,,/objects/small/unknown_1965_history_of_the_sunlch_gabbro_pf_092c073_sm.jpg,/objects/thumbs/unknown_1965_history_of_the_sunlch_gabbro_pf_092c073_th.jpg,
bacon_1969_drilled_ore_zones_maps,sunromine_reports_1962,sunromine_reports_1960_003,/objects/bacon_1969_drilled_ore_zones_maps.pdf,Sunro Map: Drilled Ore Zones ,Bacon and Crowhurst LTD. ,Bacon and Crowhurst LTD. ,1969-04-15,,pdf,pdf,pdf,Mining; Mining Reports; Map,,/objects/small/bacon_1969_drilled_ore_zones_maps_sm.jpg,/objects/thumbs/bacon_1969_drilled_ore_zones_maps_th.jpg,
billingsley_1963_underground_mining_and_milling_at_cowichan_copper_co_ltd,sunromine_reports_1964,sunromine_reports_1960_005,/objects/billingsley_1963_underground_mining_and_milling_at_cowichan_copper_co_ltd.pdf,Underground Mining and Milling at Cowichan Copper Co. Ltd.,J.R Billingsley,The Canada Mining and Metallurgical Bulletin,1965-03,,pdf,pdf,pdf,Mining; Mining Reports; History; Geology; Mine and Mill Process; Sections and Diagrams,,/objects/small/billingsley_1963_underground_mining_and_milling_at_cowichan_copper_co_ltd_sm.jpg,/objects/thumbs/billingsley_1963_underground_mining_and_milling_at_cowichan_copper_co_ltd_th.jpg,
crowhurst_1969_report_on_cerna_copper_mines_jr_fileid_72619,sunromine_reports_1965,sunromine_reports_1960_006,/objects/crowhurst_1969_report_on_cerna_copper_mines_jr_fileid_72619.pdf,"REPORT on CERNA COPPER MINES LIMITED (COWICHAN COPPER - JORDAN RIVER - VANCOUVER ISLAND, B.C.)","J.J. CROWHURST, R.W. PHENDLER, G.D. DELANE",Bacon and Crowhurst LTD. ,1969-04-18,,pdf,pdf,pdf,Mining; Mining Reports; Ore deposits; Labor; Production; Profit Estimation; Report,,/objects/small/crowhurst_1969_report_on_cerna_copper_mines_jr_fileid_72619_sm.jpg,/objects/thumbs/crowhurst_1969_report_on_cerna_copper_mines_jr_fileid_72619_th.jpg,
fileid_72617_1970,sunromine_reports_1966,sunromine_reports_1960_007,/objects/fileid_72617_1970.pdf,Testing of Rock Cores,P.T. Seabrook,Warnock and Hersey International Limited ,1968-07-31,,pdf,pdf,pdf,Mining; Mining Reports; ,,/objects/small/fileid_72617_1970_sm.jpg,/objects/thumbs/fileid_72617_1970_th.jpg,
fileid_72620_1969,sunromine_reports_1967,sunromine_reports_1960_008,/objects/fileid_72620_1969.pdf,Report on Cerna Copper Mines: Assumptions,J.J. Crowhurst,,1969-04-21,,pdf,pdf,pdf,Mining; Mining Reports; Ore deposits; Labor; Production; Profit Estimation; Report,,/objects/small/fileid_72620_1969_sm.jpg,/objects/thumbs/fileid_72620_1969_th.jpg,
hill_1963_report_on_cowichan_copper_co_sunro_mine_fileid_72591,sunromine_reports_1968,sunromine_reports_1960_009,/objects/hill_1963_report_on_cowichan_copper_co_sunro_mine_fileid_72591.pdf,Report on Economics of Cowichan Copper CO. LTD. ,,H. Hill and L. Starck and Associates LTD. ,1963-07-11,,pdf,pdf,pdf,Mining; Mining Reports; Economics ,,/objects/small/hill_1963_report_on_cowichan_copper_co_sunro_mine_fileid_72591_sm.jpg,/objects/thumbs/hill_1963_report_on_cowichan_copper_co_sunro_mine_fileid_72591_th.jpg,
hill_1964_report_on_cowichan_copper_co_sunro_mine_fileid_72591,sunromine_reports_1969,sunromine_reports_1960_010,/objects/hill_1964_report_on_cowichan_copper_co_sunro_mine_fileid_72591.pdf,Report on Cowichan Copper Co. LTD. ,,H. Hill and L. Starck and Associates LTD. ,1964-10-13,,pdf,pdf,pdf,Mining; Mining Reports; Mine Collapse; Cave In; Repair Costs,,/objects/small/hill_1964_report_on_cowichan_copper_co_sunro_mine_fileid_72591_sm.jpg,/objects/thumbs/hill_1964_report_on_cowichan_copper_co_sunro_mine_fileid_72591_th.jpg,
loofbourow_and_lehmann_1968_society_of_mining_engineers_a_mine_flood,sunromine_reports_1970,sunromine_reports_1960_011,/objects/loofbourow_and_lehmann_1968_society_of_mining_engineers_a_mine_flood.pdf,"A MINE FLOOD, VANCOUVER ISLAND","R. L. Loofbourow, Ernest K. Lehmann",SOCIETY OF MINING ENGINEERS A&E ,1968,,pdf,pdf,pdf,Mining; Mining Reports; Mine Collapse,,/objects/small/loofbourow_and_lehmann_1968_society_of_mining_engineers_a_mine_flood_sm.jpg,/objects/thumbs/loofbourow_and_lehmann_1968_society_of_mining_engineers_a_mine_flood_th.jpg,
,,,,,,,,,,,,,,,,
,,sunromine_reports_1970,,Sunro Mine: Reports 1970,,,1970,,,record,compound_object,Mining; Mining Reports; Openings; Mine Closure; Geology; Milling; Pollution Management; Discharge; Land Acquisition; Rehabilitation; Mine Closure; Diagrams; Sections; Axons,,/objects/small/fileid_72617_1970_sm.jpg,/objects/thumbs/fileid_72617_1970_th.jpg,
1970_reports,sunromine_reports_1970,sunromine_reports_1970_001,/objects/1970_reports.7z,"ZIP File - Sunro Mine - Mine Underground Digital Composition - Shape FIles. Images, and pdfs",,,,,zip file,zip file,pdf,Mining; Mining Reports; ,,/objects/small/fileid_72617_1970_sm.jpg,/objects/thumbs/fileid_72617_1970_th.jpg,
fileid_72617_1970,sunromine_reports_1971,sunromine_reports_1970_002,/objects/fileid_72617_1970.pdf,Testing of Rock Cores,P.T. Seabrook,Warnock and Hersey International Limited ,1968-07-31,,pdf,pdf,pdf,Mining; Mining Reports; ,,/objects/small/fileid_72617_1970_sm.jpg,/objects/thumbs/fileid_72617_1970_th.jpg,
meusy_1972_sunro_mine_annual_geological_report_fileid_61340,sunromine_reports_1972,sunromine_reports_1970_003,/objects/meusy_1972_sunro_mine_annual_geological_report_fileid_61340.pdf,Sunro Mine Annual Geological Report,G. Meusy,JORDAN RIVER MINES LTD,1972,,pdf,pdf,pdf,Mining; Mining Reports; Geology,,/objects/small/meusy_1972_sunro_mine_annual_geological_report_fileid_61340_sm.jpg,/objects/thumbs/meusy_1972_sunro_mine_annual_geological_report_fileid_61340_th.jpg,
meusy_1973_sunro_mine_annual_geological_report,sunromine_reports_1973,sunromine_reports_1970_004,/objects/meusy_1973_sunro_mine_annual_geological_report.pdf,Sunro Mine Annual Geological Report,G. Meusy,JORDAN RIVER MINES LTD,1973,,pdf,pdf,pdf,Mining; Mining Reports; Geology,,/objects/small/meusy_1973_sunro_mine_annual_geological_report_sm.jpg,/objects/thumbs/meusy_1973_sunro_mine_annual_geological_report_th.jpg,
meusy_1973_sunro_mine_monthly_report_pf_092c073,sunromine_reports_1974,sunromine_reports_1970_005,/objects/meusy_1973_sunro_mine_monthly_report_pf_092c073.pdf,Sunro Mine Monthly Report: Geology Department,G. Meusy,JORDAN RIVER MINES LTD,1973-07,,pdf,pdf,pdf,Mining; Mining Reports; Geology,,/objects/small/meusy_1973_sunro_mine_monthly_report_pf_092c073_sm.jpg,/objects/thumbs/meusy_1973_sunro_mine_monthly_report_pf_092c073_th.jpg,
northern_miner_1973_jordan_river_mill_reaches_capacity_,sunromine_reports_1976,sunromine_reports_1970_007,/objects/northern_miner_1973_jordan_river_mill_reaches_capacity_.pdf,Jordan River Mines Mill reaches 90% capacity,,The Northern Miner,1973-12-27,,pdf,pdf,pdf,Mining; Mining Reports; Milling; Pollution Management; Discharge,,/objects/small/northern_miner_1973_jordan_river_mill_reaches_capacity__sm.jpg,/objects/thumbs/northern_miner_1973_jordan_river_mill_reaches_capacity__th.jpg,
northern_miner_1975_chatham_resourcews_acquires_property,sunromine_reports_1977,sunromine_reports_1970_008,/objects/northern_miner_1975_chatham_resourcews_acquires_property.pdf,Chatham Resources Acquires Property,,The Northern Miner,1974-07-24,,pdf,pdf,pdf,Mining; Mining Reports; Land Acquisition,,/objects/small/northern_miner_1975_chatham_resourcews_acquires_property_sm.jpg,/objects/thumbs/northern_miner_1975_chatham_resourcews_acquires_property_th.jpg,
richardson_1977_report_on_the_closing_of_the_jordan_river_mine,sunromine_reports_1978,sunromine_reports_1970_009,/objects/richardson_1977_report_on_the_closing_of_the_jordan_river_mine.pdf,REPORT ON THE CLOSING OF THE JORDAN RIVER MINE,A.J. RICHARDSON,Ministry of Mines,1977-06,,pdf,pdf,pdf,Mining; Mining Reports; Rehabilitation; Mine Closure; Diagrams; Sections; Axons,,/objects/small/richardson_1977_report_on_the_closing_of_the_jordan_river_mine_sm.jpg,/objects/thumbs/richardson_1977_report_on_the_closing_of_the_jordan_river_mine_th.jpg,
robinson_1977_bc_department_of_mines__conditions_for_mine_closure_letter,sunromine_reports_1979,sunromine_reports_1970_010,/objects/robinson_1977_bc_department_of_mines__conditions_for_mine_closure_letter.pdf,Surface Opening - Sunro Mine,W.C Robinson,Department of Mines and Petroleum Resources,1977-07-10,,pdf,pdf,pdf,Mining; Mining Reports; Openings; Mine Closure,,/objects/small/robinson_1977_bc_department_of_mines__conditions_for_mine_closure_letter_sm.jpg,/objects/thumbs/robinson_1977_bc_department_of_mines__conditions_for_mine_closure_letter_th.jpg,
,,,,,,,,,,,,,,,,
,,sunromine_reports_bcgs,,Sunro Mine: Reports British Columbia Geological Survey,,,,,,record,compound_object,Mining; Mining Reports; Ministry of Energy and Mining; Closures; Property Ownership; Historical Mines; Ministry of Energy and Mining; Minerals,,/objects/small/mom_orgainsation_sheet_sm.jpg,/objects/thumbs/mom_orgainsation_sheet_th.jpg,
bcgs_reports,sunromine_reports_bcgs,sunromine_reports_bcgs_001,/objects/bcgs_reports.7z,"ZIP File - Sunro Mine - Mine Underground Digital Composition - Shape FIles. Images, and pdfs",,,,,zip file,zip file,pdf,Mining; Mining Reports; ,,/objects/small/mom_orgainsation_sheet_sm.jpg,/objects/thumbs/mom_orgainsation_sheet_th.jpg,
mom_orgainsation_sheet,sunromine_reports_bcgs,sunromine_reports_bcgs_003,/objects/mom_orgainsation_sheet.png,British Columbia Geoscience Organization Chart,Andris Kikauka,,2004-04-12,,png,png,image,Mining; Mining Reports; Ministry of Energy and Mining,,/objects/small/mom_orgainsation_sheet_sm.jpg,/objects/thumbs/mom_orgainsation_sheet_th.jpg,
property_file_list,sunromine_reports_bcgs,sunromine_reports_bcgs_004,/objects/property_file_list.pdf,Property Map List,,,,,pdf,pdf,pdf,Mining; Mining Reports; ,,/objects/small/property_file_list_sm.jpg,/objects/thumbs/property_file_list_th.jpg,
rock_assay_data_200_fileid_15089,sunromine_reports_bcgs,sunromine_reports_bcgs_005,/objects/rock_assay_data_200_fileid_15089.pdf,Geochemical Analysis Certificate,,British Columbia Geological Survey,2000-04-28,,pdf,pdf,pdf,Mining; Mining Reports; ,,/objects/small/rock_assay_data_200_fileid_15089_sm.jpg,/objects/thumbs/rock_assay_data_200_fileid_15089_th.jpg,
rock_assay_data_200_fileid_15096,sunromine_reports_bcgs,sunromine_reports_bcgs_006,/objects/rock_assay_data_200_fileid_15096.pdf,Rock Assay Data,,ACME ANALYTICAL LABORATORIES LTD.,2000-04-28,,pdf,pdf,pdf,Mining; Mining Reports; ,,/objects/small/rock_assay_data_200_fileid_15096_sm.jpg,/objects/thumbs/rock_assay_data_200_fileid_15096_th.jpg,
screenshot_2024_02_03_at_10_17_46_pm,sunromine_reports_bcgs,sunromine_reports_bcgs_007,/objects/screenshot_2024_02_03_at_10_17_46_pm.png,Sunro Mine Report Mineral Summary,Andris Kikauka,,2004-04-12,,png,png,image,Mining; Mining Reports; ,,/objects/small/screenshot_2024_02_03_at_10_17_46_pm_sm.jpg,/objects/thumbs/screenshot_2024_02_03_at_10_17_46_pm_th.jpg,
annual_report_1989_bcgs_mp_40,sunromine_reports_bcgs,sunromine_reports_bcgs_010,/objects/annual_report_1989_bcgs_mp_40.pdf,ANNUAL REPORT ENGINEERING & INSPECTION BRANCH 1989,,"Ministry of Energy, Mines and Petroleum Resources",1990-12,,pdf,pdf,pdf,Mining; Mining Reports; ,,/objects/small/annual_report_1989_bcgs_mp_40_sm.jpg,/objects/thumbs/annual_report_1989_bcgs_mp_40_th.jpg,
bcgs_minfile_sunro_mine_detailed_report,sunromine_reports_bcgs,sunromine_reports_bcgs_011,/objects/bcgs_minfile_sunro_mine_detailed_report.pdf,MINFILE Detail Report BC ,,British Columbia Geological Survey,2014-11-05,,pdf,pdf,pdf,Mining; Mining Reports; ,,/objects/small/bcgs_minfile_sunro_mine_detailed_report_sm.jpg,/objects/thumbs/bcgs_minfile_sunro_mine_detailed_report_th.jpg,
bcgs_minfile_sunro_mine_summary,sunromine_reports_bcgs,sunromine_reports_bcgs_012,/objects/bcgs_minfile_sunro_mine_summary.pdf,MINFILE Detail Report BC: Summary,,British Columbia Geological Survey,2014-11-06,,pdf,pdf,pdf,Mining; Mining Reports; ,,/objects/small/bcgs_minfile_sunro_mine_summary_sm.jpg,/objects/thumbs/bcgs_minfile_sunro_mine_summary_th.jpg,
bcgs_of2003_03_historical_mines,sunromine_reports_bcgs,sunromine_reports_bcgs_013,/objects/bcgs_of2003_03_historical_mines.pdf,HISTORIC MINE SITES IN BRITISH COLUMBIA,Lisa N. Barazzuol and Gregg G. Stewart,National Library of Canada Cataloguing in Publication Data,2003-02,,pdf,pdf,pdf,Mining; Mining Reports; Historical Mines ,,/objects/small/bcgs_of2003_03_historical_mines_sm.jpg,/objects/thumbs/bcgs_of2003_03_historical_mines_th.jpg,
cloutier_1928_annual_reprt_of_minister_of_mines,sunromine_reports_bcgs,sunromine_reports_bcgs_014,/objects/cloutier_1928_annual_reprt_of_minister_of_mines.pdf,Annual Report of the Minister of Mines,,Authority of the Legislative Assembly,1928,,pdf,pdf,pdf,Mining; Mining Reports; ,,/objects/small/cloutier_1928_annual_reprt_of_minister_of_mines_sm.jpg,/objects/thumbs/cloutier_1928_annual_reprt_of_minister_of_mines_th.jpg,
commerce_resources_fileid_45010,sunromine_reports_bcgs,sunromine_reports_bcgs_015,/objects/commerce_resources_fileid_45010.pdf,"Jordan River Deposit (Copper, Gold, Silver, +/- Nickel, Platinum, Palladium",,Commerce Resources Corp.,2001-04-10,,pdf,pdf,pdf,Mining; Mining Reports; Minerals,,/objects/small/commerce_resources_fileid_45010_sm.jpg,/objects/thumbs/commerce_resources_fileid_45010_th.jpg,
jr_property_file_list,sunromine_reports_bcgs,sunromine_reports_bcgs_016,/objects/jr_property_file_list.pdf,Jordan River Property File List,,,,,pdf,pdf,pdf,Mining; Mining Reports; Property Ownership,,/objects/small/jr_property_file_list_sm.jpg,/objects/thumbs/jr_property_file_list_th.jpg,
moem_disposition_of_sunro_mine_cgs,sunromine_reports_bcgs,sunromine_reports_bcgs_017,/objects/moem_disposition_of_sunro_mine_cgs.pdf,Disposition of Reverted Crown Grants in SW Region,Jacques Houle,British Columbia Ministry of Energy and Mines,2000-06-28,,pdf,pdf,pdf,Mining; Mining Reports; ,,/objects/small/moem_disposition_of_sunro_mine_cgs_sm.jpg,/objects/thumbs/moem_disposition_of_sunro_mine_cgs_th.jpg,
moem_emails_fileid_45008,sunromine_reports_bcgs,sunromine_reports_bcgs_018,/objects/moem_emails_fileid_45008.pdf,Ministry of Energy and Mines Emails,"Jacques Houle, Ted Hall",Ministry of Energy and Mines ,1998,,pdf,pdf,pdf,Mining; Mining Reports; Closures,,/objects/small/moem_emails_fileid_45008_sm.jpg,/objects/thumbs/moem_emails_fileid_45008_th.jpg,
,,,,,,,,,,,,,,,,
,,sunromine_reports_recent,,Sunro Mine: Recent Reports,,,,,,record,compound_object,Mining; Mining Reports; Continued Mining Recommendation; New Sunro,,/objects/small/funk_2009_sunro_copper_mine_restart_project_sm.jpg,/objects/thumbs/funk_2009_sunro_copper_mine_restart_project_th.jpg,
recent,sunromine_reports_recent,sunromine_reports_recent_001,/objects/recent.7z,"ZIP File - Sunro Mine - Mine Underground Digital Composition - Shape FIles. Images, and pdfs",,,,,zip file,zip file,pdf,Mining; Mining Reports; ,,/objects/small/funk_2009_sunro_copper_mine_restart_project_sm.jpg,/objects/thumbs/funk_2009_sunro_copper_mine_restart_project_th.jpg,
funk_2009_sunro_copper_mine_restart_project,sunromine_reports_recent,sunromine_reports_recent_002,/objects/funk_2009_sunro_copper_mine_restart_project.pdf,Sunro Copper Mine Restart Project,Kelly Funk,"BC Mining Properties, Hanam Canada Corp.",2009,,pdf,pdf,pdf,Mining; Mining Reports; Mine Reopening,,/objects/small/funk_2009_sunro_copper_mine_restart_project_sm.jpg,/objects/thumbs/funk_2009_sunro_copper_mine_restart_project_th.jpg,
houle_2015_bc_mines_assessment_report__35982,sunromine_reports_recent,sunromine_reports_recent_003,/objects/houle_2015_bc_mines_assessment_report__35982.PDF,2015 Technical Assessment Report for the New Sunro Property,Jacques Houle,British Columbia Geological Survey,2016-02-07,,pdf,pdf,pdf,Mining; Mining Reports; New Sunro,,/objects/small/houle_2015_bc_mines_assessment_report__35982_sm.jpg,/objects/thumbs/houle_2015_bc_mines_assessment_report__35982_th.jpg,
kikauka_2004_bc_mines_assessment_report__27472,sunromine_reports_recent,sunromine_reports_recent_004,/objects/kikauka_2004_bc_mines_assessment_report__27472.PDF,Geological and Geochemical Record on the Sunloch Claim ,Andris Kikauka,,2004-04-12,,pdf,pdf,pdf,Mining; Mining Reports; Continued Mining Recommendation,,/objects/small/kikauka_2004_bc_mines_assessment_report__27472_sm.jpg,/objects/thumbs/kikauka_2004_bc_mines_assessment_report__27472_th.jpg,
,,,,,,,,,,,,,,,,
,,,,,,,,,,,,,,,,
,,,,,,,,,,,,,,,,
,,,,,,,,,,,,,,,,
,,,,,,,,,,,,,,,,
,,,,,,,,,,,,,,,,
,,,,,,,,,,,,,,,,
,,,,,,,,,,,,,,,,
,,,,,,,,,,,,,,,,
,,,,,,,,,,,,,,,,
,,,,,,,,,,,,,,,,
,,jamie_constable_jordan_river_research,,Jamie Constable: Thesis,,,,,,record,compound_object,Research; Watershed Governance; Supply-Management; Basin Overbuilding; Resource Management; Local Watershed Entities; Collaboration; Environmental Governance; Geography; Salmon; Tailings; Water Chemistry; Water Quality; Water Use Plan; Discharge; Salmon; Historical Review; Mine Collapse,,/objects/small/_sm.jpg,/objects/thumbs/_th.jpg,
water_governance_paper,jamie_constable_jordan_river_research,jamie_constable_jordan_river_thesis_001,/objects/water_governance_paper.pdf,Taking the “Rains” into Local Hands: Water Governance in British Columbia ,Jamie Constable,University of Victoria ,2015-07-15,,pdf,pdf,pdf,Research; Watershed Governance; Supply-Management; Basin Overbuilding; Resource Management; Local Watershed Entities; Collaboration; Environmental Governance,,/objects/small/water_governance_paper_sm.jpg,/objects/thumbs/water_governance_paper_th.jpg,
edwards_2020_msc_thesis_building_the_capacity_for_watershed_governance,jamie_constable_jordan_river_research,jamie_constable_jordan_river_thesis_002,/objects/edwards_2020_msc_thesis_building_the_capacity_for_watershed_governance.pdf,Building the Capacity for Watershed Governance,Jamie Joyce Edwards,University of Victoria,2020,,pdf,pdf,pdf,Research; Watershed Governance; Geography; Salmon; Tailings; Water Chemistry; Water Quality,,/objects/small/edwards_2020_msc_thesis_building_the_capacity_for_watershed_governance_sm.jpg,/objects/thumbs/edwards_2020_msc_thesis_building_the_capacity_for_watershed_governance_th.jpg,
jordan_river_paper,jamie_constable_jordan_river_research,jamie_constable_jordan_river_thesis_003,/objects/jordan_river_paper.pdf,Jordan River: A Desolate Coastal River,Jamie Constable,,2013-04-05,,pdf,pdf,pdf,Research; Water Use Plan; Discharge; Salmon; Historical Review; Mine Collapse,,/objects/small/jordan_river_paper_sm.jpg,/objects/thumbs/jordan_river_paper_th.jpg,
jordan_river_park_boundary,jamie_constable_jordan_river_research,jamie_constable_jordan_river_thesis_004,/objects/jordan_river_park_boundary.tiff,Jordan River Park Boundary,CDR,,2012,,tiff,tiff,image,Research; Map; Park,,/objects/small/jordan_river_park_boundary_sm.jpg,/objects/thumbs/jordan_river_park_boundary_th.jpg,
jr_basin,jamie_constable_jordan_river_research,jamie_constable_jordan_river_thesis_005,/objects/jr_basin.tiff,Jordan Project Schematic,,,,,tiff,tiff,image,Research; Map; Dams; Hydrology; Hydroelectric,,/objects/small/jr_basin_sm.jpg,/objects/thumbs/jr_basin_th.jpg,
proquestdocuments_2013_04_03,jamie_constable_jordan_river_research,jamie_constable_jordan_river_thesis_006,/objects/proquestdocuments_2013_04_03.pdf,"Life has trickled back to a 'lonely, dead river'",Mark Hume,The Globe and Mail,2011-03-07,,pdf,pdf,pdf,Research; Tsolum River Restoration; Salmon Restocking; Copper,,/objects/small/proquestdocuments_2013_04_03_sm.jpg,/objects/thumbs/proquestdocuments_2013_04_03_th.jpg,
tsolum_river_watershed_figure,jamie_constable_jordan_river_research,jamie_constable_jordan_river_thesis_007,/objects/tsolum_river_watershed_figure.tiff,Tsolum River Watershed Figure,,,,,tiff,tiff,image,Research; Map; Tsolum River Restoration; ,,/objects/small/tsolum_river_watershed_figure_sm.jpg,/objects/thumbs/tsolum_river_watershed_figure_th.jpg,
jr_water_data,jamie_constable_jordan_river_research,jamie_constable_jordan_river_thesis_008,/objects/jr_water_data.7z,ZIP - Jamie's Water Data,,,,,zip file,zip file,zip file,Research; Watershed Governance; Geography; Salmon; Tailings; Water Chemistry; Water Quality,,/objects/small/jr_water_data_sm.jpg,/objects/thumbs/jr_water_data_th.jpg,
jordan_river_jamie,jamie_constable_jordan_river_research,jamie_constable_jordan_river_thesis_009,/objects/jordan_river_jamie.7z,ZIP - Jamie's References and Paper,,,,,zip file,zip file,zip file,Research; Watershed Governance; Geography; Salmon; Tailings; Water Chemistry; Water Quality,,/objects/small/jordan_river_jamie_sm.jpg,/objects/thumbs/jordan_river_jamie_th.jpg,
jamie_constable,jamie_constable_jordan_river_research,jamie_constable_jordan_river_thesis_010,/objects/jamie_constable.7z,ZIP - All Files Jamie Constable,,,,,zip file,zip file,zip file,Research; Watershed Governance; Geography; Salmon; Tailings; Water Chemistry; Water Quality,,/objects/small/jamie_constable_sm.jpg,/objects/thumbs/jamie_constable_th.jpg,
,,,,,,,,,,,,,,/objects/small/_sm.jpg,/objects/thumbs/_th.jpg,
nunn_2023_repair_and_the_2014_mount_polley_mine_disaster,,niel_nunn_research,/objects/nunn_2023_repair_and_the_2014_mount_polley_mine_disaster.pdf,"Repair and the 2014 Mount Polley Mine disaster: Antirelationality, constraint, and legacies of socio-ecological disruption in settler colonial British Columbia",Neil Nunn,Society and Space,2023,,pdf,pdf,pdf,Research; Settler Colonialism; Antirelationality; environmental justice; reparative planning; BC gold rush; settler colonialism; colonial modernity; 1862 smallpox epidemic,,/objects/small/nunn_2023_repair_and_the_2014_mount_polley_mine_disaster_sm.jpg,/objects/thumbs/nunn_2023_repair_and_the_2014_mount_polley_mine_disaster_th.jpg,