title,creator,date,description,subject,location,latitude,longitude,source,identifier,type,format,language,rights,rightsstatement,object_thumb,object_location,reference_url
"Aerial Photo of Estuary with Lumber Mill","","","Black and White Aerial Photo of the estuary and Lumber Mill","Forestry; Mill; Coastline","","","","","","photo","image/JPG","","","","http://localhost:4000/JRWA-Archive/objects/thumbs/sookejr_th.jpg","http://localhost:4000/JRWA-Archive/objects/sookejr.jpg",/JRWA-Archive/items/jrhp_001.html
"Cowichan Copper Mine","","1965","Black and White Photo of the copper mine","Mining; Copper","","","","","","photo","image/JPG","","","","http://localhost:4000/JRWA-Archive/objects/thumbs/chowicancoppermine1965_th.jpg","http://localhost:4000/JRWA-Archive/objects/chowicancoppermine1965.jpg",/JRWA-Archive/items/jrhp_002.html
"Logging Operation at Jordan River","","","Black and White Photo of logging workers","Forestry; Workers","","","","","","photo","image/PNG","","","","http://localhost:4000/JRWA-Archive/objects/thumbs/loggingopitem_th.jpg","http://localhost:4000/JRWA-Archive/objects/loggingopitem.png",/JRWA-Archive/items/jrhp_003.html
"Mine Waste Dump and Pond","","1974","Black and White Photo of the Sunro Mine and the River below","Mining; Copper; Sunro; Dumping","","","","","","photo","image/PDF","","","","http://localhost:4000/JRWA-Archive/objects/thumbs/1974minewastedumpandpond_th.jpg","http://localhost:4000/JRWA-Archive/objects/1974minewastedumpandpond.pdf",/JRWA-Archive/items/jrhp_004.html
"Mine Waste Dump and Pond","","1974","Black and White Photo of the Sunro Mine and the River below","Mining; Copper; Sunro; Dumping","","","","","","photo","image/PDF","","","","http://localhost:4000/JRWA-Archive/objects/thumbs/fileid_15115_th.jpg","http://localhost:4000/JRWA-Archive/objects/fileid_15115.pdf",/JRWA-Archive/items/jrhp_005.html
"Sundo Mine Entrance","","1958","Black and White Photo of the Sundo Mine Entrance","Mining; Copper; Sunro; Dumping","","","","","","photo","image/PDF","","","","http://localhost:4000/JRWA-Archive/objects/thumbs/fileid_15129_th.jpg","http://localhost:4000/JRWA-Archive/objects/fileid_15129.pdf",/JRWA-Archive/items/jrhp_006.html
"Mine drill bit and Workers","","","Black and White Photo the Mining Drill Bit and Workers","Mining","","","","","","photo","image/PDF","","","","http://localhost:4000/JRWA-Archive/objects/thumbs/fileid_15134_th.jpg","http://localhost:4000/JRWA-Archive/objects/fileid_15134.pdf",/JRWA-Archive/items/jrhp_007.html
"Maveric River adds to the Mine Flow","","1964-01-09","Black and White Newsprint with Photos of the Mine being flooded in 1964","Mining; Flood; Cowichan Copper Company; Copper","","","","","","photo","image/PDF","","","","http://localhost:4000/JRWA-Archive/objects/thumbs/fileid_61241_th.jpg","http://localhost:4000/JRWA-Archive/objects/fileid_61241.pdf",/JRWA-Archive/items/jrhp_008.html
"Heavy Rain to Delay Flooded Mine Repair","","1963-12-07","Black and White Newsprint with Photos of the Mine being flooded in 1964","Mining; Flood; Cowichan Copper Company; Copper","","","","","","photo","image/PDF","","","","http://localhost:4000/JRWA-Archive/objects/thumbs/fileid_61335_th.jpg","http://localhost:4000/JRWA-Archive/objects/fileid_61335.pdf",/JRWA-Archive/items/jrhp_009.html
"Aerial Photo of Estuary with Lumber Mill 2","","","Black and White Aerial Photo of the Estuary and Logging Mill","Estuary; Forestry; Mill","","","","","","photo","image/PNG","","","","http://localhost:4000/JRWA-Archive/objects/thumbs/jrestuary_th.jpg","http://localhost:4000/JRWA-Archive/objects/jrestuary.png",/JRWA-Archive/items/jrhp_010.html
"Aerial Photo of Estuary with Lumber Mill 3","","","Black and White Aerial Photo of the Estuary and Logging Mill","Estuary; Forestry; Mill","","","","","","photo","image/PNG","","","","http://localhost:4000/JRWA-Archive/objects/thumbs/jrestuary2_th.jpg","http://localhost:4000/JRWA-Archive/objects/jrestuary2.png",/JRWA-Archive/items/jrhp_011.html
"Booming Area Photo","","1917","Black and White Photo of the Booming Area","Estuary; Forestry; Booming","","","","","","photo","image/JPG","","","","http://localhost:4000/JRWA-Archive/objects/thumbs/1917boomingarea_th.jpg","http://localhost:4000/JRWA-Archive/objects/1917boomingarea.jpg",/JRWA-Archive/items/jrhp_012.html
"Forebay Pond","","","Black and White Photo of the Forebay Pond","Estuary; Forestry; Forebay Pond","","","","","","photo","image/JPG","","","","http://localhost:4000/JRWA-Archive/objects/thumbs/forebaypond_th.jpg","http://localhost:4000/JRWA-Archive/objects/forebaypond.jpg",/JRWA-Archive/items/jrhp_013.html
"Log Booming Photo","","1950","Black and White Photo of a crane lifting logs","Estuary; Forestry; Booming","","","","","","photo","image/JPG","","","","http://localhost:4000/JRWA-Archive/objects/thumbs/1950slogbooming_th.jpg","http://localhost:4000/JRWA-Archive/objects/1950slogbooming.jpg",/JRWA-Archive/items/jrhp_014.html
"Rail Car","","1920","Black and White Photo of men on a Rail car","Railcar","","","","","","photo","image/JPG","","","","http://localhost:4000/JRWA-Archive/objects/thumbs/1920railcar_th.jpg","http://localhost:4000/JRWA-Archive/objects/1920railcar.jpg",/JRWA-Archive/items/jrhp_015.html
"George Winkler, the Poet Prospector","","1908","Screenshot of Royal BC Museum Entry on George Winkler, with brief biography and black and white photograph of the man himself","George Winkler; Prospector; Mining","","","","","","photo","image/PNG","","","","http://localhost:4000/JRWA-Archive/objects/thumbs/winklerbio_th.jpg","http://localhost:4000/JRWA-Archive/objects/winklerbio.png",/JRWA-Archive/items/jrhp_016.html
"The dam at the Jordan River","","1919","Black and White photo of the dam in construction","Hydroelectric; Dam","","","","","","photo","image/PNG","","","","http://localhost:4000/JRWA-Archive/objects/thumbs/rcbmhydroflume_th.jpg","http://localhost:4000/JRWA-Archive/objects/rcbmhydroflume.png",/JRWA-Archive/items/jrhp_017.html
"Rail line near Sunloch Mine","","1919","Black and White photo of rail line","Mining; Sunloch Mines Ltd.","","","","","","photo","image/PNG","","","","http://localhost:4000/JRWA-Archive/objects/thumbs/rmcbhsunloch1919rail1_th.jpg","http://localhost:4000/JRWA-Archive/objects/rmcbhsunloch1919rail1.png",/JRWA-Archive/items/jrhp_018.html
"Rail line near Sunloch Mine 2","","1919","Black and White photo of rail line","Mining; Sunloch Mines Ltd.","","","","","","photo","image/PNG","","","","http://localhost:4000/JRWA-Archive/objects/thumbs/rmcbhsunloch1919rail2_th.jpg","http://localhost:4000/JRWA-Archive/objects/rmcbhsunloch1919rail2.png",/JRWA-Archive/items/jrhp_019.html
"Rail line near Sunloch Mine 3","","1919","Black and White photo of rail line","Mining; Sunloch Mines Ltd.","","","","","","photo","image/PNG","","","","http://localhost:4000/JRWA-Archive/objects/thumbs/rmcbhsunloch1919rail3_th.jpg","http://localhost:4000/JRWA-Archive/objects/rmcbhsunloch1919rail3.png",/JRWA-Archive/items/jrhp_020.html
"Powerhouse at Jordan River 1920","","1920","Black and White photo of powerhouse","Hydroelectric","","","","","","photo","image/JPG","","","","http://localhost:4000/JRWA-Archive/objects/thumbs/1920powerhousejr_th.jpg","http://localhost:4000/JRWA-Archive/objects/1920powerhousejr.jpg",/JRWA-Archive/items/jrhp_021.html
"Camp 2 at Jordan River and Dam 1930&#39;s","","1930","Black and White photo of a camp adjacent to the dam","Forestry; Settlement; Dam; Settlement","","","","","","photo","image/JPG","","","","http://localhost:4000/JRWA-Archive/objects/thumbs/1930sjordanriveranddam_th.jpg","http://localhost:4000/JRWA-Archive/objects/1930sjordanriveranddam.jpg",/JRWA-Archive/items/jrhp_022.html
"Jordan River Miner in the 1920s","","1920","Black and White photo of a miner","Mining","","","","","","photo","image/JPG","","","","http://localhost:4000/JRWA-Archive/objects/thumbs/1920jrsunlockmines_th.jpg","http://localhost:4000/JRWA-Archive/objects/1920jrsunlockmines.jpg",/JRWA-Archive/items/jrhp_023.html
"Jordan River Community Hall 1945-48","","1940","Black and White photo of the community hall","Settlement","","","","","","photo","image/JPG","","","","http://localhost:4000/JRWA-Archive/objects/thumbs/1945_48jrcommunityhall_th.jpg","http://localhost:4000/JRWA-Archive/objects/1945_48jrcommunityhall.jpg",/JRWA-Archive/items/jrhp_024.html
"Jordan River Powerhouse 1926","","1926","Black and White photo of powerhouse","Hydroelectric","","","","","","photo","image/JPG","","","","http://localhost:4000/JRWA-Archive/objects/thumbs/1926jrpowerhouse_th.jpg","http://localhost:4000/JRWA-Archive/objects/1926jrpowerhouse.jpg",/JRWA-Archive/items/jrhp_025.html
"Clearing where powerhouse was built","","1908","Black and White photo of cleared field adjacent to dam","Hydroelectric ","","","","","","photo","image/JPG","","","","http://localhost:4000/JRWA-Archive/objects/thumbs/clearingwherepowerhousewasbuiltjordanriver1908_th.jpg","http://localhost:4000/JRWA-Archive/objects/clearingwherepowerhousewasbuiltjordanriver1908.jpg",/JRWA-Archive/items/jrhp_026.html
"View of the Jordan River 1904","","1904","","","","","","","","photo","image/JPG","","","","http://localhost:4000/JRWA-Archive/objects/thumbs/1904viewjr_th.jpg","http://localhost:4000/JRWA-Archive/objects/1904viewjr.jpg",/JRWA-Archive/items/jrhp_026.5.html
"Telegraph Hut","","","Black and White photo the Jordan River","","","","","","","photo","image/JPG","","","","http://localhost:4000/JRWA-Archive/objects/thumbs/telegraphhutjr_th.jpg","http://localhost:4000/JRWA-Archive/objects/telegraphhutjr.jpg",/JRWA-Archive/items/jrhp_027.html
"Man Drilling a Rock ","","1917","Black and White photo the Jordan River Homes","Mining","","","","","","photo","image/JPG","","","","http://localhost:4000/JRWA-Archive/objects/thumbs/1919mandrillingrock_th.jpg","http://localhost:4000/JRWA-Archive/objects/1919mandrillingrock.png",/JRWA-Archive/items/jrhp_028.html
"Homes of the Jordan River 1920&#39;s ","","1920","Black and White photo of a man drilling a rock","Settlement","","","","","","photo","image/JPG","","","","http://localhost:4000/JRWA-Archive/objects/thumbs/homesatjr_th.jpg","http://localhost:4000/JRWA-Archive/objects/homesatjr.jpg",/JRWA-Archive/items/jrhp_029.html
"River Mouth 1911","","1911","Black and White photo the Jordan River","","","","","","","photo","image/JPG","","","","http://localhost:4000/JRWA-Archive/objects/thumbs/1911rivermouth_th.jpg","http://localhost:4000/JRWA-Archive/objects/1911rivermouth.jpg",/JRWA-Archive/items/jrhp_030.html
"Dock and Straights 1900-1910","","1900","Screenshot of the University of British Columbia ","Settlement","","","","","","photo","image/JPG","","","","http://localhost:4000/JRWA-Archive/objects/thumbs/1900_1910jrdock_th.jpg","http://localhost:4000/JRWA-Archive/objects/1900_1910jrdock.pdf",/JRWA-Archive/items/jrhp_031.html
"Ethnobotany of the
Nitinaht Indians of Vancouver Island","","1983","","Ethnobotany; Plants; Indigenous; First Nations; Biology","","","","","","Book","application/pdf","","","","http://localhost:4000/JRWA-Archive/objects/thumbs/1983ethnobotany_nancyturner_th.jpg","http://localhost:4000/JRWA-Archive/objects/1983ethnobotany_nancyturner.pdf",/JRWA-Archive/items/jrhfn_001.html
"Water Dialogue Series: Canada Water Agency What We Heard Report","BC Assembly of First Nations","2022-07-01","","Advocacy; Canada Water Agency; First Nations","","","","","","Report","application/pdf","","","","http://localhost:4000/JRWA-Archive/objects/thumbs/2022canadawateragencyvirtualdialogue_th.jpg","http://localhost:4000/JRWA-Archive/objects/2022canadawateragencyvirtualdialogue.pdf",/JRWA-Archive/items/jrhfn_002.html
"B.C. First Nations plan to appeal ruling to
restore natural river flows 70 years later","CTV News Vancouver","2022-02-04","","Legal Case; River Diversion; First Nations; Advocacy; Salmon","","","","","","News Article","application/pdf","","","","http://localhost:4000/JRWA-Archive/objects/thumbs/2022bc_firstnationstoappealnechakorivercourtruling_th.jpg","http://localhost:4000/JRWA-Archive/objects/2022bc_firstnationstoappealnechakorivercourtruling.pdf",/JRWA-Archive/items/jrhfn_003.html
"Ditidaht &amp; Pacheedaht Agreement in Principle - Treaty","","2019-06-28","","First Nations; Treaty","","","","","","Treaty Document","application/pdf","","","","http://localhost:4000/JRWA-Archive/objects/thumbs/ditidahtandpacheedaht2019treatyagreementinprinciple_th.jpg","http://localhost:4000/JRWA-Archive/objects/ditidahtandpacheedaht2019treatyagreementinprinciple.pdf",/JRWA-Archive/items/jrhfn_004.html
"Case for a Guardian Network Initiative ","BC First Nations Energy and Mining Council and UVic Environmental Centre","2020-07-01","","First Nations; Guardian Programs; Conservation","","","","","","Advocacy Report","application/pdf","","","","http://localhost:4000/JRWA-Archive/objects/thumbs/2020caseforaguardiannetwork_th.jpg","http://localhost:4000/JRWA-Archive/objects/2020caseforaguardiannetwork.pdf",/JRWA-Archive/items/jrhfn_005.html
"Step into the River: A Framework for Economic Reconciliation","Sxwpilemaát Siyám and Lily Raphael","2022","","First Nations; Justice","","","","","","Advocacy Report","application/pdf","","","","http://localhost:4000/JRWA-Archive/objects/thumbs/siyam2022facultyofenvironmentstepintotheriveraframeworkforeconomicreconciliation_th.jpg","http://localhost:4000/JRWA-Archive/objects/siyam2022facultyofenvironmentstepintotheriveraframeworkforeconomicreconciliation.pdf",/JRWA-Archive/items/jrhfn_006.html
"Jordan River Historical Salmond Survey ","RRL Recreation Resources Limited ","2001-1","Survey of public anecdotal knowledge knowledge of salmon conditions pre- 1971","Salmon; BC Hydro","","","","","","Public Survey ","application/pdf","","","","http://localhost:4000/JRWA-Archive/objects/thumbs/2001jordanriverhistoricalsalmonidsurvey_th.jpg","http://localhost:4000/JRWA-Archive/objects/2001jordanriverhistoricalsalmonidsurvey.pdf",/JRWA-Archive/items/jrhfn_007.html
"Review of the Ethnographic and Historical Resources: T&#39;Sou-ke and Pacheedaht First Nations","Ministry of Attorney General Legal Services Branch ","2008-10-20","","First Nations; Land Use; Sooke; Pacheedaht ","","","","","","Research","application/pdf","","","","http://localhost:4000/JRWA-Archive/objects/thumbs/reviewoffirstnationresources_th.jpg","http://localhost:4000/JRWA-Archive/objects/reviewoffirstnationresources.pdf",/JRWA-Archive/items/jrhfn_008.html
"A sacred rattle, a fleeing tribe, an eagle eating a sockeye: Pacheedaht reflect on their origins and future with recent land purchase","Eric Plumber","","Ceremony Description in relation to Pacheedaht buying historic lands from BC Hydro  ","Hydroelectric; Land Use; Pacheedaht; BC Hydro","","","","","","News Article","application/pdf","","","","http://localhost:4000/JRWA-Archive/objects/thumbs/plummer2018pacheedahtreflectontheiroriginsinhashilthsa_th.jpg","http://localhost:4000/JRWA-Archive/objects/plummer2018pacheedahtreflectontheiroriginsinhashilthsa.pdf",/JRWA-Archive/items/jrhfn_009.html
"Pacheedaht First Nation Newsletter","Pamela Jones Kristine Pearson","2017-10-1","Pacheedaht First Nation Newsletter Land Use Planning","First Nations; Land Use; Pacheedaht ","","","","","","Newsletter","application/pdf","","","","http://localhost:4000/JRWA-Archive/objects/thumbs/pnf2017lup_newsletter_th.jpg","http://localhost:4000/JRWA-Archive/objects/pnf2017lup_newsletter.pdf",/JRWA-Archive/items/jrhfn_010.html
"Site C Project Tripartite Land Agreement","","2016-04-07","","Land Agreement; BC Hydro; Land Use; Hydroelectric; Mcleod Lake Indian Band","","","","","","Land Use Agreement","application/pdf","","","","http://localhost:4000/JRWA-Archive/objects/thumbs/mcletla07apr2016_th.jpg","http://localhost:4000/JRWA-Archive/objects/mcletla07apr2016.pdf",/JRWA-Archive/items/jrhfn_011.html
"Pacheedaht First Nation Traditional Use and Occupancy Study Report for Port Metro Vancouver Roberts Bank Terminal 2 Project!","Pacheedaht Heritage Project, Pacheedaht First Nation Treaty Department","2015-09-23","This report presents information about the Pacheedaht First Nation related to their
aboriginal interests (rights and title) and traditional use and current use of lands, waters
and resources, as related to the Port Metro Vancouver Roberts Bank Terminal 2 Project.
The report has been prepared with consideration of the “Updated Guidelines for the
Preparation of an Environmental Impact Statement, Pursuant to the Canadian
Environmental Assessment Act, 2012 for the Roberts Bank Terminal 2 Project proposed
by Port Metro Vancouver” (RBT2 EIS) dated April 17, 2015. It has also based on topics
and formatting requested by Port Metro Vancouver representatives.","Pacheedaht; Land Use; History; Survey","","","","","","Land Use Study","application/pdf","","","","http://localhost:4000/JRWA-Archive/objects/thumbs/2017pacheedahttraditionaluseandoccupancystudyreport_th.jpg","http://localhost:4000/JRWA-Archive/objects/2017pacheedahttraditionaluseandoccupancystudyreport.pdf",/JRWA-Archive/items/jrhfn_013.html
"Pacheedaht First Nation Incremental Treaty Agreement","","2013-03-26","","Pacheedaht","","","","","","Treaty Document","application/pdf","","","","http://localhost:4000/JRWA-Archive/objects/thumbs/ita_pacheedaht_th.jpg","http://localhost:4000/JRWA-Archive/objects/ita_pacheedaht.pdf",/JRWA-Archive/items/jrhfn_014.html
"Bibliography - Review of the Ethnographic and Historical Resources: T&#39;Sou-ke and Pacheedaht First Nations","Ministry of Attorney General Legal Services Branch ","2008-10-20","","First Nations","","","","","","Bibliography","application/pdf","","","","http://localhost:4000/JRWA-Archive/objects/thumbs/firstnationrefs_th.jpg","http://localhost:4000/JRWA-Archive/objects/firstnationrefs.pdf",/JRWA-Archive/items/jrhfn_015.html
"Indigenous Oral History and Settlement Archaeology in Barkley Sound, Western Vancouver Island","Iain McKechnie","2015","","First Nations; Oral History","","","","","","Study","application/pdf","","","","http://localhost:4000/JRWA-Archive/objects/thumbs/ebarsky_mckechnie_th.jpg","http://localhost:4000/JRWA-Archive/objects/ebarsky_mckechnie.pdf",/JRWA-Archive/items/jrhfn_016.html
"B.C. clam garden restoration revives millennia-old First Nation food source","Alistair Taylor","2024-09-21","","Clam Garden; First Nations; Food Systems","","","","","","News Article","application/pdf","","","","http://localhost:4000/JRWA-Archive/objects/thumbs/bcclamgardenrestorationrevivesmillenniaoldfirstnationfoodsource_sookenewsmirror_th.jpg","http://localhost:4000/JRWA-Archive/objects/bcclamgardenrestorationrevivesmillenniaoldfirstnationfoodsource_sookenewsmirror.pdf",/JRWA-Archive/items/jrhfn_017.html
"Highlights from the Ancient Fish Trap Study","","","","Fish Traps; First Nations; Food Systems","","","","","","Web Page","application/pdf","","","","http://localhost:4000/JRWA-Archive/objects/thumbs/highlightsfromtheancientfishtrapstudy_projectwatershed_th.jpg","http://localhost:4000/JRWA-Archive/objects/highlightsfromtheancientfishtrapstudy_projectwatershed.pdf",/JRWA-Archive/items/jrhfn_018.html
"An underwater mystery on Canada&#39;s coast","Diane Selkirk","2021-10-14","","Clam Garden; First Nations; Food Systems","","","","","","News Article","application/pdf","","","","http://localhost:4000/JRWA-Archive/objects/thumbs/selkirk2021anunderwatermysteryoncanada'scoastinbbctravel_th.jpg","http://localhost:4000/JRWA-Archive/objects/selkirk2021anunderwatermysteryoncanada'scoastinbbctravel.pdf",/JRWA-Archive/items/jrhfn_019.html
"Step into the River: A Framework for Economic Reconciliation","Sxwpilemaát Siyám and Lily Raphael","2022","","First Nations; Justice","","","","","","Advocacy Report","application/pdf","","","","http://localhost:4000/JRWA-Archive/objects/thumbs/stepintotheriveracknowledgments_th.jpg","http://localhost:4000/JRWA-Archive/objects/stepintotheriveracknowledgments.png",/JRWA-Archive/items/jrhfn_020.html
"Little Rills and Waters Numberless","","1939-05-31","Sunro Mine Entrance","Biology; Plants; Fossils: Settler","","","","","","News Article","application/pdf","","","","http://localhost:4000/JRWA-Archive/objects/thumbs/jrdc1936littlerillsandwatersumberless_th.jpg","http://localhost:4000/JRWA-Archive/objects/jrdc1936littlerillsandwatersumberless.pdf",/JRWA-Archive/items/jrhs_001.html
"Jordan River Enchanting Place","Donald Stainsby","1967-19-02","Advertisement for the town","Mining; Settler","","","","","","News Article","application/pdf","","","","http://localhost:4000/JRWA-Archive/objects/thumbs/jr1962provincejranenchantingplace_th.jpg","http://localhost:4000/JRWA-Archive/objects/jr1962provincejranenchantingplace.pdf",/JRWA-Archive/items/jrhs_002.html
"Jordan River drew attention in 1923","Elida Peers ","2007-08-31","","Settlement; Hydroelectric","","","","","","News Article","application/pdf","","","","http://localhost:4000/JRWA-Archive/objects/thumbs/peers2014thefamilythatbuiltjordanriverinsookenewsmirror_th.jpg","http://localhost:4000/JRWA-Archive/objects/peers2014thefamilythatbuiltjordanriverinsookenewsmirror.pdf",/JRWA-Archive/items/jrhs_003.html
"The family that built Jordan River","Elida Peers","2014-03-12","","Settlement; Hydroelectric","","","","","","News Article","application/pdf","","","","http://localhost:4000/JRWA-Archive/objects/thumbs/peers2015jordanriverdamworryrevisitedinsookenewsmirror_th.jpg","http://localhost:4000/JRWA-Archive/objects/peers2015jordanriverdamworryrevisitedinsookenewsmirror.pdf",/JRWA-Archive/items/jrhs_004.html
"Jordan River forestry a contrast in decades","Elida Peers","2022-03-20","","Settlement; Forestry; Canadian Overseas Log and Lumber Ltd; Hydroelectric","","","","","","News Article","application/pdf","","","","http://localhost:4000/JRWA-Archive/objects/thumbs/peers2019jordanriverforestryacontrastindecadesinsookenewsmirror_th.jpg","http://localhost:4000/JRWA-Archive/objects/peers2019jordanriverforestryacontrastindecadesinsookenewsmirror.pdf",/JRWA-Archive/items/jrhs_005.html
"Jordan River drew attention in 1923","Elida Peers","2011-08-31","","Settlement; Hydroelectric;","","","","","","News Article","application/pdf","","","","http://localhost:4000/JRWA-Archive/objects/thumbs/peers2011jordanriverdrewattentionin1923insookenewsmirror_th.jpg","http://localhost:4000/JRWA-Archive/objects/peers2011jordanriverdrewattentionin1923insookenewsmirror.pdf",/JRWA-Archive/items/jrhs_006.html
"Jordan River Enthusiastic about Prison Camp","Max Low","1974-12-21","","Settlement; Prison","","","","","","News Article","application/pdf","","","","http://localhost:4000/JRWA-Archive/objects/thumbs/times_colonist_1974_jrprison_th.jpg","http://localhost:4000/JRWA-Archive/objects/times_colonist_1974_jrprison.pdf",/JRWA-Archive/items/jrhs_007.html
"Welcome to Jordan River Sign","","","","Settlement","","","","","","News Article","application/pdf","","","","http://localhost:4000/JRWA-Archive/objects/thumbs/welcometojrsign_th.jpg","http://localhost:4000/JRWA-Archive/objects/welcometojrsign.JPG",/JRWA-Archive/items/jrhs_008.html
"Shirley - Jordan River Official Community Plan","","2016","","Settlement; Regional Planning; First Nations; Transportation; Water; Environment; Adaptation; Environmental Planning","","","","","","Plan","application/pdf","","","","http://localhost:4000/JRWA-Archive/objects/thumbs/officialcommunityplanforshirleyjordanriverbylawno_th.jpg","http://localhost:4000/JRWA-Archive/objects/officialcommunityplanforshirleyjordanriverbylawno.pdf",/JRWA-Archive/items/jrhs_009.html
"Bliss Spring","","2019-02-14","","Water Spring; Settlement","","","","","","News Article","application/pdf","","","","http://localhost:4000/JRWA-Archive/objects/thumbs/blissspring_th.jpg","http://localhost:4000/JRWA-Archive/objects/blissspring.pdf",/JRWA-Archive/items/jrhs_011.html
"Tugs and Barges To and From Jordan River BC","Arnie Campbell","2015","","Historic Transportation; Settlement","","","","","","News Article","application/pdf","","","","http://localhost:4000/JRWA-Archive/objects/thumbs/campbell2015thenauticapediatugsandbargestoandfromjordanriverbc_th.jpg","http://localhost:4000/JRWA-Archive/objects/campbell2015thenauticapediatugsandbargestoandfromjordanriverbc.pdf",/JRWA-Archive/items/jrhs_012.html
"Hydrogeologic Assessment and Water Quality Monitoring of the Wood Waste Landfill Site, Jordan River, British Columbia","Golder Associates","2007-12-12","","Environmental Assessment; Landfill; Woodwaste; Water; Hydrogeology; Toxicity; Contamination; Pollution","","","","","","Report","application/pdf","","","","http://localhost:4000/JRWA-Archive/objects/thumbs/golderassociates2007hydrgeologicalassessmentandwaterqualityofthewoodwastelandfillsite_th.jpg","http://localhost:4000/JRWA-Archive/objects/golderassociates2007hydrgeologicalassessmentandwaterqualityofthewoodwastelandfillsite.pdf",/JRWA-Archive/items/jrhea_001.html
"PHASE I ENVIRONMENTAL SITE ASSESSMENT JORDAN RIVER GROUP SOUTHERN VANCOUVER ISLAND WFP LANDS JORDAN RIVER, BC","Golder Associates","2008-08-24","","Environmental Assessment; Landfill; Woodwaste; Water; Hydrogeology; Toxicity; Contamination; Pollution","","","","","","Report","application/pdf","","","","http://localhost:4000/JRWA-Archive/objects/thumbs/golderassociates2008phase1environmenalsiteassessmentilkaydevel_th.jpg","http://localhost:4000/JRWA-Archive/objects/golderassociates2008phase1environmenalsiteassessmentilkaydevel.pdf",/JRWA-Archive/items/jrhea_002.html
"Developer’s alternate vision for Jordan River designed with public in mind","Ender Ilkay","2008-08-18","Plan for property on Island’s south coast provides access to beaches and
thousands of acres of green space","Development Plan; Settlement; Development","","","","","","","application/pdf","","","","http://localhost:4000/JRWA-Archive/objects/thumbs/ilkaydevelopmentcorp2008developersaltermatevisionforjr_th.jpg","http://localhost:4000/JRWA-Archive/objects/ilkaydevelopmentcorp2008developersaltermatevisionforjr.pdf",/JRWA-Archive/items/jrhea_003.html
"Response to MOE E-mail RE: Request for Pre Approvals under Protocol 6 for Jordan River sites","Stefan Quaglia","2011-10-28","","Zinc; Ecology; Pollution Exposure; Food Chain; Toxicity Testing; ","","","","","","Email","application/pdf","","","","http://localhost:4000/JRWA-Archive/objects/thumbs/keystoneenvironmental2011bcpreapproval_th.jpg","http://localhost:4000/JRWA-Archive/objects/keystoneenvironmental2011bcpreapproval.pdf",/JRWA-Archive/items/jrhea_004.html
"TABLES, DATA, AND PERMITS RELATED TO APEC JRG2-01 WOOD WASTE LANDFILL","","","","Environmental Assessment; Landfill; Woodwaste; Water; Toxicity; Contamination; Pollution","","","","","","Report","application/pdf","","","","http://localhost:4000/JRWA-Archive/objects/thumbs/keystoneenvironmental2012appendixkwoodwastelandfill_th.jpg","http://localhost:4000/JRWA-Archive/objects/keystoneenvironmental2012appendixkwoodwastelandfill.pdf",/JRWA-Archive/items/jrhea_005.html
"Report of Findings – Preliminary Site Investigation","Michael Geraghty","2012-20-06","","Environmental Assessment; Landfill; Woodwaste; Water; Toxicity; Contamination; Pollution","","","","","","Report","application/pdf","","","","http://localhost:4000/JRWA-Archive/objects/thumbs/keystoneenvironmental2012reportoffindingswfp_th.jpg","http://localhost:4000/JRWA-Archive/objects/keystoneenvironmental2012reportoffindingswfp.pdf",/JRWA-Archive/items/jrhea_006.html
"Summary of Site Condition","","2012-11-23","","Environmental Assessment; Landfill; Woodwaste; Water; Hydrogeology; Toxicity; Contamination; Pollution","","","","","","Report","application/pdf","","","","http://localhost:4000/JRWA-Archive/objects/thumbs/keystoneenvironmental2012summaryofsitecondition_th.jpg","http://localhost:4000/JRWA-Archive/objects/keystoneenvironmental2012summaryofsitecondition.pdf",/JRWA-Archive/items/jrhea_007.html
"Treatment of Wood Waste Landfill Leachate Using Engineered Wetlands","Richard Johns, Antonia Gunardi,","","","Wood Waste Landfill; Remediation; Engineered Wetland","","","","","","Report","application/pdf","","","","http://localhost:4000/JRWA-Archive/objects/thumbs/keystoneenvironmental2014treatmentofwoodwastejordanriverpowerpoint_th.jpg","http://localhost:4000/JRWA-Archive/objects/keystoneenvironmental2014treatmentofwoodwastejordanriverpowerpoint.pdf",/JRWA-Archive/items/jrhea_008.html
"Dow Chemical Here to Defend Spraying","Ian Corrance","1978-05-16","","Dow Chemicals; Herbicides; Hydroelectric; ","","","","","","news article","application/pdf","","","","http://localhost:4000/JRWA-Archive/objects/thumbs/1978_sunishine_coastnews_1-4_bchydro_hearing_for_using_24d_chemical_to_spray_right_away_th.jpg","http://localhost:4000/JRWA-Archive/objects/1978_sunishine_coastnews_1-4_bchydro_hearing_for_using_24d_chemical_to_spray_right_away.pdf",/JRWA-Archive/items/jrnphhp_001.html
"Wildlife Corner","Ian Corrance","1980-11-11","","Dow Chemicals; Herbicides; Hydroelectric","","","","","","news article","application/pdf","","","","http://localhost:4000/JRWA-Archive/objects/thumbs/1980_sunchine_coast_23_3_hydro_employee_charged_for_misleading)_the_public_about_pesticide_control_act_sparying_bt_%20jr_and_sooke_th.jpg","http://localhost:4000/JRWA-Archive/objects/(1980_sunchine_coast_23_3_hydro_employee_charged_for_misleading)_the_public_about_pesticide_control_act_sparying_bt_%20jr_and_sooke.pdf",/JRWA-Archive/items/jrnphhp_002.html
"Hydro staff queried on poison control","Times Colonist","1979-06-28","","BC Hydro; Tordon 10K; Herbicides; Hydroelectric","","","","","","news article","application/pdf","","","","http://localhost:4000/JRWA-Archive/objects/thumbs/tc_1979_bc_%20hydro_staff_queried_on_poison_control_th.jpg","http://localhost:4000/JRWA-Archive/objects/tc_1979_bc_%20hydro_staff_queried_on_poison_control.pdf",/JRWA-Archive/items/jrnphhp_003.html
"Hydro 24D draws Sooke protest","Brenda Dalglish","1980-05-08","","BC Hydro; Herbicides;2:4-D; Pesticides; Hydroelectric; Protest; Sooke; First Nations","","","","","","news article","application/pdf","","","","http://localhost:4000/JRWA-Archive/objects/thumbs/tc_1980_hydro_24d_draws_sooke_protest_th.jpg","http://localhost:4000/JRWA-Archive/objects/tc_1980_hydro_24d_draws_sooke_protest.pdf",/JRWA-Archive/items/jrnphhp_004.html
"Hydro backs off on 2,4-D Plans","Brenda Dalglish","1980-06-10","","BC Hydro; Herbicides;2:4-D; Pesticides; Hydroelectric; Protest; Sooke; First Nations","","","","","","news article","application/pdf","","","","http://localhost:4000/JRWA-Archive/objects/thumbs/tc_1980_hydro_backs_off_on_24d_%20plans_th.jpg","http://localhost:4000/JRWA-Archive/objects/tc_1980_hydro_backs_off_on_24d_%20plans.pdf",/JRWA-Archive/items/jrnphhp_005.html
"Herbicide porbe ordered by A-G","Times Colonist","1980-08-03","","BC Hydro; Herbicides; 2:4-D; Hydroelectric","","","","","","news article","application/pdf","","","","http://localhost:4000/JRWA-Archive/objects/thumbs/tc_1980_hydro_herbicide_probe_ordered_by_ag_th.jpg","http://localhost:4000/JRWA-Archive/objects/tc_1980_hydro_herbicide_probe_ordered_by_ag.pdf",/JRWA-Archive/items/jrnphhp_006.html
"Hydro, Workers Charged","Vancouver Sun","1980-10-17","","","","","","","","news article","application/pdf","","","","http://localhost:4000/JRWA-Archive/objects/thumbs/vs_1980_hydro_workers_charged_th.jpg","http://localhost:4000/JRWA-Archive/objects/vs_1980_hydro_workers_charged.pdf",/JRWA-Archive/items/jrnphhp_007.html
"Good Progress on Dam","The New Westminster News","1910-07-31","","Hydroelectric; Vancouver Island Power","","","","","","news article","application/pdf","","","","http://localhost:4000/JRWA-Archive/objects/thumbs/1913_nwdn_power_plant_done_in_two_weeks_highest_of_any_in_canada_th.jpg","http://localhost:4000/JRWA-Archive/objects/1913_nwdn_power_plant_done_in_two_weeks_highest_of_any_in_canada.pdf",/JRWA-Archive/items/jrnph1900-1910_001.html
"Cost of the Dam","The Week","1913-06-21","","Hydroelectric","","","","","","news article","application/pdf","","","","http://localhost:4000/JRWA-Archive/objects/thumbs/1913_week_1_2%20_summary_of_jr_infra_in_relation_to_other_power_producers_on_the_island_th.jpg","http://localhost:4000/JRWA-Archive/objects/1913_week_1_2%20_summary_of_jr_infra_in_relation_to_other_power_producers_on_the_island.pdf",/JRWA-Archive/items/jrnph1900-1910_002.html
"Largest Dam in Canada Built and Inspected","The New Westminster News","1913-06-22","","Hydroelectric","","","","","","news article","application/pdf","","","","http://localhost:4000/JRWA-Archive/objects/thumbs/1913nwdn_2_3_jr_largest_dam_in_canada_built_and_inspected_th.jpg","http://localhost:4000/JRWA-Archive/objects/1913nwdn_2_3_jr_largest_dam_in_canada_built_and_inspected.pdf",/JRWA-Archive/items/jrnph1900-1910_003.html
"Jordan Wafer Now Being Stored - Preparing for Dry Months","The New Westminster News","1913-05-29","","Hydroelectric","","","","","","news article","application/pdf","","","","http://localhost:4000/JRWA-Archive/objects/thumbs/1913nwdn_2_3_start_filling_up_resevoir_for_biggest_dam_in_canada_th.jpg","http://localhost:4000/JRWA-Archive/objects/1913nwdn_2_3_start_filling_up_resevoir_for_biggest_dam_in_canada.pdf",/JRWA-Archive/items/jrnph1900-1910_004.html
"Develop Plant to its Full Capacity","The New Westminster News","1914-03-13","The article mentions an increase to 25K horsepower from 12K horsepower though expanding reservoir capacity","Hydroelectric","","","","","","news article","application/pdf","","","","http://localhost:4000/JRWA-Archive/objects/thumbs/1914nwdn_4_3_summary_of_bcel_orginal_plan_and_extensions_th.jpg","http://localhost:4000/JRWA-Archive/objects/1914nwdn_4_3_summary_of_bcel_orginal_plan_and_extensions.pdf",/JRWA-Archive/items/jrnph1900-1910_005.html
"The Water Powers of British Columbia ","The Western Call","1915-11-12","","Hydroelectric","","","","","","news article","application/pdf","","","","http://localhost:4000/JRWA-Archive/objects/thumbs/1915_xwestcall_4_4_details_about_the_water_powers_of_jordan_river_th.jpg","http://localhost:4000/JRWA-Archive/objects/1915_xwestcall_4_4_details_about_the_water_powers_of_jordan_river.pdf",/JRWA-Archive/items/jrnph1900-1910_006.html
"The B.C. Electric Company","The Week","1917-07--7","","Hydroelectric; B.C. Electric Company","","","","","","news article","application/pdf","","","","http://localhost:4000/JRWA-Archive/objects/thumbs/1917_week_1_3_bc_electric_to_sell_its_holdings_to_bc_and_municip_govts_th.jpg","http://localhost:4000/JRWA-Archive/objects/1917_week_1_3_bc_electric_to_sell_its_holdings_to_bc_and_municip_govts.pdf",/JRWA-Archive/items/jrnph1900-1910_007.html
"The Power Plant at the Jordan River","Times Colonist","1911-12-20","","Hydroelectric","","","","","","news article","application/pdf","","","","http://localhost:4000/JRWA-Archive/objects/thumbs/tc_1911_the_power_plant_at_jr_th.jpg","http://localhost:4000/JRWA-Archive/objects/tc_1911_the_power_plant_at_jr.pdf",/JRWA-Archive/items/jrnph1900-1910_008.html
"To Open City&#39;s Lovely Suburbs","Victoria Daily Times","1909-08-19","","Hydroelectric","","","","","","news article","application/pdf","","","","http://localhost:4000/JRWA-Archive/objects/thumbs/the_victoria_daily_times_1909_08_19_1_th.jpg","http://localhost:4000/JRWA-Archive/objects/the_victoria_daily_times_1909_08_19_1.pdf",/JRWA-Archive/items/jrnph1900-1910_009.html
"Power Plant on Island","The Province","1909-10-02","Plans for Utilization of Jordan River Power Presented for Approval","Hydroelectric","","","","","","news article","application/pdf","","","","http://localhost:4000/JRWA-Archive/objects/thumbs/tp_1909_jr_power_planton_vancouver_island_th.jpg","http://localhost:4000/JRWA-Archive/objects/tp_1909_jr_power_planton_vancouver_island.pdf",/JRWA-Archive/items/jrnph1900-1910_010.html
"Scope of Project at Jordan River","Victoria Daily Times","1909-11-05","","Hydroelectric","","","","","","news article","application/pdf","","","","http://localhost:4000/JRWA-Archive/objects/thumbs/vdt_1909_scope_of_hydro_project_at_jr_th.jpg","http://localhost:4000/JRWA-Archive/objects/vdt_1909_scope_of_hydro_project_at_jr.pdf",/JRWA-Archive/items/jrnph1900-1910_012.html
"Payroll os a Large One","Victoria Daily Times","1910-09-17","","Hydroelectric Labor","","","","","","news article","application/pdf","","","","http://localhost:4000/JRWA-Archive/objects/thumbs/vdt_1910_hydro_payroll_is_a_large_one_th.jpg","http://localhost:4000/JRWA-Archive/objects/vdt_1910_hydro_payroll_is_a_large_one.pdf",/JRWA-Archive/items/jrnph1900-1910_013.html
"Realize Extent of Jordan River Plant","Victoria Daily Times","1915-07-14","Dam took 14 months to Build. 300 ft long, 450 tons ","Hydroelectric","","","","","","news article","application/pdf","","","","http://localhost:4000/JRWA-Archive/objects/thumbs/vdt_1915_realize_extent_of_jordan_river_plant_th.jpg","http://localhost:4000/JRWA-Archive/objects/vdt_1915_realize_extent_of_jordan_river_plant.pdf",/JRWA-Archive/items/jrnph1900-1910_015.html
"Water Power are Asser Which Has Yet only Begun Development","Victoria Daily Times","1919-10-07","","Hydroelectric","","","","","","news article","application/pdf","","","","http://localhost:4000/JRWA-Archive/objects/thumbs/vdt_1919_water_powers_are_asset_which_has_only_begun_development_th.jpg","http://localhost:4000/JRWA-Archive/objects/vdt_1919_water_powers_are_asset_which_has_only_begun_development.pdf",/JRWA-Archive/items/jrnph1900-1910_016.html
"Island Power Company Completes Huge Dam","The Daily News","1912-04-23","","Hydroelectric","","","","","","news article","application/pdf","","","","http://localhost:4000/JRWA-Archive/objects/thumbs/1912_week_3_2jrdam_complete_th.jpg","http://localhost:4000/JRWA-Archive/objects/1912_week_3_2jrdam_complete.pdf",/JRWA-Archive/items/jrnph1900-1910_017.html
"BCEL Talks about Increased Consumption","The Daily News","1908-09-22","","Hydroelectric","","","","","","news article","application/pdf","","","","http://localhost:4000/JRWA-Archive/objects/thumbs/1912_week_6_1_summary_of_bcel_talks_about_increased_comsumption_in_vic_and_the_doublinfg_production_th.jpg","http://localhost:4000/JRWA-Archive/objects/1912_week_6_1_summary_of_bcel_talks_about_increased_comsumption_in_vic_and_the_doublinfg_production.pdf",/JRWA-Archive/items/jrnph1900-1910_018.html
"Millions to Save Millions ","The Week","1912-11-16","","Hydroelectric","","","","","","news article","application/pdf","","","","http://localhost:4000/JRWA-Archive/objects/thumbs/1912week_6_1_summary_of_project_and_doubling_of_demand_in_victoria_th.jpg","http://localhost:4000/JRWA-Archive/objects/1912week_6_1_summary_of_project_and_doubling_of_demand_in_victoria.pdf",/JRWA-Archive/items/jrnph1900-1910_019.html
"Gets Contract for Welded Steel Pipes","Daily Building Record","1913-08-13","","Hydroelectric","","","","","","news article","application/pdf","","","","http://localhost:4000/JRWA-Archive/objects/thumbs/1913_1_3_contract_for_steel_pipe_to_add_35k_hp_to_jr_plant_th.jpg","http://localhost:4000/JRWA-Archive/objects/1913_1_3_contract_for_steel_pipe_to_add_35k_hp_to_jr_plant.pdf",/JRWA-Archive/items/jrnph1900-1910_020.html
"Annual Meeting of B.C. Electric","The New Westminster News","1914-01-08","Shareholders Opposed Increase of Capital—Decreased Profit Average Return 4.5&#39; Per Cent.","Hydroelectric","","","","","","news article","application/pdf","","","","http://localhost:4000/JRWA-Archive/objects/thumbs/1913_nwdn_3_3_annual_meeting_of_bcelectric_th.jpg","http://localhost:4000/JRWA-Archive/object/1913_nwdn_3_3_annual_meeting_of_bcelectric.pdf",/JRWA-Archive/items/jrnph1900-1910_0205.html
"Jordan River Power Dam Ready for Work","The New Westminster News","1913-08-26","","Hydroelectric","","","","","","news article","application/pdf","","","","http://localhost:4000/JRWA-Archive/objects/thumbs/1912_nwdn_dam_complete_ready_to_produce_power_th.jpg","http://localhost:4000/JRWA-Archive/objects/1912_nwdn_dam_complete_ready_to_produce_power.pdf",/JRWA-Archive/items/jrnph1900-1910_021.html
"Water Power Sought by B.C.E.R. Company","The Daily News","1908-09-22","","Hydroelectric; B.C.E.R","","","","","","news article","application/pdf","","","","http://localhost:4000/JRWA-Archive/objects/thumbs/1908_new_west_announcement_of_new_power_plant_at_jr_6_1_3_th.jpg","http://localhost:4000/JRWA-Archive/objects/1908_new_west_announcement_of_new_power_plant_at_jr_6_1_3.pdf",/JRWA-Archive/items/jrnph1900-1910_022.html
"The City and the B.C.E.R.","The Week","1909-02-13","","Hydroelectric; B.C.E.R","","","","","","news article","application/pdf","","","","http://localhost:4000/JRWA-Archive/objects/thumbs/1908_weeklyp1col3_4_bcer_power_th.jpg","http://localhost:4000/JRWA-Archive/objects/1908_weeklyp1col3_4_bcer_power.pdf",/JRWA-Archive/items/jrnph1900-1910_024.html
"Still Blocking the Way","The Week","1909-05-15","","Hydroelectric; B.C.E.R","","","","","","news article","application/pdf","","","","http://localhost:4000/JRWA-Archive/objects/thumbs/1909_weekly_1_4_bcer_water_power_proposal_th.jpg","http://localhost:4000/JRWA-Archive/objects/1909_weekly_1_4_bcer_water_power_proposal.pdf",/JRWA-Archive/items/jrnph1900-1910_025.html
"The Water By-Law","The Week","1909-08-21","","Hydroelectric; B.C.E.R","","","","","","news article","application/pdf","","","","http://localhost:4000/JRWA-Archive/objects/thumbs/1909_weekly_bcer_1_3_th.jpg","http://localhost:4000/JRWA-Archive/objects/1909_weekly_bcer_1_3.pdf",/JRWA-Archive/items/jrnph1900-1910_026.html
"B.C.E.R and Jordan River","The Week","1909-06-19","","Hydroelectric; B.C.E.R","","","","","","news article","application/pdf","","","","http://localhost:4000/JRWA-Archive/objects/thumbs/1909_weekly_bcer_approved_by_the_city_pp_1and6_th.jpg","http://localhost:4000/JRWA-Archive/objects/1909_weekly_bcer_approved_by_the_city_pp_1and6.pdf",/JRWA-Archive/items/jrnph1900-1910_027.html
"The Jordan River Scheme","The Week","1909-06-26","","Hydroelectric; B.C.E.R","","","","","","news article","application/pdf","","","","http://localhost:4000/JRWA-Archive/objects/thumbs/1909_weekly_bcer_p6_3_th.jpg","http://localhost:4000/JRWA-Archive/objects/1909_weekly_bcer_p6_3.pdf",/JRWA-Archive/items/jrnph1900-1910_028.html
"Victoria Bylaw Passes","The Daily News","1909-08-26","","Hydroelectric; B.C.E.R","","","","","","news article","application/pdf","","","","http://localhost:4000/JRWA-Archive/objects/thumbs/1909nelsondaily_bcer_approved5_2_th.jpg","http://localhost:4000/JRWA-Archive/objects/1909nelsondaily_bcer_approved5_2.pdf",/JRWA-Archive/items/jrnph1900-1910_029.html
"Jordan River","The Week","1909-10-30","","Hydroelectric; B.C.E.R","","","","","","news article","application/pdf","","","","http://localhost:4000/JRWA-Archive/objects/thumbs/1909weekly_1_2_th.jpg","http://localhost:4000/JRWA-Archive/objects/1909weekly_1_2.pdf",/JRWA-Archive/items/jrnph1900-1910_030.html
"The B.C. Electric Company","The Week","1910-01-08","","Hydroelectric; B.C.E.R","","","","","","news article","application/pdf","","","","http://localhost:4000/JRWA-Archive/objects/thumbs/1910_bcer_details_1_3_4_th.jpg","http://localhost:4000/JRWA-Archive/objects/1910_bcer_details_1_3_4.pdf",/JRWA-Archive/items/jrnph1900-1910_031.html
"The Vulcan Iron Works of the city has secured the contract for the assembling of steel pipe ","The Daily News","1910-07-07","","Hydroelectric; B.C.E.R","","","","","","news article","application/pdf","","","","http://localhost:4000/JRWA-Archive/objects/thumbs/1910_daily_pipe_contract_secured_8_3_th.jpg","http://localhost:4000/JRWA-Archive/objects/1910_daily_pipe_contract_secured_8_3.pdf",/JRWA-Archive/items/jrnph1900-1910_032.html
"Engineers and Contractors","The Week","1910-12-17","","Hydroelectric; B.C.E.R","","","","","","news article","application/pdf","","","","http://localhost:4000/JRWA-Archive/objects/thumbs/1910_the_week_engineer_that_completes_the_dam_21_2_and_19_5_1_0344213_th.jpg","http://localhost:4000/JRWA-Archive/objects/1910_the_week_engineer_that_completes_the_dam_21_2_and_19_5_1_0344213.pdf",/JRWA-Archive/items/jrnph1900-1910_033.html
"B.C.E.R. Buys Site for Power Plant","Vancouver Building Record","1911-09-14","","Hydroelectric; B.C.E.R","","","","","","news article","application/pdf","","","","http://localhost:4000/JRWA-Archive/objects/thumbs/1911_vanbuildrec_bcer-jr_complete_contract_to_build_power_th.jpg","http://localhost:4000/JRWA-Archive/objects/1911_vanbuildrec_bcer-jr_complete_contract_to_build_power.pdf",/JRWA-Archive/items/jrnph1900-1910_034.html
"Water Act, 1909, and Amending Acts","The Week","1911-06-24","","Hydroelectric; Law Amendment","","","","","","news article","application/pdf","","","","http://localhost:4000/JRWA-Archive/objects/thumbs/1911_week_5_5_amendment_to_the_1909_water_act_by_bcer_for_jr_power_th.jpg","http://localhost:4000/JRWA-Archive/objects/1911_week_5_5_amendment_to_the_1909_water_act_by_bcer_for_jr_power.pdf",/JRWA-Archive/items/jrnph1900-1910_035.html
"B.C. Electric CO. Denies that it will Shut Down Works","The British Colombia Federationist","1912-08-24","","Hydroelectric; B.C. Electric Company","","","","","","news article","application/pdf","","","","http://localhost:4000/JRWA-Archive/objects/thumbs/1912_bc_federationist_1_5_6_rhumours_of_bcel_background_of_operations_th.jpg","http://localhost:4000/JRWA-Archive/objects/1912_bc_federationist_1_5_6_rhumours_of_bcel_background_of_operations.pdf",/JRWA-Archive/items/jrnph1900-1910_036.html
"Contract for Huge Dam Across the Jordan River","Daily Building Record","1912-08-22","","Hydroelectric; B.C. Electric Company","","","","","","news article","application/pdf","","","","http://localhost:4000/JRWA-Archive/objects/thumbs/1912_building_record_1_2_contract_for_dam_across_jordan%20_river_th.jpg","http://localhost:4000/JRWA-Archive/objects/1912_building_record_1_2_contract_for_dam_across_jordan%20_river.pdf",/JRWA-Archive/items/jrnph1900-1910_037.html
"B.C.E.R. Building Big Dam at Jordan River","Westminster Daily News","1912-08-25","","Hydroelectric; B.C.E.R","","","","","","news article","application/pdf","","","","http://localhost:4000/JRWA-Archive/objects/thumbs/1912_nwdn_3_3_contract_for_earth_damn_in_jr_info_about_size_etc_of_dam_th.jpg","http://localhost:4000/JRWA-Archive/objects/1912_nwdn_3_3_contract_for_earth_damn_in_jr_info_about_size_etc_of_dam.pdf",/JRWA-Archive/items/jrnph1900-1910_038.html
"News of the Lumber Workers Industrial Unit of the O.B.U.","The British Colombia Federationist","1920-01-28","","Logging","","","","","","news article","application/pdf","","","","http://localhost:4000/JRWA-Archive/objects/thumbs/1920_bc_fed_3_1_info_on_new_bunks_built_in_jr_th.jpg","http://localhost:4000/JRWA-Archive/objects/1920_bc_fed_3_1_info_on_new_bunks_built_in_jr.pdf",/JRWA-Archive/items/jrnph1920-40_001.html
"Jordan River Cathels Sorenson Camp","The British Colombia Federationist","1920-03-26","","Settlement","","","","","","news article","application/pdf","","","","http://localhost:4000/JRWA-Archive/objects/thumbs/1920_bcfed_3_1_major_complaints_about_jr_camp_and_description_of_shitty_work_th.jpg","http://localhost:4000/JRWA-Archive/objects/1920_bcfed_3_1_major_complaints_about_jr_camp_and_description_of_shitty_work.pdf",/JRWA-Archive/items/jrnph1920-40_002.html
"Milligan Bro&#39;s Camp","The British Colombia Federationist","1920-04-09","","Settlement","","","","","","news article","application/pdf","","","","http://localhost:4000/JRWA-Archive/objects/thumbs/1920_bcfed_3_1_point_no_point_camp_describes_only_reachable_by_coach_and_poor_conditions_at_the_camp_boss_anti_union_th.jpg","http://localhost:4000/JRWA-Archive/objects/1920_bcfed_3_1_point_no_point_camp_describes_only_reachable_by_coach_and_poor_conditions_at_the_camp_boss_anti_union.pdf",/JRWA-Archive/items/jrnph1920-40_003.html
"Lumber and Camp Workers Industrial Unit of the O.B.U.","The British Colombia Federationist","1920-04-16","","Hydroelectric","","","","","","news article","application/pdf","","","","http://localhost:4000/JRWA-Archive/objects/thumbs/1920_bcfed_3_3_camp_defending_it_operation_and_the_work_done_th.jpg","http://localhost:4000/JRWA-Archive/objects/1920_bcfed_3_3_camp_defending_it_operation_and_the_work_done.pdf",/JRWA-Archive/items/jrnph1920-40_004.html
"Bessborough Day","The British Colombia Federationist","1920-04-30","","Hydroelectric","","","","","","news article","application/pdf","","","","http://localhost:4000/JRWA-Archive/objects/thumbs/1920_bcfed_3_3_mroe_drama_abotu_jr_camp_tied_into_lwiu_union_disputes_of_1919_22_th.jpg","http://localhost:4000/JRWA-Archive/objects/1920_bcfed_3_3_mroe_drama_abotu_jr_camp_tied_into_lwiu_union_disputes_of_1919_22.pdf",/JRWA-Archive/items/jrnph1920-40_005.html
"Add Enormously to Present Power","The Daily News","1928-11-14","","Hydroelectric","","","","","","news article","application/pdf","","","","http://localhost:4000/JRWA-Archive/objects/thumbs/1928_nelsondaily_10_4_bcel_to_add_2000_hp_to_jr_th.jpg","http://localhost:4000/JRWA-Archive/objects/1928_nelsondaily_10_4_bcel_to_add_2000_hp_to_jr.pdf",/JRWA-Archive/items/jrnph1920-40_006.html
"Jordan River Plant Of B.C. Electric Railway Visited By B. of T. Members","Cumberland Islander","1929-07-19","","Hydroelectric","","","","","","news article","application/pdf","","","","http://localhost:4000/JRWA-Archive/objects/thumbs/1929_cumberland_1_3_feature_about_bcel_infrastructure_for_van_borad_of_trade_lots_of_info_th.jpg","http://localhost:4000/JRWA-Archive/objects/1929_cumberland_1_3_feature_about_bcel_infrastructure_for_van_borad_of_trade_lots_of_info.pdf",/JRWA-Archive/items/jrnph1920-40_007.html
"Largest Water Power On Vancouver Island Will Be Examined for Development Of Power for Industries","Cumberland Islander","1929-07-19","","Hydroelectric","","","","","","news article","application/pdf","","","","http://localhost:4000/JRWA-Archive/objects/thumbs/1929_cumberlandis_1_3_exmaining_jr_for_potential_development_th.jpg","http://localhost:4000/JRWA-Archive/objects/1929_cumberlandis_1_3_exmaining_jr_for_potential_development.pdf",/JRWA-Archive/items/jrnph1920-40_008.html
"Jordan River Now Developed to Limit","Victoria Daily TImes","1930-12-06","","Hydroelectric; Railway","","","","","","news article","application/pdf","","","","http://localhost:4000/JRWA-Archive/objects/thumbs/vdt_1930_jr_hydro_now_developed_to_the_limit_th.jpg","http://localhost:4000/JRWA-Archive/objects/vdt_1930_jr_hydro_now_developed_to_the_limit.pdf",/JRWA-Archive/items/jrnph1920-40_010.html
"Exploration in British Columbia","Association for Mineral Exploration (AME)","2015-12-01","","Mining","","","","","","blopost/website","application/pdf","","","","http://localhost:4000/JRWA-Archive/objects/thumbs/ame_2015exploration_in_british_columbia_2015_in_review_ame_th.jpg","http://localhost:4000/JRWA-Archive/objects/ame_2015exploration_in_british_columbia_2015_in_review_ame.pdf",/JRWA-Archive/items/jr-np-m-general_001.html
"Historic Mine Sites in British","Lisa N. Barazzuol and Gregg G. Stewart","2003","","Mining; Mining Sites","","","","","","pdf","application/pdf","","","","http://localhost:4000/JRWA-Archive/objects/thumbs/barazzuol_and%20_stewart_2003_historic_mine_sites_in_bc_bcgs_of2003_03_th.jpg","http://localhost:4000/JRWA-Archive/objects/barazzuol_and%20_stewart_2003_historic_mine_sites_in_bc_bcgs_of2003_03.pdf",/JRWA-Archive/items/jr-np-m-general_002.html
"BC Contaminated Mine Sites","","2021","","Mining; Mining Sites; Map; Contamination; Pollution","","","","","","pdf","application/pdf","","","","http://localhost:4000/JRWA-Archive/objects/thumbs/bc_contaminated_mine_site_map_jan_13_2021_low_resolution_th.jpg","http://localhost:4000/JRWA-Archive/objects/bc_contaminated_mine_site_map_jan_13_2021_low_resolution.pdf",/JRWA-Archive/items/jr-np-m-general_003.html
"B.C.’s top polluting and risky mines","","2023","","Mining; Pollution; Mining Sites","","","","","","report","application/pdf","","","","http://localhost:4000/JRWA-Archive/objects/thumbs/bcmlr_2023_dirty_dozen_report_2023_web_th.jpg","http://localhost:4000/JRWA-Archive/objects/bcmlr_2023_dirty_dozen_report_2023_web.pdf",/JRWA-Archive/items/jr-np-m-general_004.html
"Closure, Reclamation &amp; Abandoned Mines","","","","Mining; Reclamation; Abandoned Mines","","","","","","report","application/pdf","","","","http://localhost:4000/JRWA-Archive/objects/thumbs/bcmlr_closure_reclamation_abandoned_mines_th.jpg","http://localhost:4000/JRWA-Archive/objects/bcmlr_closure_reclamation_abandoned_mines.pdf",/JRWA-Archive/items/jr-np-m-general_005.html
"Factual Record BC Mining Submission","","","","Mining; Mining Violations; Fisheries Act; Abandoned Mines","","","","","","pdf","application/pdf","","","","http://localhost:4000/JRWA-Archive/objects/thumbs/factual_record_bc_mining_submission_98_4_ffr_en_th.jpg","http://localhost:4000/JRWA-Archive/objects/factual_record_bc_mining_submission_98_4_ffr_en.pdf",/JRWA-Archive/items/jr-np-m-general_006.html
"A Century of Discovery","Doug Donnelly","2012","","Mining; Mining Industry Publication","","","","","","Magazine","application/pdf","","","","http://localhost:4000/JRWA-Archive/objects/thumbs/northern_miner_2012_a_century_of_discovery_ame_bc%20_th.jpg","http://localhost:4000/JRWA-Archive/objects/northern_miner_2012_a_century_of_discovery_ame_bc%20.pdf",/JRWA-Archive/items/jr-np-m-general_007.html
"Characterization study of As and Se in pyrites from two historic mines in British Columbia","Jocelyn Ross-Lindeman; Dirk Kirste","2019","","Mining; Mineralogy","","","","","","Study","application/pdf","","","","http://localhost:4000/JRWA-Archive/objects/thumbs/ross_lindeman_and_kirste_2019_characterization_of_as_and_se_in_pyrites_form_two_historic_mines_sunro_sullivan_th.jpg","http://localhost:4000/JRWA-Archive/objects/ross_lindeman_and_kirste_2019_characterization_of_as_and_se_in_pyrites_form_two_historic_mines_sunro_sullivan.pdf",/JRWA-Archive/items/jr-np-m-general_008.html
"Mining’s Problem with Waste","Catherine Coumans","2002","","Mining; Pollution; Contamination","","","","","","pdf","application/pdf","","","","http://localhost:4000/JRWA-Archive/objects/thumbs/shearman_2002_mining_watch_canada_submarine_tailings_disposal_th.jpg","http://localhost:4000/JRWA-Archive/objects/shearman_2002_mining_watch_canada_submarine_tailings_disposal.pdf",/JRWA-Archive/items/jr-np-m-general_009.html
"IMPACT ASSESSMENT OF METAL MINES IN BRITISH COLUMBIA: AN EVALUATION","Thomas Soehl","1993-07","","Mining","","","","","","pdf","application/pdf","","","","http://localhost:4000/JRWA-Archive/objects/thumbs/soehl_1993_impact_assessment_of_metal_mines_in_bc_a_manuscript_report_prepared_for_cearc_en107_3_136_1993_eng_th.jpg","http://localhost:4000/JRWA-Archive/objects/soehl_1993_impact_assessment_of_metal_mines_in_bc_a_manuscript_report_prepared_for_cearc_en107_3_136_1993_eng.pdf",/JRWA-Archive/items/jr-np-m-general_010.html
"The rebirth of B.C.’s Jordan River is a victory for biological activism","Mark Hume","2016-10-17","","Salmon; Mining; Restoration; Logging; Hydroelectric; Activism; Ecology","","","","","","Article","application/pdf","","","","http://localhost:4000/JRWA-Archive/objects/thumbs/hume_2016_the_rebirth_of_bc's_jordan_river_is_a_victory_of_biological_activism_globe_and_mail_th.jpg","http://localhost:4000/JRWA-Archive/objects/hume_2016_the_rebirth_of_bc's_jordan_river_is_a_victory_of_biological_activism_globe_and_mail.pdf",/JRWA-Archive/items/jr-np-m-recent_001.html
"Jordan River surfing area to be tested for pollution","Amy Smart","2016-10-19","","Surfing; Pollution; Contamination; Mining","","","","","","Article","application/pdf","","","","http://localhost:4000/JRWA-Archive/objects/thumbs/smart_2016_jordan_river_surfing_area_to_be_tested_for_pollutiontimes_colonist_th.jpg","http://localhost:4000/JRWA-Archive/objects/smart_2016_jordan_river_surfing_area_to_be_tested_for_pollutiontimes_colonist.pdf",/JRWA-Archive/items/jr-np-m-recent_002.html
"Provincial failures on mining pollution leaving taxpayers on the hook","Stephen Hume","2016-10-16","","Mining; Salmon; Pollution; Contamination","","","","","","Article","application/pdf","","","","http://localhost:4000/JRWA-Archive/objects/thumbs/steve_hume_2013_provincial_failures_on_mining_pollution_leaving_taxpayers_on_the_hook_vancouver_sun_th.jpg","http://localhost:4000/JRWA-Archive/objects/steve_hume_2013_provincial_failures_on_mining_pollution_leaving_taxpayers_on_the_hook_vancouver_sun.pdf",/JRWA-Archive/items/jr-np-m-recent_003.html
"B.C. mines ministry investigating pollution from old Vancouver Island mine","Amy Smart","2016-10-08","","Mining; Pollution; Contamination; Teck","","","","","","Article","application/pdf","","","","http://localhost:4000/JRWA-Archive/objects/thumbs/sunro_october_8_2016_vancouer_sun_bc_mines_ministry_investigating_pollution_from_old_vancouver_island_mine_th.jpg","http://localhost:4000/JRWA-Archive/objects/sunro_october_8_2016_times_colonist_ministry_doesn%E2%80%99t_know_why_contaminated_site_was_deemed_clean.pdf",/JRWA-Archive/items/jr-np-m-recent_004.html
"Ministry doesn&#39;t know why contaminated site was deemed clean","Amy Smart","2016-10-08","","Mining; Pollution; Contamination; Ministry of Energy; Map","","","","","","Article","application/pdf","","","","http://localhost:4000/JRWA-Archive/objects/thumbs/sunro_october_8_2016_times_colonist_ministry_doesn%E2%80%99t_know_why_contaminated_site_was_deemed_clean_th.jpg","http://localhost:4000/JRWA-Archive/objects/sunro_october_8_2016_vancouer_sun_bc_mines_ministry_investigating_pollution_from_old_vancouver_island_mine.pdf",/JRWA-Archive/items/jr-np-m-recent_005.html
"Editorial: Province should clean up mine sites","Victoria Times-Colonist Staff","2016-10-11","","Mining; Metal Leaching ","","","","","","pdf","application/pdf","","","","http://localhost:4000/JRWA-Archive/objects/thumbs/sunro_october_11_2016_times_colonist_editorial_province_should_clean_up_mine_sites_th.jpg","http://localhost:4000/JRWA-Archive/objects/sunro_october_11_2016_times_colonist_editorial_province_should_clean_up_mine_sites.pdf",/JRWA-Archive/items/jr-np-m-recent_006.html
"B.C.&#39;s failure on mining pollution leaving taxpayers on the hook","Stephen Hume","2016-10-17","","Mining; Pollution; Contamination; Ministry of Energy; Taxpayers","","","","","","pdf","application/pdf","","","","http://localhost:4000/JRWA-Archive/objects/thumbs/sunro_october_17_2016_vancouver_sun_bc's_failure_on_mining_pollution_th.jpg","http://localhost:4000/JRWA-Archive/objects/sunro_october_17_2016_vancouver_sun_bc's_failure_on_mining_pollution.pdf",/JRWA-Archive/items/jr-np-m-recent_007.html
"Copper Mine Tailings poison the Jordan River","Stephen Hume","2016-10-05","","Mining; Salmon; Metal Leaching; ","","","","","","pdf","application/pdf","","","","http://localhost:4000/JRWA-Archive/objects/thumbs/the_vancouver_sun_2016_10_05_8_th.jpg","http://localhost:4000/JRWA-Archive/objects/the_vancouver_sun_2016_10_05_8.pdf",/JRWA-Archive/items/jr-np-m-recent_008.html
"A Sense of Excitement","The Vancouver Sun","2017-03-11","","Mining; Hydroelectric; Logging; History","","","","","","pdf","application/pdf","","","","http://localhost:4000/JRWA-Archive/objects/thumbs/the_vancouver_sun_2017_03_11_94_th.jpg","http://localhost:4000/JRWA-Archive/objects/the_vancouver_sun_2017_03_11_94.pdf",/JRWA-Archive/items/jr-np-m-recent_010.html
"OSPRAS OTTER POINT, SHIRLEY &amp; JORDAN RIVER
NEWSLETTER","OPERA","2015-05","Section 9 - Details about logging history","Dumping; Logging; Historical Review","","","","","","newsletter","application/pdf","","","","http://localhost:4000/JRWA-Archive/objects/thumbs/opssra_newsletter_2015_did_you_know_that_history_of_svi_logging_th.jpg","http://localhost:4000/JRWA-Archive/objects/opssra_newsletter_2015_did_you_know_that_history_of_svi_logging.pdf",/JRWA-Archive/items/jr-np-l_001.html
"B.C. Forest Trio buying up Rayonier Canada Assets","Times Colonist","1980-08-15","","Logging; B.C Forest Products; Rayonier Canada; ITT Industries Canada","","","","","","news article","application/pdf","","","","http://localhost:4000/JRWA-Archive/objects/thumbs/times_colonist_1980_08_15_8_bc_forest_trio_buying_up_rayonier_canada_th.jpg","http://localhost:4000/JRWA-Archive/objects/times_colonist_1980_08_15_8_bc_forest_trio_buying_up_rayonier_canada.pdf",/JRWA-Archive/items/jr-np-l_002.html
"Point No Point and its Railway","Patrick Hind","1983-02-20","","Logging; island logging company; log boom","","","","","","news article","application/pdf","","","","http://localhost:4000/JRWA-Archive/objects/thumbs/times_colonist_1983_point_no_point_rail_th.jpg","http://localhost:4000/JRWA-Archive/objects/times_colonist_1983_point_no_point_rail.pdf",/JRWA-Archive/items/jr-np-l_003.html
"BCE  change-over for New Year&#39;s Eve","Coast News ","1961-12-21","","Logging","","","","","","news article","application/pdf","","","","http://localhost:4000/JRWA-Archive/objects/thumbs/1961_coastnews_12_1_handover_of_jr_water_power_from_bce_to_bch_th.jpg","http://localhost:4000/JRWA-Archive/objects/1961_coastnews_12_1_handover_of_jr_water_power_from_bce_to_bch.pdf",/JRWA-Archive/items/jr-np-l_004.html
"The Jordan River Lumber Company, of Vancouver Island, has disposed of 32.000 acres of timber to Michigan and Seattle capitalists for a million dollars.&#39;","Boundary Creek Times","1909-04-02","The Jordan River Lumber Company, of Vancouver Island, has disposed of 32.000 acres of timber to Michigan and Seattle capitalists for a million dollars.&#39;
","Logging; The Jordan River Lumber Company","","","","","","news article","application/pdf","","","","http://localhost:4000/JRWA-Archive/objects/thumbs/1908_bndry_p2col4_9_32kacressold_us_by_jr_lumber_th.jpg","http://localhost:4000/JRWA-Archive/objects/1908_bndry_p2col4_9_32kacressold_us_by_jr_lumber.pdf",/JRWA-Archive/items/jr-np-l-1900-1920_001.html
"CERTIFICATE OF THE REGISTRATION OF AN EXTRA-PROVINCIAL COMPANY","The Week","1908-12-07","","Logging; The Jordan River Lumber Company","","","","","","news article","application/pdf","","","","http://localhost:4000/JRWA-Archive/objects/thumbs/1908_wkly_p7col9certificate_of_regjrlumber_th.jpg","http://localhost:4000/JRWA-Archive/objects/1908_wkly_p7col9certificate_of_regjrlumber.pdf",/JRWA-Archive/items/jr-np-l-1900-1920_002.html
"W. R. Welch and B. T. Lyons, of Now York, who recently bought the limits of the Jordan River Timber company","The Cranbrook Herald","1909-04-08","","Loggin; The Jordan River Lumber Company","","","","","","news article","application/pdf","","","","http://localhost:4000/JRWA-Archive/objects/thumbs/1909_crnbrk_1_5_lumber_dvelopents_transactions_th.jpg","http://localhost:4000/JRWA-Archive/objects/1909_crnbrk_1_5_lumber_dvelopents_transactions.pdf",/JRWA-Archive/items/jr-np-l-1900-1920_003.html
"News of the Dominion","The Daily News","1909-04-08","","Logging","","","","","","news article","application/pdf","","","","http://localhost:4000/JRWA-Archive/objects/thumbs/1909_nlsn_timberlandsold_jr180k6_1_th.jpg","http://localhost:4000/JRWA-Archive/objects/1909_nlsn_timberlandsold_jr180k6_1.pdf",/JRWA-Archive/items/jr-np-l-1900-1920_004.html
"B.C. Timber Profitable","The Mail-Herald","1910-12-14","","Logging","","","","","","news article","application/pdf","","","","http://localhost:4000/JRWA-Archive/objects/thumbs/1910_bc_timber_profitable_3_1_th.jpg","http://localhost:4000/JRWA-Archive/objects/1910_bc_timber_profitable_3_1.pdf",/JRWA-Archive/items/jr-np-l-1900-1920_005.html
"Grants Allowed on Surveyors&#39; Reports: Committee Hears Statement Concerning Tracts of Land on Jordan River, Vancouver. Island.","The Daily News","1916-05-04","","Logging; Land Grants","","","","","","news article","application/pdf","","","","http://localhost:4000/JRWA-Archive/objects/thumbs/1916_nelsondaily_6_2_feature_article_on_tracts_of_land_for_loggin_th.jpg","http://localhost:4000/JRWA-Archive/objects/1916_nelsondaily_6_2_feature_article_on_tracts_of_land_for_loggin.pdf",/JRWA-Archive/items/jr-np-l-1900-1920_006.html
"Big Island Timber Deal is Under Way ","British Columbia Record","1918-05-17","","Logging","","","","","","news article","application/pdf","","","","http://localhost:4000/JRWA-Archive/objects/thumbs/1918_bcrecord_750,000_4_2_timber_license_deal_th.jpg","http://localhost:4000/JRWA-Archive/objects/1918_bcrecord_750,000_4_2_timber_license_deal.pdf",/JRWA-Archive/items/jr-np-l-1900-1920_007.html
"Water Notice: Clearing-Streams","The Week","1914-10-03","","Logging","","","","","","news article","application/pdf","","","","http://localhost:4000/JRWA-Archive/objects/thumbs/the_week_1914_water_notice_clearing_streams_th.jpg","http://localhost:4000/JRWA-Archive/objects/the_week_1914_water_notice_clearing_streams.pdf",/JRWA-Archive/items/jr-np-l-1900-1920_008.html
"Million Dollar Lumber Deal: Americans Purchase Jordan River Limits","The Victoria Daily Times","1909-03-16","","Logging","","","","","","news article","application/pdf","","","","http://localhost:4000/JRWA-Archive/objects/thumbs/vdt_1909_jr_million_dollar_lumber_deal_th.jpg","http://localhost:4000/JRWA-Archive/objects/vdt_1909_jr_million_dollar_lumber_deal.pdf",/JRWA-Archive/items/jr-np-l-1900-1920_009.html
"Drowns in Boom","The Daily News","1928-07-16","","Drowning; Logging; Booming","","","","","","news article","application/pdf","","","","http://localhost:4000/JRWA-Archive/objects/thumbs/1928_nelsondaily_2_2_chinese%20drowneed_in_boom_at_jr_th.jpg","http://localhost:4000/JRWA-Archive/objects/1928_nelsondaily_2_2_chinese%20drowneed_in_boom_at_jr.pdf",/JRWA-Archive/items/jr-np-l-1921-1960_001.html
"Hunt Whales off Vancouver Island","The Daily News","1928-08-31","","Logging; Whale Hunting; History","","","","","","news article","application/pdf","","","","http://localhost:4000/JRWA-Archive/objects/thumbs/1928_nelsondaily_2_5_logger_find_huge_whale_fossils_th.jpg","http://localhost:4000/JRWA-Archive/objects/1928_nelsondaily_2_5_logger_find_huge_whale_fossils.pdf",/JRWA-Archive/items/jr-np-l-1921-1960_002.html
"Falling Tree is Cause of Death","Nelson Daily News","1932-04-17","","Logging; Casualty","","","","","","news article","application/pdf","","","","http://localhost:4000/JRWA-Archive/objects/thumbs/1932_nelsondaily_1_3_somebody_died_in_jr_working_for_mulligan_lumber_company_th.jpg","http://localhost:4000/JRWA-Archive/objects/1932_nelsondaily_1_3_somebody_died_in_jr_working_for_mulligan_lumber_company.pdf",/JRWA-Archive/items/jr-np-l-1921-1960_003.html
"Timber Licence Offered in Slocan","Nelson Daily News","1937-03-30","","Logging","","","","","","news article","application/pdf","","","","http://localhost:4000/JRWA-Archive/objects/thumbs/1937_nelsondaily_1_7_timber_license_auctioned_in_jordan_river_th.jpg","http://localhost:4000/JRWA-Archive/objects/1937_nelsondaily_1_7_timber_license_auctioned_in_jordan_river.pdf",/JRWA-Archive/items/jr-np-l-1921-1960_004.html
"Robert Burns","","1960-01-21","","Logging","","","","","","news article","application/pdf","","","","http://localhost:4000/JRWA-Archive/objects/thumbs/1960_coast_news_4_1_story_of_logger_useful_as_it_offers_the_companies_they_worked_for_in_early_days_th.jpg","http://localhost:4000/JRWA-Archive/objects/1960_coast_news_4_1_story_of_logger_useful_as_it_offers_the_companies_they_worked_for_in_early_days.pdf",/JRWA-Archive/items/jr-np-l-1921-1960_005.html
"Tons of Sockeyes Caught in Traps","The Daily News","1906-07-17","","Fishing; Salmon; Traps","","","","","","news article","application/pdf","","","","http://localhost:4000/JRWA-Archive/objects/thumbs/1906_newest_1000_pink_and_4000_sockeye_caught_in_jr_traps_3_3_3_th.jpg","http://localhost:4000/JRWA-Archive/objects/1906_newest_1000_pink_and_4000_sockeye_caught_in_jr_traps_3_3_3.pdf",/JRWA-Archive/items/jr-np-fish_001.html
"Application for Foreshore Rights","W. C. WELLS","1902","","Fishing; Traps","","","","","","application","application/pdf","","","","http://localhost:4000/JRWA-Archive/objects/thumbs/bcsessional_10064128_th.jpg","http://localhost:4000/JRWA-Archive/objects/bcsessional_10064128.pdf",/JRWA-Archive/items/jr-np-fish_003.html
"REPORT OF THE FISHERIES COMMISSIONER FOR BRITISH COLUMBIA","John Pease Babcock","1902","","Fishing; Traps","","","","","","news article","application/pdf","","","","http://localhost:4000/JRWA-Archive/objects/thumbs/bcsessional_10064162_th.jpg","http://localhost:4000/JRWA-Archive/objects/bcsessional_10064162.pdf",/JRWA-Archive/items/jr-np-fish_004.html
"Otter Point History","","2014-01-01","","Otter Point; Settlement; Fishing","","","","","","news article","application/pdf","","","","http://localhost:4000/JRWA-Archive/objects/thumbs/campbell_2015_heritate_sites_and_areas_of_historical_interest_in_otter_point_history_th.jpg","http://localhost:4000/JRWA-Archive/objects/campbell_2015_heritate_sites_and_areas_of_historical_interest_in_otter_point_history.pdf",/JRWA-Archive/items/jr-np-fish_005.html
"Traps and Weirs","","","","Indigenous Fishing Practices; Fishing","","","","","","Web Page","application/pdf","","","","http://localhost:4000/JRWA-Archive/objects/thumbs/knowbc_website_2022_traps_and_weirs_in_knowbc_th.jpg","http://localhost:4000/JRWA-Archive/objects/knowbc_website_2022_traps_and_weirs_in_knowbc.pdf",/JRWA-Archive/items/jr-np-fish_007.html
"Fish Traps on the British Columbia Coast","John MacFarlane","2017","","Fishing; Traps;","","","","","","news article","application/pdf","","","","http://localhost:4000/JRWA-Archive/objects/thumbs/macfarlane_2017_fish%20_traps_on_the_british_columbia_coast_in_the_nauticapedia_th.jpg","http://localhost:4000/JRWA-Archive/objects/macfarlane_2017_fish%20_traps_on_the_british_columbia_coast_in_the_nauticapedia.pdf",/JRWA-Archive/items/jr-np-fish_008.html
"The Rise and Demise of J.H. Todd and Sons, British Columbia’s Enduring Independent Salmon Canners","Mickey Fitzgerald","2015","","Fishing; Canning; J. H. Todd &amp; Sons","","","","","","news article","application/pdf","","","","http://localhost:4000/JRWA-Archive/objects/thumbs/micfitz_2015_the_rise_and_demise_of_jh_todd_and_sons_british_columbias_enduring_independent_salmon_canners_th.jpg","http://localhost:4000/JRWA-Archive/objects/micfitz_2015_the_rise_and_demise_of_jh_todd_and_sons_british_columbias_enduring_independent_salmon_canners.pdf",/JRWA-Archive/items/jr-np-fish_009.html
"Turning Points in the Development of the British Columbia Salmon Fishery","Frank Millerd","2000","","salmon; fishing rights","","","","","","news article","application/pdf","","","","http://localhost:4000/JRWA-Archive/objects/thumbs/millerd_2000_turning_points_in_the_development_of_the_bc_salmon_fishery_th.jpg","http://localhost:4000/JRWA-Archive/objects/millerd_2000_turning_points_in_the_development_of_the_bc_salmon_fishery.pdf",/JRWA-Archive/items/jr-np-fish_010.html
"Early Attempts at Establishing Exclusive Rights in
the British Columbia Salmon Fishery","Frank Millerd","2007-02","","Fishing; Traps;","","","","","","news article","application/pdf","","","","http://localhost:4000/JRWA-Archive/objects/thumbs/millerd_2007_early_attempts_to_establish_exclusive_rights_in_the_bc_salmon_industry_th.jpg","http://localhost:4000/JRWA-Archive/objects/millerd_2007_early_attempts_to_establish_exclusive_rights_in_the_bc_salmon_industry.pdf",/JRWA-Archive/items/jr-np-fish_011.html
"Will Construct Traps","","1904-04-16","","Fishing; Canning; J. H. Todd &amp; Sons","","","","","","news article","application/pdf","","","","http://localhost:4000/JRWA-Archive/objects/thumbs/nelsondaymin1904new_canner_capital_city_packing_jr_and_beecher_bay_evidence_of_fish_traps_in_jordan_river_1_7_9_th.jpg","http://localhost:4000/JRWA-Archive/objects/nelsondaymin1904new_canner_capital_city_packing_jr_and_beecher_bay_evidence_of_fish_traps_in_jordan_river_1_7_9.pdf",/JRWA-Archive/items/jr-np-fish_012.html
"Like a Hotel California for Fish","Brian Payton","2021-09-02","","Indigenous Fishing Practices; Fishing; Traps","","","","","","news article","application/pdf","","","","http://localhost:4000/JRWA-Archive/objects/thumbs/payton_2021_like_a_hotel_california_for_fish_in_the_tyee_th.jpg","http://localhost:4000/JRWA-Archive/objects/payton_2021_like_a_hotel_california_for_fish_in_the_tyee.pdf",/JRWA-Archive/items/jr-np-fish_013.html
"Can Ancient Indigenous Technology Help Save BC’s Salmon?","Brian Payton","2021-09-01","","Indigenous Fishing Practices; Fishing; Traps; Restoration; Preservation","","","","","","news article","application/pdf","","","","http://localhost:4000/JRWA-Archive/objects/thumbs/payton_2022_can_ancient_indigenous_technology_help_save_bcs_salmon_in_the_walrus_th.jpg","http://localhost:4000/JRWA-Archive/objects/payton_2022_can_ancient_indigenous_technology_help_save_bcs_salmon_in_the_walrus.pdf",/JRWA-Archive/items/jr-np-fish_014.html
"Sooke once had a salmon cannery","Elida Peers","2012-10-24","","J. H. Todd &amp; Sons; Canning; Sooke Harbour Fishing and Packing Company; Fishing","","","","","","news article","application/pdf","","","","http://localhost:4000/JRWA-Archive/objects/thumbs/peers_2012_sooke_once_had_a_salmon_cannery_in_sooke_news_mirror_th.jpg","http://localhost:4000/JRWA-Archive/objects/peers_2012_sooke_once_had_a_salmon_cannery_in_sooke_news_mirror.pdf",/JRWA-Archive/items/jr-np-fish_015.html
"SOOKE HISTORY: Living on a salmon trap","Elida Peers","2016-07-06","","J. H. Todd &amp; Sons; Canning; Sooke Harbour Fishing and Packing Company; Fishing; Indigenous Fishing Practices; Fishing; Traps","","","","","","news article","application/pdf","","","","http://localhost:4000/JRWA-Archive/objects/thumbs/peers_2016_living_on_a_salmon_trap_in_sooke_news_mirror_th.jpg","http://localhost:4000/JRWA-Archive/objects/peers_2016_living_on_a_salmon_trap_in_sooke_news_mirror.pdf",/JRWA-Archive/items/jr-np-fish_016.html
"Highlights from the Ancient Fish Trap Study","","","","Indigenous Fishing Practices; Fishing; Traps","","","","","","news article","application/pdf","","","","http://localhost:4000/JRWA-Archive/objects/thumbs/project_watershed_website_highlights_from_the_ancient_fish_trap_study_th.jpg","http://localhost:4000/JRWA-Archive/objects/project_watershed_website_highlights_from_the_ancient_fish_trap_study.pdf",/JRWA-Archive/items/jr-np-fish_017.html
"An underwater mystery on Canada&#39;s coast","Diane Selkirk","2021-10-14","Tens of thousands of wooden stakes poking up from British Columbia&#39;s shoreline have smashed a long-held stereotype of Canada&#39;s First Nation people.","Indigenous Fishing Practices; Fishing; Traps","","","","","","news article","application/pdf","","","","http://localhost:4000/JRWA-Archive/objects/thumbs/selkirk_2021_an_underwater_mystery_on_canadas_coast_in_bbc_website_th.jpg","http://localhost:4000/JRWA-Archive/objects/selkirk_2021_an_underwater_mystery_on_canadas_coast_in_bbc_website.pdf",/JRWA-Archive/items/jr-np-fish_018.html
"Lease Notice for Fishing","","1902-08-05","","Fishing; Lease","","","","","","news article","application/pdf","","","","http://localhost:4000/JRWA-Archive/objects/thumbs/vdt_1902_foreshore_lease_notice_for_fishing_th.jpg","http://localhost:4000/JRWA-Archive/objects/vdt_1902_foreshore_lease_notice_for_fishing.pdf",/JRWA-Archive/items/jr-np-fish_021.html
"A Survey Party on board the S.S. Quadra proceeded to the Jordan River and commenced a Survey...","The Golden Era","1901-04-05","","Settlement","","","","","","news article","application/pdf","","","","http://localhost:4000/JRWA-Archive/objects/thumbs/1901_gdln_commercial_pacific_tele_cable4_3_11_th.jpg","http://localhost:4000/JRWA-Archive/objects/1901_gdln_commercial_pacific_tele_cable4_3_11.pdf",/JRWA-Archive/items/jr-np-s_001.html
"Tug With a History","The Daily News","1908-01-27","","Settlement; Lumber","","","","","","news article","application/pdf","","","","http://localhost:4000/JRWA-Archive/objects/thumbs/1908nlsndaily_tug_with_a_history_th.jpg","http://localhost:4000/JRWA-Archive/objects/1908nlsndaily_tug_with_a_history.pdf",/JRWA-Archive/items/jr-np-s_002.html
"Killed by Derrick ","The Daily News","1909-05-16","","Settlement","","","","","","news article","application/pdf","","","","http://localhost:4000/JRWA-Archive/objects/thumbs/1909nlsn8_5_10_death_in_pile_driver_accident_th.jpg","http://localhost:4000/JRWA-Archive/objects/1909nlsn8_5_10_death_in_pile_driver_accident.pdf",/JRWA-Archive/items/jr-np-s_003.html
"Victoria Must Make Enormous Progress During 1910, Because During 1910 the Following Will Be Under Way","The Daily News","1910-02-13","","Settlement; Railway; Electric Power","","","","","","news article","application/pdf","","","","http://localhost:4000/JRWA-Archive/objects/thumbs/1910_daily_progress_2_1_th.jpg","http://localhost:4000/JRWA-Archive/objects/1910_daily_progress_2_1.pdf",/JRWA-Archive/items/jr-np-s_004.html
"B.C.E.R. Extensions","The Week","1911-02-25","","Settlement; Power Plant","","","","","","news article","application/pdf","","","","http://localhost:4000/JRWA-Archive/objects/thumbs/1911_week_th.jpg","http://localhost:4000/JRWA-Archive/objects/1911_week.pdf",/JRWA-Archive/items/jr-np-s_005.html
"The Islander","The Islander","1914-02-07","","Settlement","","","","","","news article","application/pdf","","","","http://localhost:4000/JRWA-Archive/objects/thumbs/1914_cumberland_4_2_best_thing_fed_did_in_1913_was_extend_telgraph_line_to_jr_th.jpg","http://localhost:4000/JRWA-Archive/objects/1914_cumberland_4_2_best_thing_fed_did_in_1913_was_extend_telgraph_line_to_jr.pdf",/JRWA-Archive/items/jr-np-s_006.html
"","The Abbotsford Post","1923-08-30","","Settlement; Canadian National Railway","","","","","","news article","application/pdf","","","","http://localhost:4000/JRWA-Archive/objects/thumbs/1923_abpost_3_4_resolution_to_build_23_mile_highway_bt_pr_and_jr_th.jpg","http://localhost:4000/JRWA-Archive/objects/1923_abpost_3_4_resolution_to_build_23_mile_highway_bt_pr_and_jr.pdf",/JRWA-Archive/items/jr-np-s_007.html
"Jordan River Road to be Built","The Daily News"," 1927-12-08","","Settlement; Road","","","","","","news article","application/pdf","","","","http://localhost:4000/JRWA-Archive/objects/thumbs/1927_nelsondaily_3_1_confirmation_of_jr_to_pr_road_to_be_built_500_th.jpg","http://localhost:4000/JRWA-Archive/objects/1927_nelsondaily_3_1_confirmation_of_jr_to_pr_road_to_be_built_500.pdf",/JRWA-Archive/items/jr-np-s_008.html
"Kelowna Beaten","The Daily News","1928-01-11","","Settlement","","","","","","news article","application/pdf","","","","http://localhost:4000/JRWA-Archive/objects/thumbs/1927_nelsondaily_jordan_river_quintet_bball_wins_th.jpg","http://localhost:4000/JRWA-Archive/objects/1927_nelsondaily_jordan_river_quintet_bball_wins.pdf",/JRWA-Archive/items/jr-np-s_009.html
"Vancouver Island","The Grand Forks Sun","1928-09-07","","Settlement","","","","","","news article","application/pdf","","","","http://localhost:4000/JRWA-Archive/objects/thumbs/1928_grandforks_3_4_highway_report_sooke_to_jr_road_fair_th.jpg","http://localhost:4000/JRWA-Archive/objects/1928_grandforks_3_4_highway_report_sooke_to_jr_road_fair.pdf",/JRWA-Archive/items/jr-np-s_010.html
"Sandon Notes","The Daily News","1928-03-10","","Settlement","","","","","","news article","application/pdf","","","","http://localhost:4000/JRWA-Archive/objects/thumbs/1928_nelsondaily_7_3_jr_defeated_by_university_team_th.jpg","http://localhost:4000/JRWA-Archive/objects/1928_nelsondaily_7_3_jr_defeated_by_university_team.pdf",/JRWA-Archive/items/jr-np-s_011.html
"Butler&#39;s Shot Just Before Bell Wins for Varsity Team","The Daily News","1928-03-07","","Settlement","","","","","","news article","application/pdf","","","","http://localhost:4000/JRWA-Archive/objects/thumbs/1928_nelsondaily_7_5_jordan_river_island_winners_th.jpg","http://localhost:4000/JRWA-Archive/objects/1928_nelsondaily_7_5_jordan_river_island_winners.pdf",/JRWA-Archive/items/jr-np-s_012.html
"Plan Road Work as Relief Move","The Daily News","1933-10-06","","Settlement; Road","","","","","","news article","application/pdf","","","","http://localhost:4000/JRWA-Archive/objects/thumbs/1933_nelsondaily_2_5_plan_to_extend_trail_from_jr_to_pr_underway_th.jpg","http://localhost:4000/JRWA-Archive/objects/1933_nelsondaily_2_5_plan_to_extend_trail_from_jr_to_pr_underway.pdf",/JRWA-Archive/items/jr-np-s_013.html
"Main Highways","The Daily News","1936-06-30","","Settlement; Road","","","","","","news article","application/pdf","","","","http://localhost:4000/JRWA-Archive/objects/thumbs/1936_nelsondaily_1_7_jr_to_victoria_part_of_the_big_road_tweaking_program_th.jpg","http://localhost:4000/JRWA-Archive/objects/1936_nelsondaily_1_7_jr_to_victoria_part_of_the_big_road_tweaking_program.pdf",/JRWA-Archive/items/jr-np-s_014.html
"Little Rills and Water Numberles","Robert Connell","1936-05-31","","Settlement; Ecology","","","","","","news article","application/pdf","","","","http://localhost:4000/JRWA-Archive/objects/thumbs/daily_colonist_1936_05_31_little_rills_and_waters_numberless_th.jpg","http://localhost:4000/JRWA-Archive/objects/daily_colonist_1936_05_31_little_rills_and_waters_numberless.pdf",/JRWA-Archive/items/jr-np-s_015.html
"Hotel for Sale","","1980","","Settlement; Real Estate","","","","","","news article","application/pdf","","","","http://localhost:4000/JRWA-Archive/objects/thumbs/edmonton_journal_1980_12_29_59_hotel_for_sale_th.jpg","http://localhost:4000/JRWA-Archive/objects/edmonton_journal_1980_12_29_59_hotel_for_sale.jpg",/JRWA-Archive/items/jr-np-s_016.html
"Laying Pacific Cable","Nelson Daily Miner","1901","","Settlement; Cable","","","","","","news article","application/pdf","","","","http://localhost:4000/JRWA-Archive/objects/thumbs/nelsondaymin_1901_longest_cable_in_the_word_pg1col5para6_th.jpg","http://localhost:4000/JRWA-Archive/objects/nelsondaymin_1901_longest_cable_in_the_word_pg1col5para6.pdf",/JRWA-Archive/items/jr-np-s_017.html
"Heavy Seas Interfere With Building of Traps","The Daily News ","1906-05-22","","Settlement; Traps; Fishing","","","","","","news article","application/pdf","","","","http://localhost:4000/JRWA-Archive/objects/thumbs/new_west_1906_1_2_4_th.jpg","http://localhost:4000/JRWA-Archive/objects/new_west_1906_1_2_4.pdf",/JRWA-Archive/items/jr-np-s_018.html
"Wrecked Lumber Schooner","The Daily Telegram","1894-01-23","","Settlement; Shipwreck","","","","","","news article","application/pdf","","","","http://localhost:4000/JRWA-Archive/objects/thumbs/nnmo_daytele_1894_body_in_surf_at_lost_river_pg2col1para7_th.jpg","http://localhost:4000/JRWA-Archive/objects/nnmo_daytele_1894_body_in_surf_at_lost_river_pg2col1para7.pdf",/JRWA-Archive/items/jr-np-s_019.html
"Rambled Round Victoria","The Victoria Daily Times","1923-09-29","","Settlement","","","","","","news article","application/pdf","","","","http://localhost:4000/JRWA-Archive/objects/thumbs/the_victoria_daily_times_1923_09_29_17_rambles_around_victoria_th.jpg","http://localhost:4000/JRWA-Archive/objects/the_victoria_daily_times_1923_09_29_17_rambles_around_victoria.pdf",/JRWA-Archive/items/jr-np-s_021.html
"Bullets in Shoulder Only the Beginning of Hr Nightmare","Derek Sidenius ","1975-02-28","","Settlement","","","","","","news article","application/pdf","","","","http://localhost:4000/JRWA-Archive/objects/thumbs/times_colonist_fri_feb_28_1975_th.jpg","http://localhost:4000/JRWA-Archive/objects/times_colonist_fri_feb_28_1975.pdf",/JRWA-Archive/items/jr-np-s_022.html
"Jordan Solar and Energy Storage","","","","Settlement; Solar; Map; Energy Storage","","","","","","news article","application/pdf","","","","http://localhost:4000/JRWA-Archive/objects/thumbs/final_jordan_solar_initial_project_description_and_early_engagement_plan_19dec23_deva_th.jpg","http://localhost:4000/JRWA-Archive/objects/final_jordan_solar_initial_project_description_and_early_engagement_plan_19dec23_deva.pdf",/JRWA-Archive/items/jr-np-s-solar_001.html
"Jordan Solar and Energy Storage Project","","2023-12","","Settlement; Solar; Energy Storage","","","","","","news article","application/pdf","","","","http://localhost:4000/JRWA-Archive/objects/thumbs/jordan_solar_location_th.jpg","http://localhost:4000/JRWA-Archive/objects/jordan_solar_location.pdf",/JRWA-Archive/items/jr-np-s-solar_002.html
"Save Estuaries and you save people from starving","Moira Farrow","1975-1-4","","Estuaries; Ecology; Logging; Hydroelectric; Mining","","","","","","news article","application/pdf","","","","http://localhost:4000/JRWA-Archive/objects/thumbs/1975_vancouver_jan_4_save_estuaries_and_you_save_people_from_starving_th.jpg","http://localhost:4000/JRWA-Archive/objects/1975_vancouver_jan_4_save_estuaries_and_you_save_people_from_starving.pdf",/JRWA-Archive/items/jr-np-ra_002.html
"Should rivers have the same rights as
people?","Patrick Barkham","2021-07-25","","Ecology; Environmentalism; Hydrology; Indigenous Peoples","","","","","","news article","application/pdf","","","","http://localhost:4000/JRWA-Archive/objects/thumbs/barkham_2021_should_rivers_have_the_same_rights_as_people_in_guardian_th.jpg","http://localhost:4000/JRWA-Archive/objects/barkham_2021_should_rivers_have_the_same_rights_as_people_in_guardian.pdf",/JRWA-Archive/items/jr-np-ra-other_001.html
"Who is watching B.C.&#39;s environmental watch dogs?","Anne Casselman","2015-07-14","","Compromised Environmentalism; Ecology","","","","","","news article","application/pdf","","","","http://localhost:4000/JRWA-Archive/objects/thumbs/casselman_2_15_who_is_watching_bcs_environmental_watch_dogs_in_bcbusiness_th.jpg","http://localhost:4000/JRWA-Archive/objects/casselman_2_15_who_is_watching_bcs_environmental_watch_dogs_in_bcbusiness.pdf",/JRWA-Archive/items/jr-np-ra-other_002.html
"Can public awareness, knowledge and engagement improve climate change adaptation policies?","Farzaneh Shaikh Khatibi; Aysin Dedekorkut‑Howes; Michael Howes; Elnaz Torabi","2021-02-25","","Public involvement; Citizen participation; Local and traditional knowledge","","","","","","news article","application/pdf","","","","http://localhost:4000/JRWA-Archive/objects/thumbs/khatibi_2021_discoverarticle_can_public_awareness_knowledge_th.jpg","http://localhost:4000/JRWA-Archive/objects/khatibi_2021_discoverarticle_can_public_awareness_knowledge.pdf",/JRWA-Archive/items/jr-np-ra-other_003.html
"Repair and the 2014 Mount Polley Mine disaster: Anti Relationality, constraint, and legacies of socio-ecological disruption in settler colonial British Columbia","Neil Nunn","2023","","Mount Polley Mine disaster; anti relationality; environmental justice; reparative planning; BC gold rush; settler colonialism; colonial modernity; 1862 smallpox epidemic","","","","","","news article","application/pdf","","","","http://localhost:4000/JRWA-Archive/objects/thumbs/nunn_2023_repair_and_the_2014_mount_polley_mine_disaster_th.jpg","http://localhost:4000/JRWA-Archive/objects/nunn_2023_repair_and_the_2014_mount_polley_mine_disaster.pdf",/JRWA-Archive/items/jr-np-ra-other_004.html
"Being a Scientist Means Taking Sides","Mary H. O&#39;Brien","1993","","Science; Politics; Public Interest;","","","","","","news article","application/pdf","","","","http://localhost:4000/JRWA-Archive/objects/thumbs/obrien_1993_being_a_scientists_means_taking_sides_th.jpg","http://localhost:4000/JRWA-Archive/objects/obrien_1993_being_a_scientists_means_taking_sides.pdf",/JRWA-Archive/items/jr-np-ra-other_005.html
"Jordan River Restoration","Thom Davis","2017-06-08","","Hydroelectric; Mining; Logging; Restoration; Salmon; Indigenous Community","","","","","","news article","application/pdf","","","","http://localhost:4000/JRWA-Archive/objects/thumbs/davis_2017_jordan_river_restoration_bringing_back_the_habitat_bc_outdoors_th.jpg","http://localhost:4000/JRWA-Archive/objects/davis_2017_jordan_river_restoration_bringing_back_the_habitat_bc_outdoors.pdf",/JRWA-Archive/items/jr-np-ra-jr_001.html
"A tale of two rivers","KIm Hoffman","2017-02-13","","Hydroelectric; Mining; Logging; Restoration; Salmon; Indigenous Community; Glines Canyon Dam","","","","","","news article","application/pdf","","","","http://localhost:4000/JRWA-Archive/objects/thumbs/hoffman_2017_a_tale_of_two_rivers_science_borealis_th.jpg","http://localhost:4000/JRWA-Archive/objects/hoffman_2017_a_tale_of_two_rivers_science_borealis.pdf",/JRWA-Archive/items/jr-np-ra-jr_002.html
"Power Play on the Jordan","Daily Colonist","1970-08-30","","Hydroelectric; Power House","","","","","","news article","application/pdf","","","","http://localhost:4000/JRWA-Archive/objects/thumbs/daily_colonist_1970_08_30_power_play_th.jpg","http://localhost:4000/JRWA-Archive/objects/daily_colonist_1970_08_30_power_play.pdf",/JRWA-Archive/items/jrnph1970-90_001.html
"Jordan River&#39;s Eye to the Future","Patricia Goertzen","1971-11-21","","Hydroelectric","","","","","","news article","application/pdf","","","","http://localhost:4000/JRWA-Archive/objects/thumbs/daily_colonist_1971_11_21_eye_to_future_th.jpg","http://localhost:4000/JRWA-Archive/objects/daily_colonist_1971_11_21_eye_to_future.pdf",/JRWA-Archive/items/jrnph1970-90_002.html
"Never too Old","  Lindo","1970-11-08","","Hydroelectric","","","","","","news article","application/pdf","","","","http://localhost:4000/JRWA-Archive/objects/thumbs/tc_1970_never_to_bold_bio_of_john_elliott_th.jpg","http://localhost:4000/JRWA-Archive/objects/tc_1970_never_to_bold_bio_of_john_elliott.pdf",/JRWA-Archive/items/jrnph1970-90_005.html
"Fear of Brownouts Fade on Island","Moria Farrow","1971-12-21","","Hydroelectric; Power House; B.C. Hydro","","","","","","news article","application/pdf","","","","http://localhost:4000/JRWA-Archive/objects/thumbs/the_vancouver_sun_tue_dec_21_1971_th.jpg","http://localhost:4000/JRWA-Archive/objects/the_vancouver_sun_tue_dec_21_1971.pdf",/JRWA-Archive/items/jrnph1970-90_006.html
"Jordan River&#39;s Electric Monster","Richard K. Blier","1988-01-03","","Hydroelectric; Power House; B.C. Hydro","","","","","","news article","application/pdf","","","","http://localhost:4000/JRWA-Archive/objects/thumbs/times_colonist_1988_jrs_electric_monster_th.jpg","http://localhost:4000/JRWA-Archive/objects/times_colonist_1988_jrs_electric_monster.pdf",/JRWA-Archive/items/jrnph1970-90_007.html
"$30 Million Flows Into Jordan Project","Times Colonist","1970-05-15","","Hydroelectric; Power House; B.C. Hydro","","","","","","news article","application/pdf","","","","http://localhost:4000/JRWA-Archive/objects/thumbs/times_colonist_fri_may_15_1970_th.jpg","http://localhost:4000/JRWA-Archive/objects/times_colonist_fri_may_15_1970.pdf",/JRWA-Archive/items/jrnph1970-90_008.html
"For $30M (and a few snags) The Island Gets Extra Power","B.C. Forest Trio buying up Radonier Canada Assets","1970-11-28","","Hydroelectric; Power House; B.C. Hydro","","","","","","news article","application/pdf","","","","http://localhost:4000/JRWA-Archive/objects/thumbs/times_colonist_sat_nov_28_1970_th.jpg","http://localhost:4000/JRWA-Archive/objects/times_colonist_sat_nov_28_1970.pdf",/JRWA-Archive/items/jrnph1970-90_009.html
"Valley of Snags an &#39;Obscene Sight&#39;","Don Vipond","1970-08-13","","Hydroelectric; Power House; B.C. Hydro; Tree Snags; Drained Reservoir; Logging","","","","","","news article","application/pdf","","","","http://localhost:4000/JRWA-Archive/objects/thumbs/times_colonist_thu__aug_13_1970__th.jpg","http://localhost:4000/JRWA-Archive/objects/times_colonist_thu__aug_13_1970_.pdf",/JRWA-Archive/items/jrnph1970-90_010.html
"... An Obscene Sight","Don Vipond","1970-08-13","","Hydroelectric; Power House; B.C. Hydro; Tree Snags; Drained Reservoir; Logging","","","","","","news article","application/pdf","","","","http://localhost:4000/JRWA-Archive/objects/thumbs/times_colonist_thu_aug_13__1970_2_th.jpg","http://localhost:4000/JRWA-Archive/objects/times_colonist_thu_aug_13__1970_2.pdf",/JRWA-Archive/items/jrnph1970-90_011.html
"First Nuclear Power Plant Likely in &#39;75","John Mika","1968-07-24","","Hydroelectric; Power House; B.C. Hydro; Nuclear","","","","","","news article","application/pdf","","","","http://localhost:4000/JRWA-Archive/objects/thumbs/times_colonist_wed__jul_24__1968__th.jpg","http://localhost:4000/JRWA-Archive/objects/times_colonist_wed__jul_24__1968_.pdf",/JRWA-Archive/items/jrnph1970-90_012.html
"First Nuclear Power Plant Likely in &#39;76","John Mika","1968-07-25","","Hydroelectric; Power House; B.C. Hydro; Nuclear","","","","","","news article","application/pdf","","","","http://localhost:4000/JRWA-Archive/objects/thumbs/times_colonist_wed_jul_24__1968_2_th.jpg","http://localhost:4000/JRWA-Archive/objects/times_colonist_wed_jul_24__1968_2.pdf",/JRWA-Archive/items/jrnph1970-90_013.html
"Rock Hide Wet Frenzy","Victoria Express","1974-03-28","","Mining; Ownership","","","","","","news article","application/pdf","","","","http://localhost:4000/JRWA-Archive/objects/thumbs/victoria_express_1974_rocks_hide_wet_frenzy_the_mine_runs_uphill_th.jpg","http://localhost:4000/JRWA-Archive/objects/victoria_express_1974_rocks_hide_wet_frenzy_the_mine_runs_uphill.pdf",/JRWA-Archive/items/jrnph1970-90_014.html
"Vancouver Island to see $3B in BC Hydro upgrades, expansion over the next decade"," The Canadian Press","2024-07-05","","Electricity Grid Expansion","","","","","","news article","application/pdf","","","","http://localhost:4000/JRWA-Archive/objects/thumbs/elliot_lake_news_2024_vancouver_island_to_see_38_in_bc_hydro_upgrades_expansion_over_the_next_decade_th.jpg","http://localhost:4000/JRWA-Archive/objects/elliot_lake_news_2024_vancouver_island_to_see_38_in_bc_hydro_upgrades_expansion_over_the_next_decade.pdf",/JRWA-Archive/items/jrnph1971-present_001.html
"Reviewing operational issues on Vancouver Island - Jordan River","Times Colonist","1994-06-10","","Ecological Damage; Recreation; FIshing; Hydroelectric; Dam Risks; B.C. Hydro","","","","","","news article","application/pdf","","","","http://localhost:4000/JRWA-Archive/objects/thumbs/hydro_june_10_1994_reviewing_operational_issues_times_colonist_1994_06_10_11_th.jpg","http://localhost:4000/JRWA-Archive/objects/hydro_june_10_1994_reviewing_operational_issues_times_colonist_1994_06_10_11.pdf",/JRWA-Archive/items/jrnph1971-present_002.html
"Jordan River Powerhouse","Elida Peers","2007-03","","Powerhouse; Hydroelectric","","","","","","news article","application/pdf","","","","http://localhost:4000/JRWA-Archive/objects/thumbs/issue2007_03_th.jpg","http://localhost:4000/JRWA-Archive/objects/issue2007_03.pdf",/JRWA-Archive/items/jrnph1971-present_003.html
"The Jordan River flume","Elida Peers","2022-03-20","","Hydroelectric; B.C. Hydro; Flume","","","","","","news article","application/pdf","","","","http://localhost:4000/JRWA-Archive/objects/thumbs/peers_2020_the_jordan_river_flume_in_sooke_news_mirror_th.jpg","http://localhost:4000/JRWA-Archive/objects/peers_2020_the_jordan_river_flume_in_sooke_news_mirror.pdf",/JRWA-Archive/items/jrnph1971-present_004.html
"Hydro decision this time is a tough one","Terry Hammond","1971-12-4","","Hydroelectric; B.C. Hydro","","","","","","news article","application/pdf","","","","http://localhost:4000/JRWA-Archive/objects/thumbs/the_vancouver_sun_1971_12_04_25_th.jpg","http://localhost:4000/JRWA-Archive/objects/the_vancouver_sun_1971_12_04_25.pdf",/JRWA-Archive/items/jrnph1971-present_005.html
"Reviewing operational issues on Vancouver Island - Jordan River","Times Colonist","1994-06-10","","Ecological Damage; Recreation; FIshing; Hydroelectric; Dam Risks; B.C. Hydro","","","","","","news article","application/pdf","","","","http://localhost:4000/JRWA-Archive/objects/thumbs/times_colonist_1994_hydro_ad_th.jpg","http://localhost:4000/JRWA-Archive/objects/times_colonist_1994_hydro_ad.pdf",/JRWA-Archive/items/jrnph1971-present_006.html
"The Source of (Victoria&#39;s) Power","John Newcomb","2001-03-18","","Hydroelectric; B.C. Hydro; Mining; Forestry. Lumner","","","","","","news article","application/pdf","","","","http://localhost:4000/JRWA-Archive/objects/thumbs/times_colonist_2001_03_18_43_source_of_victorias_power_th.jpg","http://localhost:4000/JRWA-Archive/objects/times_colonist_2001_03_18_43_source_of_victorias_power.pdf",/JRWA-Archive/items/jrnph1971-present_007.html
"Jordan RIver Contract Let","Alberni Valley Times","1969-08-18","B.C. Hydro bu awarded the second of two major contract for redevelopment of the Jordan River power project on the southwestern tip of Vancouver Island.","B.C. Hydro; Hydroelectric; Elliot Dam; Diversion Dam; Tunnel","","","","","","news article","application/pdf","","","","http://localhost:4000/JRWA-Archive/objects/thumbs/alberni_valley_times_mon__aug_18_1969_th.jpg","http://localhost:4000/JRWA-Archive/objects/alberni_valley_times_mon__aug_18_1969.pdf",/JRWA-Archive/items/jrnph1940-69_001.html
"Massive Blast Opening Tunnel","A.H. Murphy ","1969-02-25","","B.C. Hydro; Hydroelectric; Elliot Dam; Diversion Dam; Tunnel","","","","","","news article","application/pdf","","","","http://localhost:4000/JRWA-Archive/objects/thumbs/daily_colonist%20_1969_02_25_massive_blast_opening_tunnel_th.jpg","http://localhost:4000/JRWA-Archive/objects/daily_colonist%20_1969_02_25_massive_blast_opening_tunnel.pdf",/JRWA-Archive/items/jrnph1940-69_003.html
"Pioneers of Jordan River Hydro Had Courage to Dream and Dare","Patricia Skowaisa","1968-07-07","&quot;The Jordan River powerhouse it a record of
vision, enterprise, organisation and engineering -a lasting monument to a handful of men who in the early 1900s realised the potential of an almost entirely unknown mountain stream.&quot;","Settlement; Enterprise; Colonialism; Exploitation; Hydroelectric","","","","","","news article","application/pdf","","","","http://localhost:4000/JRWA-Archive/objects/thumbs/daily_colonist_1968_07_07_pioneers_of_jr_hydro_th.jpg","http://localhost:4000/JRWA-Archive/objects/daily_colonist_1968_07_07_pioneers_of_jr_hydro.pdf",/JRWA-Archive/items/jrnph1940-69_004.html
"Hydro Project Hums","Clement Chapple","1969-05-11","","Mining; Hydroelectric; Settlement; B.C. Hydro","","","","","","news article","application/pdf","","","","http://localhost:4000/JRWA-Archive/objects/thumbs/daily_colonist_1969_05_11_hydro_project_hums_th.jpg","http://localhost:4000/JRWA-Archive/objects/daily_colonist_1969_05_11_hydro_project_hums.pdf",/JRWA-Archive/items/jrnph1940-69_006.html
"Island to Double Share of Mainland Power","Ian Street","1964-11-05","","Hydroelectric; B.C. Hydro","","","","","","news article","application/pdf","","","","http://localhost:4000/JRWA-Archive/objects/thumbs/daily_colonist_november_5_1964_island_to_double_share_of_mainland_power_th.jpg","http://localhost:4000/JRWA-Archive/objects/daily_colonist_november_5_1964_island_to_double_share_of_mainland_power.pdf",/JRWA-Archive/items/jrnph1940-69_007.html
"Dams and Wildlife","Arnold Olson","1968","","Hydroelectric; B.C. Hydro; Salmon; Fish; Ecosystem","","","","","","news article","application/pdf","","","","http://localhost:4000/JRWA-Archive/objects/thumbs/dc_1968_dams_and_wildlife_th.jpg","http://localhost:4000/JRWA-Archive/objects/dc_1968_dams_and_wildlife.pdf",/JRWA-Archive/items/jrnph1940-69_008.html
"Jordan River Enters Fourth Boom","Harry Young","1969-11-02","","Logging; Hydroelectric; Tunnel","","","","","","news article","application/pdf","","","","http://localhost:4000/JRWA-Archive/objects/thumbs/dc_1969_new_power_system_underway_jr_enters_forth_boom_th.jpg","http://localhost:4000/JRWA-Archive/objects/dc_1969_new_power_system_underway_jr_enters_forth_boom.pdf",/JRWA-Archive/items/jrnph1940-69_012.html
"Sooke River Showing Growth in Spawning","Aec Merriman","1968-10-27","","Salmon; Hydroelectric","","","","","","news article","application/pdf","","","","http://localhost:4000/JRWA-Archive/objects/thumbs/marriman_1968_impact_of_jr_tailrace_closure_outdoors_columin_in_dc_th.jpg","http://localhost:4000/JRWA-Archive/objects/marriman_1968_impact_of_jr_tailrace_closure_outdoors_columin_in_dc.pdf",/JRWA-Archive/items/jrnph1940-69_014.html
"E. Anderson Wins $9.5 Million Job","The Hope Standard","1969-08-20","","Hydroelectric; Dam Construction","","","","","","news article","application/pdf","","","","http://localhost:4000/JRWA-Archive/objects/thumbs/the_hope_standard_wed_aug_20__1969__th.jpg","http://localhost:4000/JRWA-Archive/objects/the_hope_standard_wed_aug_20__1969_.pdf",/JRWA-Archive/items/jrnph1940-69_015.html
"Dam Job Awarded For Jordan R. ","Times Colonist","1969-08-14","","Hydroelectric; Dam Construction","","","","","","news article","application/pdf","","","","http://localhost:4000/JRWA-Archive/objects/thumbs/times_colonist_thu_aug_14_1969__th.jpg","http://localhost:4000/JRWA-Archive/objects/times_colonist_thu_aug_14_1969_.pdf",/JRWA-Archive/items/jrnph1940-69_016.html
"Lack of Rain Threatens Power Shortage Here","Victoria Daily Times","1943-10-08","","Hydroelectric; Dam: WW2","","","","","","news article","application/pdf","","","","http://localhost:4000/JRWA-Archive/objects/thumbs/vdt_1943_lack_of_rain_threatens_power_shortage_th.jpg","http://localhost:4000/JRWA-Archive/objects/vdt_1943_lack_of_rain_threatens_power_shortage.pdf",/JRWA-Archive/items/jrnph1940-69_017.html
"Killed, 2 Hurt in Trail Explosion","The Daily News","","","Mining; Iron","","","","","",".png","application/pdf","","","","http://localhost:4000/JRWA-Archive/objects/thumbs/screen_shot_2022_06-08_at_5_38_17_pm_th.jpg","http://localhost:4000/JRWA-Archive/objects/screen_shot_2022_06-08_at_5_38_17_pm.png",/JRWA-Archive/items/jr-np-m-1900-49_001.html
"Island Iron Industry","The Daily News","1905-05-03","","Mining; Iron","","","","","","pdf","application/pdf","","","","http://localhost:4000/JRWA-Archive/objects/thumbs/nelsonday_1903_magnetic_iron_found_in_jr_4_2_3_th.jpg","http://localhost:4000/JRWA-Archive/objects/nelsonday_1903_magnetic_iron_found_in_jr_4_2_3.pdf",/JRWA-Archive/items/jr-np-m-1900-49_002.html
"Tidewater Mines take Option on Gabro Copper","The Daily News","1929-01-21","","Mining; Copper","","","","","","pdf","application/pdf","","","","http://localhost:4000/JRWA-Archive/objects/thumbs/1929_nelsondaily_1_6_gobbro_copper_mine_in_jr_and_large_mill_to_be_built_th.jpg","http://localhost:4000/JRWA-Archive/objects/1929_nelsondaily_1_6_gobbro_copper_mine_in_jr_and_large_mill_to_be_built.pdf",/JRWA-Archive/items/jr-np-m-1900-49_003.html
"Controlled Properties Developed","The Daily News","1929-04-03","","Mining; Copper","","","","","","pdf","application/pdf","","","","http://localhost:4000/JRWA-Archive/objects/thumbs/1929_nelsondail_little_prospecting_done_but_no_new_ore_foudn_th.jpg","http://localhost:4000/JRWA-Archive/objects/1929_nelsondail_little_prospecting_done_but_no_new_ore_foudn.pdf",/JRWA-Archive/items/jr-np-m-1900-49_004.html
"Adopts Many Resolutions at the U.B.C.M. Meeting","The Abbotsford Post","1923-08-30","","Mining","","","","","","pdf","application/pdf","","","","http://localhost:4000/JRWA-Archive/objects/thumbs/1923_abpost_3_4_resolution_to_build_23_mile_highway_bt_pr_and_jr_th.jpg","http://localhost:4000/JRWA-Archive/objects/1923_abpost_3_4_resolution_to_build_23_mile_highway_bt_pr_and_jr.pdf",/JRWA-Archive/items/jr-np-m-1900-49_005.html
"Says Mining in B.C. Will Revive","E. A. Haggen","1922-01-05","","Mining; Mill","","","","","","pdf","application/pdf","","","","http://localhost:4000/JRWA-Archive/objects/thumbs/1922_cranherald_1_1_confirm_cmands_plans_to_build_500_ton_mill_at_sunloch_mine_jr_th.jpg","http://localhost:4000/JRWA-Archive/objects/1922_cranherald_1_1_confirm_cmands_plans_to_build_500_ton_mill_at_sunloch_mine_jr.pdf",/JRWA-Archive/items/jr-np-m-1900-49_006.html
"Controlled Properties","The Daily News","1920-04-23","","Mining; Copper; Sunloch Mines Ltd.; Development; Acquisition","","","","","","pdf","application/pdf","","","","http://localhost:4000/JRWA-Archive/objects/thumbs/1920nelsondaily_6_5_controlling_interest_of_sunloch_and_ok_ore_found_that_would_need_a_processing_machine_500_tonnes_to_extract_th.jpg","http://localhost:4000/JRWA-Archive/objects/1920nelsondaily_6_5_controlling_interest_of_sunloch_and_ok_ore_found_that_would_need_a_processing_machine_500_tonnes_to_extract.pdf",/JRWA-Archive/items/jr-np-m-1900-49_007.html
"Mining News","The Ledge","1920-01-22","","Mining; Acquisition; Sunloch Mines Ltd.; Consolidated Mining and Smelting Company","","","","","","pdf","application/pdf","","","","http://localhost:4000/JRWA-Archive/objects/thumbs/1920_ledge_1_5_sunlock_consolidated_with_mining_and_smelting_company_of_trail_th.jpg","http://localhost:4000/JRWA-Archive/objects/1920_ledge_1_5_sunlock_consolidated_with_mining_and_smelting_company_of_trail.pdf",/JRWA-Archive/items/jr-np-m-1900-49_008.html
"Mining News","The Ledge","1920-07-28","","Mining; Shiping; Tacoma","","","","","","pdf","application/pdf","","","","http://localhost:4000/JRWA-Archive/objects/thumbs/1920_lede_4_2_new_smelter_to_be_built_on_vi_to_support_two_mines_one_jr_sunloch_th.jpg","http://localhost:4000/JRWA-Archive/objects/1920_lede_4_2_new_smelter_to_be_built_on_vi_to_support_two_mines_one_jr_sunloch.pdf",/JRWA-Archive/items/jr-np-m-1900-49_009.html
"Jordan River Copper Mines Make Progress","Daily Colonist","1920-07-28","Entry of Consolidated Company on Island Would Give Impetus to Development","Mining; Smelting; Prospecting","","","","","","pdf","application/pdf","","","","http://localhost:4000/JRWA-Archive/objects/thumbs/1920_dailycolonist_62y192uvic_0012_jordan_river_copper_mines_make_progress_th.jpg","http://localhost:4000/JRWA-Archive/objects/1920_dailycolonist_62y192uvic_0012_jordan_river_copper_mines_make_progress.jpg",/JRWA-Archive/items/jr-np-m-1900-49_010.html
"Another Smelter for the Island","The Cumberland Islander","1920-06-12","","Mining; Sunloch Mines Ltd.;","","","","","","pdf","application/pdf","","","","http://localhost:4000/JRWA-Archive/objects/thumbs/1920_cumberland_2_4_cmands_seriously_interested_in_building_a_smelter_in_jr_th.jpg","http://localhost:4000/JRWA-Archive/objects/1920_cumberland_2_4_cmands_seriously_interested_in_building_a_smelter_in_jr.pdf",/JRWA-Archive/items/jr-np-m-1900-49_011.html
"B. C. Mines","The Ledge","1919-01-02","","Mining","","","","","","pdf","application/pdf","","","","http://localhost:4000/JRWA-Archive/objects/thumbs/1919_ledge_1_6_sunloch_mines_diamond_drilling_rh_stewart_of_vancouver_formerly_trail_in_charge_th.jpg","http://localhost:4000/JRWA-Archive/objects/1919_ledge_1_6_sunloch_mines_diamond_drilling_rh_stewart_of_vancouver_formerly_trail_in_charge.pdf",/JRWA-Archive/items/jr-np-m-1900-49_012.html
"Minging News","British Columbia Record","1918-07-19","","Mining; Operating","","","","","","pdf","application/pdf","","","","http://localhost:4000/JRWA-Archive/objects/thumbs/1918_xbcrecord_2_3_sunlock_mines_up_and_running_and_doing_well_th.jpg","http://localhost:4000/JRWA-Archive/objects/1918_xbcrecord_2_3_sunlock_mines_up_and_running_and_doing_well.pdf",/JRWA-Archive/items/jr-np-m-1900-49_013.html
"B. C. Mining News","The Ledge","1918-08-01","","Mining; Shipping","","","","","","pdf","application/pdf","","","","http://localhost:4000/JRWA-Archive/objects/thumbs/1918_ledge_1_6_ore_shipped_from_jr_to_tacoma_or_ladysmith_as_much_as_3_copper_th.jpg","http://localhost:4000/JRWA-Archive/objects/1918_ledge_1_6_ore_shipped_from_jr_to_tacoma_or_ladysmith_as_much_as_3_copper.pdf",/JRWA-Archive/items/jr-np-m-1900-49_014.html
"B. C. Mines","The Ledge","1916-07-20","","Mining; Copper; Discovery","","","","","","pdf","application/pdf","","","","http://localhost:4000/JRWA-Archive/objects/thumbs/1916_ledge_1_5_copper_discovered_in_jordan_river_th.jpg","http://localhost:4000/JRWA-Archive/objects/1916_ledge_1_5_copper_discovered_in_jordan_river.pdf",/JRWA-Archive/items/jr-np-m-1900-49_016.html
"Sought Mines Near Victoria Back in &#39;64","The Daily News","1915-09-10","","Mining; Gold; Discovery","","","","","","pdf","application/pdf","","","","http://localhost:4000/JRWA-Archive/objects/thumbs/1915_nelsondaily_4_4_history_of_gold_exploration_sooke_to_jr_1864_th.jpg","http://localhost:4000/JRWA-Archive/objects/1915_nelsondaily_4_4_history_of_gold_exploration_sooke_to_jr_1864.pdf",/JRWA-Archive/items/jr-np-m-1900-49_017.html
"Eight Feet of Anthracite","The Omineca Herald","1911-08-5","","Mining; Anthracite","","","","","","pdf","application/pdf","","","","http://localhost:4000/JRWA-Archive/objects/thumbs/1911_mineca_1_2_8_foot_vein_of_athracite_coal_discover_jr_th.jpg","http://localhost:4000/JRWA-Archive/objects/1911_mineca_1_2_8_foot_vein_of_athracite_coal_discover_jr.pdf",/JRWA-Archive/items/jr-np-m-1900-49_018.html
"Large Copper Mining Being Carried on in B.C. ","Bruce Levett","1965-08-17","","Mining; Copper; ","","","","","","pdf","application/pdf","","","","http://localhost:4000/JRWA-Archive/objects/thumbs/sunro_august_17_1956_large_copper_mining_development_being_carrieson_in_the_moncton_transcript_1956_08_17_4_th.jpg","http://localhost:4000/JRWA-Archive/objects/sunro_august_17_1956_large_copper_mining_development_being_carrieson_in_the_moncton_transcript_1956_08_17_4.pdf",/JRWA-Archive/items/jr-np-m-1950-59_001.html
"Japanese Backing","Edmonton Journal","1959-02-06","","Mining; Copper; Cowichan; Japanese Investment","","","","","","pdf","application/pdf","","","","http://localhost:4000/JRWA-Archive/objects/thumbs/sunro_february_6_1959_japanese_backing_edmonton_journal_th.jpg","http://localhost:4000/JRWA-Archive/objects/sunro_february_6_1959_japanese_backing_edmonton_journal.pdf",/JRWA-Archive/items/jr-np-m-1950-59_002.html
"Mine Project at the Jordan River to Be Launched","Nanaimo Daily News","1956-10-04","","Mining; Copper; Sunro","","","","","","pdf","application/pdf","","","","http://localhost:4000/JRWA-Archive/objects/thumbs/sunro_october_4_1956_mine_projects_at_jordan_river_to_be_launched_nanaimo_daily_news_th.jpg","http://localhost:4000/JRWA-Archive/objects/sunro_october_4_1956_mine_projects_at_jordan_river_to_be_launched_nanaimo_daily_news.pdf",/JRWA-Archive/items/jr-np-m-1950-59_003.html
"Jordan River Mill Buried with Mine","Harry Young","1962-07-28","","Mining; Copper; Milling; Labor","","","","","","pdf","application/pdf","","","","http://localhost:4000/JRWA-Archive/objects/thumbs/1962_07_28_0005_daily_colonist_islander_never_gave_up_jordan_river_mill_buried_with_mine_th.jpg","http://localhost:4000/JRWA-Archive/objects/1962_07_28_0005_daily_colonist_islander_never_gave_up_jordan_river_mill_buried_with_mine.pdf",/JRWA-Archive/items/jr-np-m-1960-69_001.html
"River Bed Collapses, Mine Closes","Harry Young","1963-12-07","","Mine Collapse; Mining; Copper","","","","","","jpg","application/pdf","","","","http://localhost:4000/JRWA-Archive/objects/thumbs/1963_12_07_0034_daily_colonist_river_bed_collapses_mine_closed_th.jpg","http://localhost:4000/JRWA-Archive/objects/1963_12_07_0034_daily_colonist_river_bed_collapses_mine_closed.jpg",/JRWA-Archive/items/jr-np-m-1960-69_002.html
"Maverick River Adds to Island Mine Woe","Daily Colonist","1964-01-09","","Mine Collapse; Mining; Copper","","","","","","jpg","application/pdf","","","","http://localhost:4000/JRWA-Archive/objects/thumbs/1964_01_09_0038_daily_colonist_maverick_river_adds_to_island_mine_woe_th.jpg","http://localhost:4000/JRWA-Archive/objects/1964_01_09_0038_daily_colonist_maverick_river_adds_to_island_mine_woe.jpg",/JRWA-Archive/items/jr-np-m-1960-69_003.html
"MacDonald Report to Shareholders","Harry Young","1967-04-18","","Mine Reactivation; Cowichan; Mining; Copper","","","","","","jpg","application/pdf","","","","http://localhost:4000/JRWA-Archive/objects/thumbs/1967_04_18_0008_daily_colonist_macdonald_report_to_share_holders_th.jpg","http://localhost:4000/JRWA-Archive/objects/1967_04_18_0008_daily_colonist_macdonald_report_to_share_holders.jpg",/JRWA-Archive/items/jr-np-m-1960-69_004.html
"B.C. Hydro Tunnel: Multi-Million Bid Wins Jordan Job","A. H. Murphy ","1968-12-04","","Hydroelectric; Construction Contract; Power Generation","","","","","","jpg","application/pdf","","","","http://localhost:4000/JRWA-Archive/objects/thumbs/1968_12_04_0049_daily_colonist_multi_million_bid_wins_jordan_job_bc_hydro_tunnel_th.jpg","http://localhost:4000/JRWA-Archive/objects/1968_12_04_0049_daily_colonist_multi_million_bid_wins_jordan_job_bc_hydro_tunnel.jpg",/JRWA-Archive/items/jr-np-m-1960-69_005.html
"Cowichan Copper Delisted: Mine Story Ending","Harry Young","1969-01-18","","Mining; Copper; Stock Exchange","","","","","","jpg","application/pdf","","","","http://localhost:4000/JRWA-Archive/objects/thumbs/1969_01_18_0008_daily_colonist_cowichan_copper_delisted_mine_story_ending_th.jpg","http://localhost:4000/JRWA-Archive/objects/1969_01_18_0008_daily_colonist_cowichan_copper_delisted_mine_story_ending.jpg",/JRWA-Archive/items/jr-np-m-1960-69_006.html
"Cowichan Liabilities To Assets","The Province","1963-08-16","","Mining; Copper; Liabilities; Financials","","","","","","pdf","application/pdf","","","","http://localhost:4000/JRWA-Archive/objects/thumbs/sunro_august_16_1963_cowichan_liabilities_top_assets_the_province_1963_08_16_14_th.jpg","http://localhost:4000/JRWA-Archive/objects/sunro_august_16_1963_cowichan_liabilities_top_assets_the_province_1963_08_16_14.pdf",/JRWA-Archive/items/jr-np-m-1960-69_007.html
"Listing May Reopen Jordan River Mine","Times Colonist","1969-08-19","","Mining; Reopening; Production","","","","","","pdf","application/pdf","","","","http://localhost:4000/JRWA-Archive/objects/thumbs/%20sunro_august_19_1969_listing_may_reopen_jordan_river_mine_times_colonist_1969_08_19_2_th.jpg","http://localhost:4000/JRWA-Archive/objects/%20sunro_august_19_1969_listing_may_reopen_jordan_river_mine_times_colonist_1969_08_19_2.pdf",/JRWA-Archive/items/jr-np-m-1960-69_008.html
"Heavy Rain to Delay Flooded Mine Repair","Victoria Daily Times","1963-12-07","","Mine Collapse; Mining; Mine Repair ","","","","","","pdf","application/pdf","","","","http://localhost:4000/JRWA-Archive/objects/thumbs/sunro_december_7_1963_victoria_daily_times_heavy_rain_to_delay_flooded_mine_repair_th.jpg","http://localhost:4000/JRWA-Archive/objects/sunro_december_7_1963_victoria_daily_times_heavy_rain_to_delay_flooded_mine_repair.pdf",/JRWA-Archive/items/jr-np-m-1960-69_009.html
"Flood may keep mine closed indefinite period","Canadian Press","1963-12-09","","Mine Collapse; Mining; Mine Repair ","","","","","","pdf","application/pdf","","","","http://localhost:4000/JRWA-Archive/objects/thumbs/sunro_december_9_1963_flood_may_keep_mine_close_indefinte_period_the_province_1963_12_09_22_th.jpg","http://localhost:4000/JRWA-Archive/objects/sunro_december_9_1963_flood_may_keep_mine_close_indefinte_period_the_province_1963_12_09_22.pdf",/JRWA-Archive/items/jr-np-m-1960-69_010.html
"Outdoors","Alec Merriman","1963-12-13","","Mine Collapse; Mining; Fishing; Salmon; Conservation","","","","","","pdf","application/pdf","","","","http://localhost:4000/JRWA-Archive/objects/thumbs/sunro_december_13_1963_victoria_daily_times_mine_pollution_in_jr_th.jpg","http://localhost:4000/JRWA-Archive/objects/sunro_december_13_1963_victoria_daily_times_mine_pollution_in_jr.pdf",/JRWA-Archive/items/jr-np-m-1960-69_012.html
"Old Man River on Rampage","Times Colonist","1963-12","","Mine Collapse; Mining","","","","","","pdf","application/pdf","","","","http://localhost:4000/JRWA-Archive/objects/thumbs/sunro_december_1963_times_colonist_photo_old_man_river_on_rampage_th.jpg","http://localhost:4000/JRWA-Archive/objects/sunro_december_1963_times_colonist_photo_old_man_river_on_rampage.pdf",/JRWA-Archive/items/jr-np-m-1960-69_013.html
"Plenty of Water &#39;But No Hazard&#39; ","AB Kent","1966-02-07","","Mine Collapse; Mining","","","","","","pdf","application/pdf","","","","http://localhost:4000/JRWA-Archive/objects/thumbs/sunro_february_7_1966_plenty_of_water_but_no_hazard_times_colonist_1966_02_07_3_th.jpg","http://localhost:4000/JRWA-Archive/objects/sunro_february_7_1966_plenty_of_water_but_no_hazard_times_colonist_1966_02_07_3.pdf",/JRWA-Archive/items/jr-np-m-1960-69_014.html
"Dam Bursting/Flooding","Victoria Daily Times","1964-01-08","","Mine Collapse; Mining; Mine Repair; Landslide; Concrete Plugs","","","","","","pdf","application/pdf","","","","http://localhost:4000/JRWA-Archive/objects/thumbs/sunro_january_7_1964_dam_burst_and_flooding_victoria_daily_times_th.jpg","http://localhost:4000/JRWA-Archive/objects/sunro_january_7_1964_dam_burst_and_flooding_victoria_daily_times.pdf",/JRWA-Archive/items/jr-np-m-1960-69_015.html
"Flood Menaces Logging Town","AB Kent","1964-01-08","","Mine Collapse; Mining; Mine Repair; Landslide; Concrete Plugs","","","","","","pdf","application/pdf","","","","http://localhost:4000/JRWA-Archive/objects/thumbs/sunro_january_8_1964_flood_menaces_logging_tow_times_colonist_1964_01_08_17_th.jpg","http://localhost:4000/JRWA-Archive/objects/sunro_january_8_1964_flood_menaces_logging_tow_times_colonist_1964_01_08_17.pdf",/JRWA-Archive/items/jr-np-m-1960-69_016.html
"Jordan River Flood Threat Lessening","Times Colonist","1964-01-09","","Mine Collapse; Mining; Mine Repair; Landslide; Concrete Plugs","","","","","","pdf","application/pdf","","","","http://localhost:4000/JRWA-Archive/objects/thumbs/sunro_january_9_1964_times_colonist_jordan_river_flood_threat_lessens_th.jpg","http://localhost:4000/JRWA-Archive/objects/sunro_january_9_1964_times_colonist_jordan_river_flood_threat_lessens.pdf",/JRWA-Archive/items/jr-np-m-1960-69_018.html
"Maverick River Adds to Island Mine Woe","Daily Colonist","1964-01-09","","Mine Collapse; Mining","","","","","","pdf","application/pdf","","","","http://localhost:4000/JRWA-Archive/objects/thumbs/sunro_january_9_1964_times_colonist_maverick_river_adds_to_island_mine_woe_th.jpg","http://localhost:4000/JRWA-Archive/objects/sunro_january_9_1964_times_colonist_maverick_river_adds_to_island_mine_woe.pdf",/JRWA-Archive/items/jr-np-m-1960-69_019.html
"Clearing Mouth of Jordan River","Times Colonist","1964-01-30","","Mine Collapse; Mining","","","","","","pdf","application/pdf","","","","http://localhost:4000/JRWA-Archive/objects/thumbs/sunro_january_30_1964_times_colonist_photo_clearing_mouth_of_jordan_river_th.jpg","http://localhost:4000/JRWA-Archive/objects/sunro_january_30_1964_times_colonist_photo_clearing_mouth_of_jordan_river.pdf",/JRWA-Archive/items/jr-np-m-1960-69_020.html
"Canada&#39;s only Underground Ore Mill Opens","The Province ","1962-07-27","","Mine Diagram; Mill; Mill Diagram; Cowichan; Copper","","","","","","pdf","application/pdf","","","","http://localhost:4000/JRWA-Archive/objects/thumbs/sunro_july_27_1962_canadas_only_underground_ore_mill_opens_the_province_1962_07_27_9_th.jpg","http://localhost:4000/JRWA-Archive/objects/sunro_july_27_1962_canadas_only_underground_ore_mill_opens_the_province_1962_07_27_9.pdf",/JRWA-Archive/items/jr-np-m-1960-69_022.html
"Cowichan Creditors Okay Offer","The Province ","1964-03-18","","Financing; Creditors; Cowichan; Loan; Mining;","","","","","","pdf","application/pdf","","","","http://localhost:4000/JRWA-Archive/objects/thumbs/sunro_march_18_1964_province_cowichan_credators_okay_offer_th.jpg","http://localhost:4000/JRWA-Archive/objects/sunro_march_18_1964_province_cowichan_credators_okay_offer.pdf",/JRWA-Archive/items/jr-np-m-1960-69_023.html
"Bill Fletcher on Mine Opening","Bill Fletcher","1962-03-21","","Mill; Power House; Mining;","","","","","","pdf","application/pdf","","","","http://localhost:4000/JRWA-Archive/objects/thumbs/sunro_march_21_1962_bill_fletcher_report_on_mine_opening_the_vancouver_sun_1962_03_21_25_th.jpg","http://localhost:4000/JRWA-Archive/objects/sunro_march_21_1962_bill_fletcher_report_on_mine_opening_the_vancouver_sun_1962_03_21_25.pdf",/JRWA-Archive/items/jr-np-m-1960-69_024.html
"Jordan Mine Now Free of Water","Nanaimo Daily News","1964-05-05","","Mine Collapse; Mining; Mine Repair; Landslide; Concrete Plugs; Water Pumps","","","","","","pdf","application/pdf","","","","http://localhost:4000/JRWA-Archive/objects/thumbs/sunro_may_5_1964_jordan_mine_now_free_of_water_nanaimo_daily_news_th.jpg","http://localhost:4000/JRWA-Archive/objects/sunro_may_5_1964_jordan_mine_now_free_of_water_nanaimo_daily_news.pdf",/JRWA-Archive/items/jr-np-m-1960-69_025.html
"Water Looking to Future After Ravages of Flood","Jim Hume","1965-05-10","","Mine Collapse; Mining; Mine Repair; Landslide; Concrete Plugs; Water Pumps","","","","","","pdf","application/pdf","","","","http://localhost:4000/JRWA-Archive/objects/thumbs/sunro_may_10_1965_mine_looking_to_future_after_raveges_of_flood_times_colonist_1965_05_10_3_th.jpg","http://localhost:4000/JRWA-Archive/objects/sunro_may_10_1965_mine_looking_to_future_after_raveges_of_flood_times_colonist_1965_05_10_3.pdf",/JRWA-Archive/items/jr-np-m-1960-69_026.html
"Cowichan Raises Ore - and Income","The Vancouver Sun","1963-02-22","","Japan; Cowichan; Copper; Mill","","","","","","pdf","application/pdf","","","","http://localhost:4000/JRWA-Archive/objects/thumbs/sunro_mine_february_22_1963_cowichan_raises_ore_and_income_the_vancouver_sun_1963_02_22_23_th.jpg","http://localhost:4000/JRWA-Archive/objects/sunro_mine_february_22_1963_cowichan_raises_ore_and_income_the_vancouver_sun_1963_02_22_23.pdf",/JRWA-Archive/items/jr-np-m-1960-69_027.html
"Creditors Accept New Deal","The Vancouver Sun","1966-11-10","","Debts; Investments; Sunro; Mercantile Bank of Canada;  Mining;","","","","","","pdf","application/pdf","","","","http://localhost:4000/JRWA-Archive/objects/thumbs/sunro_november_10_1966_vancouver_sun_creditors_accept_new_deal_th.jpg","http://localhost:4000/JRWA-Archive/objects/sunro_november_10_1966_vancouver_sun_creditors_accept_new_deal.pdf",/JRWA-Archive/items/jr-np-m-1960-69_028.html
"Wage Judgement in Hands of Sheriff","Times Colonist","1966-11-16","","Labor; Aetna; Cowichan; Wages; Mining;","","","","","","pdf","application/pdf","","","","http://localhost:4000/JRWA-Archive/objects/thumbs/sunro_november_16_1966_wage_judgement_in_hands_of_sheriff_times_colonist_th.jpg","http://localhost:4000/JRWA-Archive/objects/sunro_november_16_1966_wage_judgement_in_hands_of_sheriff_times_colonist.pdf",/JRWA-Archive/items/jr-np-m-1960-69_029.html
"Cowichan to Ship Copper to Japanese","The Vancouver Sun","1961-11-22","","Japan; Cowichan; Copper; Mill; Mining;","","","","","","pdf","application/pdf","","","","http://localhost:4000/JRWA-Archive/objects/thumbs/sunro_november_22_1961_cowichan_to_ship_copper_to_japanese_the_vancouver_sun_1961_11_22_24_th.jpg","http://localhost:4000/JRWA-Archive/objects/sunro_november_22_1961_cowichan_to_ship_copper_to_japanese_the_vancouver_sun_1961_11_22_24.pdf",/JRWA-Archive/items/jr-np-m-1960-69_030.html
"Sunro Copper Shipment to Japan Set for March ","Gordon Bell","1961-11-22",""," Mining; Japan; Cowichan; Copper; Mill","","","","","","pdf","application/pdf","","","","http://localhost:4000/JRWA-Archive/objects/thumbs/sunro_november_22_1961_sunro_copper_shipment_to_japan_set_for_march_times_colonist_1961_11_22_2_th.jpg","http://localhost:4000/JRWA-Archive/objects/sunro_november_22_1961_sunro_copper_shipment_to_japan_set_for_march_times_colonist_1961_11_22_2.pdf",/JRWA-Archive/items/jr-np-m-1960-69_031.html
"Reopening of Copper Mine at Jordan River Planned","Times Colonist","1969-10-24","","Mine Reopening; Financing; Mining;","","","","","","pdf","application/pdf","","","","http://localhost:4000/JRWA-Archive/objects/thumbs/sunro_october_24_1969_reopening_of_copper_min_at_jordan_river_planned_times_colonist_1969_10_24_11_th.jpg","http://localhost:4000/JRWA-Archive/objects/sunro_october_24_1969_reopening_of_copper_min_at_jordan_river_planned_times_colonist_1969_10_24_11.pdf",/JRWA-Archive/items/jr-np-m-1960-69_032.html
"Court Sets Cowichan Copper Date","The Vancouver Sun","1968-09-03","","Legal Action; Court; Cowichan; Mining;","","","","","","pdf","application/pdf","","","","http://localhost:4000/JRWA-Archive/objects/thumbs/sunro_september_3_1968_court_sets_cowichan_copper_date_the_vancouver_sun_1968_09_03_28_th.jpg","http://localhost:4000/JRWA-Archive/objects/sunro_september_3_1968_court_sets_cowichan_copper_date_the_vancouver_sun_1968_09_03_28.pdf",/JRWA-Archive/items/jr-np-m-1960-69_033.html
"MacDonald Loses Cowichan Control","The Vancouver Sun","1968-09-09","","Mine Ownership; Mining; Rosewood MacDonald; Edward Dobell","","","","","","pdf","application/pdf","","","","http://localhost:4000/JRWA-Archive/objects/thumbs/sunro_september_9_1968_macdonald_loses_cowichan_control_the_vancouver_sun_1968_09_09_25_th.jpg","http://localhost:4000/JRWA-Archive/objects/sunro_september_9_1968_macdonald_loses_cowichan_control_the_vancouver_sun_1968_09_09_25.pdf",/JRWA-Archive/items/jr-np-m-1960-69_034.html
"Macsan Explorations LTD. ","Times Colonist","1966-09-10","","Ore Belt; Ownership; Geology; Copper; Mining","","","","","","pdf","application/pdf","","","","http://localhost:4000/JRWA-Archive/objects/thumbs/sunro_september_10_1966_share_offering_times_colonist_1966_09_10_11_th.jpg","http://localhost:4000/JRWA-Archive/objects/sunro_september_10_1966_share_offering_times_colonist_1966_09_10_11.pdf",/JRWA-Archive/items/jr-np-m-1960-69_035.html
"Aetna Shuts off Funds to Cowichan Sunro Mine","Michael Cobb","1966-09-14","","Share Price; Mining; Sunro; Cowichan; Copper; Mining; Flooding; Mine Collapse","","","","","","pdf","application/pdf","","","","http://localhost:4000/JRWA-Archive/objects/thumbs/sunro_september_14_1966_aetna_shuts_off_funds_to_cowichans_sunro_mine_the_vancouver_sun_1966_09_14_26_th.jpg","http://localhost:4000/JRWA-Archive/objects/sunro_september_14_1966_aetna_shuts_off_funds_to_cowichans_sunro_mine_the_vancouver_sun_1966_09_14_26.pdf",/JRWA-Archive/items/jr-np-m-1960-69_036.html
"Mining News: Cowichan","The Province ","","","mining; Mill; Orebodies","","","","","","pdf","application/pdf","","","","http://localhost:4000/JRWA-Archive/objects/thumbs/the_province_1961_07_03_17_th.jpg","http://localhost:4000/JRWA-Archive/objects/the_province_1961_07_03_17.pdf",/JRWA-Archive/items/jr-np-m-1960-69_037.html
"Mine Effluent Ecological Damage","Alec Merriman","1971-03-03","","Beach; Ecological Damage; Mining; Effluent; Hydroelectric; Salmon; Spawning","","","","","","jpg","image","","","","http://localhost:4000/JRWA-Archive/objects/thumbs/1971_03_03_0016_th.jpg","http://localhost:4000/JRWA-Archive/objects/1971_03_03_0016.jpg",/JRWA-Archive/items/jr-np-m-1970-80_001.html
"Application for a Permit Under the Pollution Control Act","Daily Colonist","1971-03-16","","Pollution Control; Mining; Discharge; Sunro;","","","","","","jpg","image","","","","http://localhost:4000/JRWA-Archive/objects/thumbs/1971_03_16_0029_th.jpg","http://localhost:4000/JRWA-Archive/objects/1971_03_16_0029.jpg",/JRWA-Archive/items/jr-np-m-1970-80_002.html
"Fisheries Tests Answer Objections","Daily Colonist","1971-06-27","","Waste Disposal; Pollution Control; Mining; Copper; Tailings","","","","","","jpg","image","","","","http://localhost:4000/JRWA-Archive/objects/thumbs/1971_06_27_0012_th.jpg","http://localhost:4000/JRWA-Archive/objects/1971_06_27_0012.jpg",/JRWA-Archive/items/jr-np-m-1970-80_003.html
"Mine on Trial for Polluting","Daily Colonist","1973-03-02","","Trial; Pollution; Fishing; Salmon; Effluent; Mining","","","","","","jpg","image","","","","http://localhost:4000/JRWA-Archive/objects/thumbs/1973_03_02_0016_th.jpg","http://localhost:4000/JRWA-Archive/objects/1973_03_02_0016.jpg",/JRWA-Archive/items/jr-np-m-1970-80_004.html
"Progress Report Dison International LTD.","Daily Colonist","1974-06-23","","Mining; Directors Meeting","","","","","","jpg","image","","","","http://localhost:4000/JRWA-Archive/objects/thumbs/1974_06_23_0025_th.jpg","http://localhost:4000/JRWA-Archive/objects/1974_06_23_0025.jpg",/JRWA-Archive/items/jr-np-m-1970-80_005.html
"Jordan River: Bumps in Stride","Daily Colonist","1974-12-06","","Mine Closure; Logging; Labor; Logging Closure; Mining; Recession","","","","","","jpg","image","","","","http://localhost:4000/JRWA-Archive/objects/thumbs/1974_12_06_0019_2_th.jpg","http://localhost:4000/JRWA-Archive/objects/1974_12_06_0019_2.jpg",/JRWA-Archive/items/jr-np-m-1970-80_006.html
"Save our Jobs till spring, Jordan Miners Urge B.C. ","Daily Colonist","1974-12-06","","Mine Closure; Logging; Labor; Logging Closure; Mining; Recession","","","","","","jpg","image","","","","http://localhost:4000/JRWA-Archive/objects/thumbs/1974_12_06_0050_th.jpg","http://localhost:4000/JRWA-Archive/objects/1974_12_06_0050.jpg",/JRWA-Archive/items/jr-np-m-1970-80_007.html
"Our Battle isn&#39;t over, Jordan Miner Asserts","Joe Hume","1974-12-14","","Mine Closure; Labor; Mining; Recession","","","","","","jpg","image","","","","http://localhost:4000/JRWA-Archive/objects/thumbs/1974_12_14_0046_th.jpg","http://localhost:4000/JRWA-Archive/objects/1974_12_14_0046.jpg",/JRWA-Archive/items/jr-np-m-1970-80_008.html
"Jordan River Mines mill Reaches 90% capacity","The Northern Miner","1973-12-27","","Mining; Geology Section; Development; Tailings; Mineral Deposits; ","","","","","","pdf","application/pdf","","","","http://localhost:4000/JRWA-Archive/objects/thumbs/northern_miner_1973_jordan_river_mill_reaches_capacity_th.jpg","http://localhost:4000/JRWA-Archive/objects/northern_miner_1973_jordan_river_mill_reaches_capacity.pdf",/JRWA-Archive/items/jr-np-m-1970-80_009.html
"Chathan Resources Acquired Property","The Northern Miner","1975-07-24","","Mining; Mineral Deposits; Geology; Ore Production; Property Acquisition","","","","","","pdf","application/pdf","","","","http://localhost:4000/JRWA-Archive/objects/thumbs/northern_miner_1975_chatham_resources_acquires_property_th.jpg","http://localhost:4000/JRWA-Archive/objects/northern_miner_1975_chatham_resources_acquires_property.pdf",/JRWA-Archive/items/jr-np-m-1970-80_010.html
"Closure of Mine Costs 63 Jobs at Jordan River","","1974","","Mining; Labor; Mine Closure; ","","","","","","pdf","application/pdf","","","","http://localhost:4000/JRWA-Archive/objects/thumbs/sunro_1974_closure_of_mine_costs_63_jobs_daily_colonist_th.jpg","http://localhost:4000/JRWA-Archive/objects/sunro_1974_closure_of_mine_costs_63_jobs_daily_colonist.pdf",/JRWA-Archive/items/jr-np-m-1970-80_011.html
"In Reply","D.B. Bower and N.D. Lajeunesse","1971-04-25","","Mining; Beach Pollution; Cowichan; Pollution","","","","","","pdf","application/pdf","","","","http://localhost:4000/JRWA-Archive/objects/thumbs/sunro_april_4_1971_victoria_daily_colonist_our_readers_views_in_reply_by_bower_and_lajeunesse_th.jpg","http://localhost:4000/JRWA-Archive/objects/sunro_april_4_1971_victoria_daily_colonist_our_readers_views_in_reply_by_bower_and_lajeunesse.pdf",/JRWA-Archive/items/jr-np-m-1970-80_012.html
"SPEC Urges Mine Hearing","Times Colonist","1971-04-05","","Mining; Pollution; Hearing","","","","","","pdf","application/pdf","","","","http://localhost:4000/JRWA-Archive/objects/thumbs/sunro_april_5_1971_times_colonist_spec_urges_mine_meeting_th.jpg","http://localhost:4000/JRWA-Archive/objects/sunro_april_5_1971_times_colonist_spec_urges_mine_meeting.pdf",/JRWA-Archive/items/jr-np-m-1970-80_013.html
"Spec Calls for Hearing on Mine Application","Canadian Press","1971-04-06","","Mining; Pollution; Hearing; Discharge; Recreation; Ecology","","","","","","pdf","application/pdf","","","","http://localhost:4000/JRWA-Archive/objects/thumbs/sunro_april_6_1971_province_spec_calls_for_hearing_on_mine_application_th.jpg","http://localhost:4000/JRWA-Archive/objects/sunro_april_6_1971_province_spec_calls_for_hearing_on_mine_application.pdf",/JRWA-Archive/items/jr-np-m-1970-80_014.html
"Mine Dump Heating Up in Air","Don Vipond","1971-04-17","","Mining; Pollution; Hearing; Discharge; Recreation; Ecology; Protest","","","","","","pdf","application/pdf","","","","http://localhost:4000/JRWA-Archive/objects/thumbs/sunro_april_17_1971_mine_dump_hearing_up_in_air_times_colonist_1971_04_17_23_th.jpg","http://localhost:4000/JRWA-Archive/objects/sunro_april_17_1971_mine_dump_hearing_up_in_air_times_colonist_1971_04_17_23.pdf",/JRWA-Archive/items/jr-np-m-1970-80_015.html
"Rigid Controls Police Sunro Strait Dumping","Times Colonist","1971-08-10","","Mining; Pollution Control; Mine Reopening; Pollution Monitoring; Cyanide; Discharge Pipe","","","","","","pdf","application/pdf","","","","http://localhost:4000/JRWA-Archive/objects/thumbs/sunro_august_10_1971_rigid_controls_police_sunros_strait_dumping_times_colonist_1971_08_10_5_th.jpg","http://localhost:4000/JRWA-Archive/objects/sunro_august_10_1971_rigid_controls_police_sunros_strait_dumping_times_colonist_1971_08_10_5.pdf",/JRWA-Archive/items/jr-np-m-1970-80_016.html
"Dison Gets Permit to Dump Effluent","The Vancouver Sun","1971-08-11","","Mining; Pollution Control; Mine Reopening; Pollution Monitoring; Cyanide; Discharge Pipe","","","","","","pdf","application/pdf","","","","http://localhost:4000/JRWA-Archive/objects/thumbs/sunro_august_11_1971_dison_gets_permit_to_dump_effluent_the_vancouver_sun_1971_08_11_38_th.jpg","http://localhost:4000/JRWA-Archive/objects/sunro_august_11_1971_dison_gets_permit_to_dump_effluent_the_vancouver_sun_1971_08_11_38.pdf",/JRWA-Archive/items/jr-np-m-1970-80_017.html
"Sunro to Start Hiring For Quick Production","Times Colonist","1971-08-11","","Mining; Labor; Pollution Control; Pollution Monitoring; Heavy Metals","","","","","","pdf","application/pdf","","","","http://localhost:4000/JRWA-Archive/objects/thumbs/sunro_august_11_1971_sunro_to_start_hiring_for_quick_production_times_colonist_1971_08_11_1_th.jpg","http://localhost:4000/JRWA-Archive/objects/sunro_august_11_1971_sunro_to_start_hiring_for_quick_production_times_colonist_1971_08_11_1.pdf",/JRWA-Archive/items/jr-np-m-1970-80_018.html
"Mine Will Reopen","Daily Colonist","1971-08-12","","Mining; Pollution Control; Mine Reopening; Cyanide; Discharge Pipe","","","","","","pdf","application/pdf","","","","http://localhost:4000/JRWA-Archive/objects/thumbs/sunro_august_12_1971_times_colonist_mine_will_reopen_th.jpg","http://localhost:4000/JRWA-Archive/objects/sunro_august_12_1971_times_colonist_mine_will_reopen.pdf",/JRWA-Archive/items/jr-np-m-1970-80_019.html
"Man of a Passing Race","AB Kent","1973-08-21","","Mining; Prospecting; Hydroelectric; Settlement; Copper; Iron","","","","","","pdf","application/pdf","","","","http://localhost:4000/JRWA-Archive/objects/thumbs/sunro_august_21_1973_george_winkler_man_of_a_passing_race_times_colonist_1973_08_21_17_th.jpg","http://localhost:4000/JRWA-Archive/objects/sunro_august_21_1973_george_winkler_man_of_a_passing_race_times_colonist_1973_08_21_17.pdf",/JRWA-Archive/items/jr-np-m-1970-80_020.html
"Jordan River Mine Operators Bid for VSE Reinstatement","Al Forester","1973-08-28","","Mining; Dison International; Vancouver Stock Exchange; Finance; Hydroelectric","","","","","","pdf","application/pdf","","","","http://localhost:4000/JRWA-Archive/objects/thumbs/sunro_august_28_1973_jordan_river_mine_operators_bid_for_svse_reinstatement_times_colonist_1973_08_28_9_th.jpg","http://localhost:4000/JRWA-Archive/objects/sunro_august_28_1973_jordan_river_mine_operators_bid_for_svse_reinstatement_times_colonist_1973_08_28_9.pdf",/JRWA-Archive/items/jr-np-m-1970-80_021.html
"Mine Company Fined","The Vancouver Sun","1973-12-14","","Mining; FIne; Pollution; Copper Pollution; Tailings; ","","","","","","pdf","application/pdf","","","","http://localhost:4000/JRWA-Archive/objects/thumbs/sunro_december_14_1973_vancouver_sun_mining_company_fined_th.jpg","http://localhost:4000/JRWA-Archive/objects/sunro_december_14_1973_vancouver_sun_mining_company_fined.pdf",/JRWA-Archive/items/jr-np-m-1970-80_023.html
"George Winkler discovered Jordan River Mine with a Pickaxe and a Backpack","Patly Pitts","1974-02-22","","Mining; George Winkler; Prospecting; Settlement; ","","","","","","pdf","application/pdf","","","","http://localhost:4000/JRWA-Archive/objects/thumbs/sunro_february_22_1974_victorian_george_winkler_discovered_jordan_river_mine_th.jpg","http://localhost:4000/JRWA-Archive/objects/sunro_february_22_1974_victorian_george_winkler_discovered_jordan_river_mine.pdf",/JRWA-Archive/items/jr-np-m-1970-80_024.html
"SPEC seeking freedom of information act ","The Vancouver Sun","1978-01-09","","Mining; Scientific Pollution and Environmental Control Society","","","","","","pdf","application/pdf","","","","http://localhost:4000/JRWA-Archive/objects/thumbs/sunro_january_9_1978_vancouver_sun_spec_seeking_foi_act_th.jpg","http://localhost:4000/JRWA-Archive/objects/sunro_january_9_1978_vancouver_sun_spec_seeking_foi_act.pdf",/JRWA-Archive/items/jr-np-m-1970-80_025.html
"Board Approves Dump of Tailings","Times Colonist","1971-07-05","","Mining; Dison Development Ltd.; Tailings; Dumping; Pollution","","","","","","pdf","application/pdf","","","","http://localhost:4000/JRWA-Archive/objects/thumbs/sunro_july_5_1971_times_colonist_board_approves_dumping_of_tailings_th.jpg","http://localhost:4000/JRWA-Archive/objects/sunro_july_5_1971_times_colonist_board_approves_dumping_of_tailings.pdf",/JRWA-Archive/items/jr-np-m-1970-80_026.html
"Key Man Advised to Sit Out Hearings","","1971-07-07","","Mining; William Venables; Food Chain; Pollution; Tailings","","","","","","pdf","application/pdf","","","","http://localhost:4000/JRWA-Archive/objects/thumbs/sunro_july_7_1971_key_man_advised_to_sit_our_hearings_daily_colonist_th.jpg","http://localhost:4000/JRWA-Archive/objects/sunro_july_7_1971_key_man_advised_to_sit_our_hearings_daily_colonist.pdf",/JRWA-Archive/items/jr-np-m-1970-80_027.html
"First Clean the House","The Vancouver Sun","1971-07-09","","Mining; Pollution Permit; Pollution Control","","","","","","pdf","application/pdf","","","","http://localhost:4000/JRWA-Archive/objects/thumbs/sunro_july_9_1971_vancouver_sun_first_clean_the%20house_th.jpg","http://localhost:4000/JRWA-Archive/objects/sunro_july_9_1971_vancouver_sun_first_clean_the%20house.pdf",/JRWA-Archive/items/jr-np-m-1970-80_028.html
"Mine Dump Bid Refused","Dom Vipond","1971-07-01","","Mining; Pollution Permit Rejection; William Venables","","","","","","pdf","application/pdf","","","","http://localhost:4000/JRWA-Archive/objects/thumbs/sunro_june_1_1971_mine_dump_bid_refused_times_colonist_1971_06_01_2_th.jpg","http://localhost:4000/JRWA-Archive/objects/sunro_june_1_1971_mine_dump_bid_refused_times_colonist_1971_06_01_2.pdf",/JRWA-Archive/items/jr-np-m-1970-80_030.html
"Island Mine Discharge Disallowed by Official","The Province","1971-06-02","","Mining; Pollution Permit Rejection; William Venables; Tailings","","","","","","pdf","application/pdf","","","","http://localhost:4000/JRWA-Archive/objects/thumbs/sunro_june_2_1971_island_mine_discharge_disallowed_by_official_the_province_th.jpg","http://localhost:4000/JRWA-Archive/objects/sunro_june_2_1971_island_mine_discharge_disallowed_by_official_the_province.pdf",/JRWA-Archive/items/jr-np-m-1970-80_031.html
"Another Side Exists to Sunro Decision","Dom Vipond","1971-06-04","","Mining; Reopening Mine; Effluent; Pollution Control; Cyanide","","","","","","pdf","application/pdf","","","","http://localhost:4000/JRWA-Archive/objects/thumbs/sunro_june_4_1971_another_side_exists_to_sunro_decision_times_colonist_1971_06_04_21_th.jpg","http://localhost:4000/JRWA-Archive/objects/sunro_june_4_1971_another_side_exists_to_sunro_decision_times_colonist_1971_06_04_21.pdf",/JRWA-Archive/items/jr-np-m-1970-80_032.html
"Developer to Appeal Mine Ruling","Times Colonist","1971-06-08","","Mining; Reopening Mine; Effluent; Pollution Control; Cyanide; Dison Development Ltd. ","","","","","","pdf","application/pdf","","","","http://localhost:4000/JRWA-Archive/objects/thumbs/sunro_june_8_1971_times_colonist_mine_developers_to_appeal_mine_ruling_th.jpg","http://localhost:4000/JRWA-Archive/objects/sunro_june_8_1971_times_colonist_mine_developers_to_appeal_mine_ruling.pdf",/JRWA-Archive/items/jr-np-m-1970-80_034.html
"Hearing Set for June 29 On Sunro Mine Appeal","Times Colonist","1971-06-09","","Mining; Pollution Control Board; William Venables; Tailings","","","","","","pdf","application/pdf","","","","http://localhost:4000/JRWA-Archive/objects/thumbs/sunro_june_9_1971_times_colonist_hearing_set_for_sunro_mine_appeal_th.jpg","http://localhost:4000/JRWA-Archive/objects/sunro_june_9_1971_times_colonist_hearing_set_for_sunro_mine_appeal.pdf",/JRWA-Archive/items/jr-np-m-1970-80_035.html
"150 Jobs Waiting Mine Boss Claims ","The Vancouver Sun","1971-06-11","","Mining; Labor; Pollution Control Board; Dison Development Ltd.; Tailings; Copper; Effluent","","","","","","pdf","application/pdf","","","","http://localhost:4000/JRWA-Archive/objects/thumbs/sunro_june_11_1971_150_jogs_waiting_mine_boss_claims_the_vancouver_sun_1971_06_11_29_th.jpg","http://localhost:4000/JRWA-Archive/objects/sunro_june_11_1971_150_jogs_waiting_mine_boss_claims_the_vancouver_sun_1971_06_11_29.pdf",/JRWA-Archive/items/jr-np-m-1970-80_036.html
"","","","","Mining; ","","","","","","pdf","application/pdf","","","","http://localhost:4000/JRWA-Archive/objects/thumbs/sunro_june_14_1971_your_15500_letters_protesting_pollution_deluged_this-man_the_vancouver_sun_1971_01_14_6_th.jpg","http://localhost:4000/JRWA-Archive/objects/sunro_june_14_1971_your_15500_letters_protesting_pollution_deluged_this-man_the_vancouver_sun_1971_01_14_6.pdf",/JRWA-Archive/items/jr-np-m-1970-80_037.html
"Petition Seeks Reversal of Discharge Decision","Times Colonist","1971-06-16","","Mining; Fishing; Pollution Management; Conservation; Hearing; Pollution Control Board","","","","","","pdf","application/pdf","","","","http://localhost:4000/JRWA-Archive/objects/thumbs/sunro_june_16_1971_times_colonist_petition_seeks_reversal_of_discharge_decision_th.jpg","http://localhost:4000/JRWA-Archive/objects/sunro_june_16_1971_times_colonist_petition_seeks_reversal_of_discharge_decision.pdf",/JRWA-Archive/items/jr-np-m-1970-80_038.html
"","","","","Mining; Mining Technique; Wages; George Winkler","","","","","","pdf","application/pdf","","","","http://localhost:4000/JRWA-Archive/objects/thumbs/sunro_march_7_1975_times_colonist_scramble_for_jobs_pays_off_for_29_from_jordan_river_th.jpg","http://localhost:4000/JRWA-Archive/objects/sunro_march_7_1975_times_colonist_scramble_for_jobs_pays_off_for_29_from_jordan_river.pdf",/JRWA-Archive/items/jr-np-m-1970-80_040.html
"Rock Hides Wet Frenzy ","The Victoria Express","1974-03-28","","Mining; Mining Technique; Wages; George Winkler","","","","","","pdf","application/pdf","","","","http://localhost:4000/JRWA-Archive/objects/thumbs/sunro_march_28_1974_rocks_hide_wet_frenzy_the_mine_runs_uphill_victoria_express_th.jpg","http://localhost:4000/JRWA-Archive/objects/sunro_march_28_1974_rocks_hide_wet_frenzy_the_mine_runs_uphill_victoria_express.pdf",/JRWA-Archive/items/jr-np-m-1970-80_041.html
"Sunro - Rebirth Pains Coming on Strong","AB Kent","1971-05-19","","Mining; Pollution Disposal; Mining; Dison Development Ltd.; Tailings; Dumping; Pollution; Ecological Damage","","","","","","pdf","application/pdf","","","","http://localhost:4000/JRWA-Archive/objects/thumbs/sunro_may_19_1971_sunro_rebirth_pains_coming_on_strong_times_colonist_1971_05_19_9_th.jpg","http://localhost:4000/JRWA-Archive/objects/sunro_may_19_1971_sunro_rebirth_pains_coming_on_strong_times_colonist_1971_05_19_9.pdf",/JRWA-Archive/items/jr-np-m-1970-80_042.html
"Island Hard-Luck Mine Reviving  ","R.M. Shaw","1971-05-22","","Mining; Mine Reopening; Labor; Investment; Financing; Dison Development Ltd.","","","","","","pdf","application/pdf","","","","http://localhost:4000/JRWA-Archive/objects/thumbs/sunro_may_22_1971_island_hard_luck_mine_reviving_the_province_1971_05_22_20_th.jpg","http://localhost:4000/JRWA-Archive/objects/sunro_may_22_1971_island_hard_luck_mine_reviving_the_province_1971_05_22_20.pdf",/JRWA-Archive/items/jr-np-m-1970-80_044.html
"Mine Going Concern, Except at the Bank","Bob Shaw","1974-10-02","","Mining; Mineral Royalties Act; Financing","","","","","","pdf","application/pdf","","","","http://localhost:4000/JRWA-Archive/objects/thumbs/sunro_october_2_1974_mine_goin_concern_except_a_the_bank_the_province_th.jpg","http://localhost:4000/JRWA-Archive/objects/sunro_october_2_1974_mine_goin_concern_except_a_the_bank_the_province.pdf",/JRWA-Archive/items/jr-np-m-1970-80_045.html
"Mine May Reopen Soon","Victoria Colonist","1970-09-01","","Mining; Mine Reopening; Labor; Investment; Financing; Dison Development Ltd.","","","","","","pdf","application/pdf","","","","http://localhost:4000/JRWA-Archive/objects/thumbs/sunro_september_1_1970_mine_may_open_soon_victoria_colonist_th.jpg","http://localhost:4000/JRWA-Archive/objects/sunro_september_1_1970_mine_may_open_soon_victoria_colonist.pdf",/JRWA-Archive/items/jr-np-m-1970-80_046.html
"Four Firms to Revive Cowichan","The Province","1970-09-18","","Mining; Mine Reopening; Investment; Financing","","","","","","pdf","application/pdf","","","","http://localhost:4000/JRWA-Archive/objects/thumbs/sunro_september_18_1970_four_firm_%20to_revive_cowichan_the_province_1970_09_18_24_th.jpg","http://localhost:4000/JRWA-Archive/objects/sunro_september_18_1970_four_firm_%20to_revive_cowichan_the_province_1970_09_18_24.pdf",/JRWA-Archive/items/jr-np-m-1970-80_047.html
"Water Use Program Review","","","","","","","","","","record","","","","","http://localhost:4000/JRWA-Archive/objects/thumbs/ns_energy_2005_finding_the_right_balance__jr_wup_th.jpg","",/JRWA-Archive/items/jrwa_docs_powergeneration_bc_hydro_water_use_program_review.html
"Finding the right balance","NS Energy Staff Writer","2005-09-14","","Hydroelectric; B.C. Hydro; Water Use Program; Water Use Plan; B.C. Hydro","","","","","","pdf","pdf","","","","http://localhost:4000/JRWA-Archive/objects/thumbs/ns_energy_2005_finding_the_right_balance__jr_wup_th.jpg","http://localhost:4000/JRWA-Archive/objects/ns_energy_2005_finding_the_right_balance__jr_wup.pdf",/JRWA-Archive/items/jrwa_docs_powergeneration_bc_hydro_water_use_program_review.html#jrwa_docs_powergeneration_bc_hydro_water_use_program_review_001
"Run-of-River Hydropower in BC","Watershed Watch ","2007-08","","Hydroelectric; B.C. Hydro; Water Use Program; Salmon; Ecology ","","","","","","pdf","pdf","","","","http://localhost:4000/JRWA-Archive/objects/thumbs/rorcitizensguide_th.jpg","http://localhost:4000/JRWA-Archive/objects/rorcitizensguide.pdf",/JRWA-Archive/items/jrwa_docs_powergeneration_bc_hydro_water_use_program_review.html#jrwa_docs_powergeneration_bc_hydro_water_use_program_review_002
"","","","","Hydroelectric; B.C. Hydro; Water Use Program","","","","","","pdf","pdf","","","","http://localhost:4000/JRWA-Archive/objects/thumbs/thuncher_squamish_chief_2019_bc_hydro_is_proactive_and_adaptive_company_says_of_squamish_operations_th.jpg","http://localhost:4000/JRWA-Archive/objects/thuncher_squamish_chief_2019_bc_hydro_is_proactive_and_adaptive_company_says_of_squamish_operations.pdf",/JRWA-Archive/items/jrwa_docs_powergeneration_bc_hydro_water_use_program_review.html#jrwa_docs_powergeneration_bc_hydro_water_use_program_review_003
"Finding the right balance","","2005-09-14","","Hydroelectric; B.C. Hydro; Water Use Program","","","","","","pdf","pdf","","","","http://localhost:4000/JRWA-Archive/objects/thumbs/water_power_magazine_2005_finding_the_right_balance_th.jpg","http://localhost:4000/JRWA-Archive/objects/water_power_magazine_2005_finding_the_right_balance.pdf",/JRWA-Archive/items/jrwa_docs_powergeneration_bc_hydro_water_use_program_review.html#jrwa_docs_powergeneration_bc_hydro_water_use_program_review_004
"","","","","Hydroelectric; B.C. Hydro; Water Use Program","","","","","","pdf","pdf","","","","http://localhost:4000/JRWA-Archive/objects/thumbs/watershed_watch_2004_preliminary_review_of_fisheries_concervation_gains_withing_bc_hydro's_wup_process_th.jpg","http://localhost:4000/JRWA-Archive/objects/watershed_watch_2004_preliminary_review_of_fisheries_concervation_gains_withing_bc_hydro's_wup_process.pdf",/JRWA-Archive/items/jrwa_docs_powergeneration_bc_hydro_water_use_program_review.html#jrwa_docs_powergeneration_bc_hydro_water_use_program_review_005
"Independent Power Producer(IPP) Projects in British Columbia","West Coast Environmental Law","2009-05","","Hydroelectric; B.C. Hydro; Water Use Program; Climate Change; Independent Power Producers","","","","","","pdf","pdf","","","","http://localhost:4000/JRWA-Archive/objects/thumbs/weatco1_th.jpg","http://localhost:4000/JRWA-Archive/objects/weatco1.pdf",/JRWA-Archive/items/jrwa_docs_powergeneration_bc_hydro_water_use_program_review.html#jrwa_docs_powergeneration_bc_hydro_water_use_program_review_007
"Water for Power, Water for Nature The Story of BC Hydro’s Water Use Planning Program","James Mattison ","2014-10","","Hydroelectric; B.C. Hydro; Water Use Program","","","","","","pdf","pdf","","","","http://localhost:4000/JRWA-Archive/objects/thumbs/wwf_canada_2014_water_forpower_water_for_nature_the_story_of_bc_hydro's_wup_program_th.jpg","http://localhost:4000/JRWA-Archive/objects/wwf_canada_2014_water_forpower_water_for_nature_the_story_of_bc_hydro's_wup_program.pdf",/JRWA-Archive/items/jrwa_docs_powergeneration_bc_hydro_water_use_program_review.html#jrwa_docs_powergeneration_bc_hydro_water_use_program_review_008
"&quot;A clean future powered by &quot;water” – BC Hydro’s new 5-year plan","Anthony Capkun","2022-02-16","","Hydroelectric; B.C. Hydro; Water Use Program; Electrification","","","","","","pdf","pdf","","","","http://localhost:4000/JRWA-Archive/objects/thumbs/capkum_electrical_business_2021_a_clean_future_powered_by_water__bc_hydro%E2%80%99s_new_5year_plan_th.jpg","http://localhost:4000/JRWA-Archive/objects/capkum_electrical_business_2021_a_clean_future_powered_by_water__bc_hydro%E2%80%99s_new_5year_plan.pdf",/JRWA-Archive/items/jrwa_docs_powergeneration_bc_hydro_water_use_program_review.html#jrwa_docs_powergeneration_bc_hydro_water_use_program_review_009
"BC Government and BC Hydro launch Cve-year electrification plan, focused on hydro","Elizabeth Ingram","2021-09-29","","Hydroelectric; B.C. Hydro; Water Use Program; Electrification","","","","","","pdf","pdf","","","","http://localhost:4000/JRWA-Archive/objects/thumbs/ingram1_th.jpg","http://localhost:4000/JRWA-Archive/objects/ingram1.pdf",/JRWA-Archive/items/jrwa_docs_powergeneration_bc_hydro_water_use_program_review.html#jrwa_docs_powergeneration_bc_hydro_water_use_program_review_010
"Running On Empty: Shifting to a Sustainable Energy Plan for BC","Dale Marshall","2004-08","","Hydroelectric; B.C. Hydro; Water Use Program; Energy Plan; Water Use Plan","","","","","","pdf","pdf","","","","http://localhost:4000/JRWA-Archive/objects/thumbs/marshall_2004_runningonemptyshiftingtosustainableenergyplanb.c._th.jpg","http://localhost:4000/JRWA-Archive/objects/marshall_2004_runningonemptyshiftingtosustainableenergyplanb.c..pdf",/JRWA-Archive/items/jrwa_docs_powergeneration_bc_hydro_water_use_program_review.html#jrwa_docs_powergeneration_bc_hydro_water_use_program_review_011
"Sustainable hydropower in the 21st century","Emilio F. Moran et al.","2018-09-25","","Hydroelectric; B.C. Hydro; Ecological Damage; ","","","","","","pdf","pdf","","","","http://localhost:4000/JRWA-Archive/objects/thumbs/moran_2018_pnas_sustainable_hydropower_in_the_21st_century_th.jpg","http://localhost:4000/JRWA-Archive/objects/moran_2018_pnas_sustainable_hydropower_in_the_21st_century.pdf",/JRWA-Archive/items/jrwa_docs_powergeneration_bc_hydro_water_use_program_review.html#jrwa_docs_powergeneration_bc_hydro_water_use_program_review_012
"Continued Monitoring of the Constructed Wetland at Diversion Reservoir, Jordan River Watershed, Southern Vancouver Island","Krysia Tuttle","2013-03-31","","Hydroelectric; B.C. Hydro; Ecology; Watershed; Study; Survey; Wetland; Vegetation; Revegetation; Logging ","","","","","","pdf","pdf","","","","http://localhost:4000/JRWA-Archive/objects/thumbs/tuttle_2013_upper_jordan_river_marsh_study_th.jpg","http://localhost:4000/JRWA-Archive/objects/tuttle_2013_upper_jordan_river_marsh_study.pdf",/JRWA-Archive/items/jrwa_docs_powergeneration_jordan_river_hydro_other_reports_001.html
"JOR Supply of Station Service Transformer","","2024","","Jordan River Hydro Other Reports; Hydroelectric","","","","","","pdf","pdf","","","","http://localhost:4000/JRWA-Archive/objects/thumbs/merx_2024_supply_of_station_service_transformer_th.jpg","http://localhost:4000/JRWA-Archive/objects/merx_2024_supply_of_station_service_transformer.png",/JRWA-Archive/items/jrwa_docs_powergeneration_jordan_river_hydro_other_reports_002.html
"Black Bear Shows Interest in Artificial Dens","Sam Cooper","2014-12-04","","Ecology; Bears; Habitat; Hydroelectric","","","","","","pdf","pdf","","","","http://localhost:4000/JRWA-Archive/objects/thumbs/the_province_2014_11_30_20_black_bears_th.jpg","http://localhost:4000/JRWA-Archive/objects/the_province_2014_11_30_20_black_bears.pdf",/JRWA-Archive/items/jrwa_docs_powergeneration_jordan_river_hydro_other_reports_003.html
"Hydroelectric: Gravel Reports","","","","Hydroelectric; Fish; Salmon","","","","","","record","","","","","http://localhost:4000/JRWA-Archive/objects/thumbs/jones_2015_design_and_work_plans_for_gravel_placement_in_jr_fwcp_proposal_th.jpg","",/JRWA-Archive/items/jrwa_docs_powergeneration_jordan_river_hydro_other_reports_gravell.html
"Design and Work Plans for Gravel Placement in Jordan River","Helen Jones et al.","2015-11-06","","Hydroelectric; Gravel; Project Proposal; Spawning","","","","","","pdf","pdf","","","","http://localhost:4000/JRWA-Archive/objects/thumbs/jones_2015_design_and_work_plans_for_gravel_placement_in_jr_fwcp_proposal_th.jpg","http://localhost:4000/JRWA-Archive/objects/jones_2015_design_and_work_plans_for_gravel_placement_in_jr_fwcp_proposal.pdf",/JRWA-Archive/items/jrwa_docs_powergeneration_jordan_river_hydro_other_reports_gravell.html#jrwa_docs_powergeneration_jordan_river_hydro_other_reports_gravel_001
"Sand and Gravel Management and Fish-Habitat Protection in British Columbia Salmon and Steelhead Streams","Dr. Marvin L. Rosenau","2000","","Hydroelectric; MIning; Floodplain; Sediments; Spawning: Flow Management; Fish; Water Temperature; Bioenergetics; Bed Scouring; Erosion; Food Supply; Gravel; Salmon","","","","","","pdf","pdf","","","","http://localhost:4000/JRWA-Archive/objects/thumbs/rosenau_2000_sand_and_gravel_management_and_rish_habitat_protection_in_bc_th.jpg","http://localhost:4000/JRWA-Archive/objects/rosenau_2000_sand_and_gravel_management_and_rish_habitat_protection_in_bc.pdf",/JRWA-Archive/items/jrwa_docs_powergeneration_jordan_river_hydro_other_reports_gravell.html#jrwa_docs_powergeneration_jordan_river_hydro_other_reports_gravel_002
"Spawning Gravel Placements in Ash and Nanaimo River Watersheds, Vancouver Island","Brad Smith","2004-03","","Hydroelectric;","","","","","","pdf","pdf","","","","http://localhost:4000/JRWA-Archive/objects/thumbs/smith__2004_spawning_gravel_placements_in_ash_and_nanaimo_river_watersheds_th.jpg","http://localhost:4000/JRWA-Archive/objects/smith__2004_spawning_gravel_placements_in_ash_and_nanaimo_river_watersheds.pdf",/JRWA-Archive/items/jrwa_docs_powergeneration_jordan_river_hydro_other_reports_gravell.html#jrwa_docs_powergeneration_jordan_river_hydro_other_reports_gravel_003
"Validation of the Flow Management Pathway: Effects of Altered Flow on Fish Habitat and Fishes Downstream from a Hydropower Dam.","Keith D. Clarke et al.","2008","","Hydroelectric; MIning; Floodplain; Sediments; Spawning: Flow Management; Fish; Water Temperature; Bioenergetics; Bed Scouring; Erosion; Food Supply; Gravel; Salmon","","","","","","pdf","pdf","","","","http://localhost:4000/JRWA-Archive/objects/thumbs/clark_2008_validation_of_the_flow_management_pathway_th.jpg","http://localhost:4000/JRWA-Archive/objects/clark_2008_validation_of_the_flow_management_pathway.pdf",/JRWA-Archive/items/jrwa_docs_powergeneration_jordan_river_hydro_other_reports_gravell.html#jrwa_docs_powergeneration_jordan_river_hydro_other_reports_gravel_004
"Hydroelectric: Hydro Pesticide","","","","Hydroelectric; Herbicide; Hydro Pesticide; 2:4-D; Red Alder; Labor; Workers; Criminal Case; Protest ; Tordon 10K","","","","","","record","","","","","http://localhost:4000/JRWA-Archive/objects/thumbs/tc_1980_hydro_backs_off_on_24d_plans_th.jpg","",/JRWA-Archive/items/jrwa_docs_powergeneration_jordan_river_hydro_other_reports_hydropesticides.html
"Hydro Backs off on 2,4-D Plans","Brenda Dalglish","1980-07-10","","Hydroelectric; 2:4-D; Sooke; Protest; Hydro Pesticide;","","","","","","pdf","pdf","","","","http://localhost:4000/JRWA-Archive/objects/thumbs/tc_1980_hydro_backs_off_on_24d_plans_th.jpg","http://localhost:4000/JRWA-Archive/objects/tc_1980_hydro_backs_off_on_24d_plans.pdf",/JRWA-Archive/items/jrwa_docs_powergeneration_jordan_river_hydro_other_reports_hydropesticides.html#jrwa_docs_powergeneration_jordan_river_hydro_other_reports_hydropesticides_001
"Herbicide Probe Ordered by A-G","","1980-08-03","","Hydroelectric; Herbicide; Hydro Pesticide; 2:4-D; Red Alder","","","","","","pdf","pdf","","","","http://localhost:4000/JRWA-Archive/objects/thumbs/tc_1980_hydro_herbicide_probe_ordered_by_ag_th.jpg","http://localhost:4000/JRWA-Archive/objects/tc_1980_hydro_herbicide_probe_ordered_by_ag.pdf",/JRWA-Archive/items/jrwa_docs_powergeneration_jordan_river_hydro_other_reports_hydropesticides.html#jrwa_docs_powergeneration_jordan_river_hydro_other_reports_hydropesticides_002
"Hydro, Workers Charged","","1980-10-17","","Hydroelectric; Herbicide; Hydro Pesticide; 2:4-D; Red Alder; Labor; Workers; Criminal Case","","","","","","pdf","pdf","","","","http://localhost:4000/JRWA-Archive/objects/thumbs/vs_1980_hydro_workers_charged_th.jpg","http://localhost:4000/JRWA-Archive/objects/vs_1980_hydro_workers_charged.pdf",/JRWA-Archive/items/jrwa_docs_powergeneration_jordan_river_hydro_other_reports_hydropesticides.html#jrwa_docs_powergeneration_jordan_river_hydro_other_reports_hydropesticides_003
"Reseeding Denuded Ground To Perennial Grasses Stabilizes Soil and Provides Forage","J.A. Hall ","1949-03","","Hydroelectric; Forest Economics; Forest Management; Hydro Pesticide","","","","","","pdf","pdf","","","","http://localhost:4000/JRWA-Archive/objects/thumbs/hall_1948_us_department_of_agriculture_forest_service_annual_report_th.jpg","http://localhost:4000/JRWA-Archive/objects/hall_1948_us_department_of_agriculture_forest_service_annual_report.pdf",/JRWA-Archive/items/jrwa_docs_powergeneration_jordan_river_hydro_other_reports_hydropesticides.html#jrwa_docs_powergeneration_jordan_river_hydro_other_reports_hydropesticides_004
"Hydro Staff Queried on Poison Comment","","1979-08-11","","Hydroelectric; Hydro Pesticide; Tordon 10K","","","","","","pdf","pdf","","","","http://localhost:4000/JRWA-Archive/objects/thumbs/tc_1979_bc_hydro_staff_queried_on_poison_control_th.jpg","http://localhost:4000/JRWA-Archive/objects/tc_1979_bc_hydro_staff_queried_on_poison_control.pdf",/JRWA-Archive/items/jrwa_docs_powergeneration_jordan_river_hydro_other_reports_hydropesticides.html#jrwa_docs_powergeneration_jordan_river_hydro_other_reports_hydropesticides_005
"2,4-D draws Sooke Protest","Brenda Dalglish","1980-05-08","","Hydroelectric; 2:4-D; Sooke; Protest; Hydro Pesticide;","","","","","","pdf","pdf","","","","http://localhost:4000/JRWA-Archive/objects/thumbs/tc_1980_hydro_24d_draws_sooke_protest_th.jpg","http://localhost:4000/JRWA-Archive/objects/tc_1980_hydro_24d_draws_sooke_protest.pdf",/JRWA-Archive/items/jrwa_docs_powergeneration_jordan_river_hydro_other_reports_hydropesticides.html#jrwa_docs_powergeneration_jordan_river_hydro_other_reports_hydropesticides_006
"Power Plant Fire","","","","Hydroelectric; Power Plant Fire; Powerhouse","","","","","","record","","","","","http://localhost:4000/JRWA-Archive/objects/thumbs/img_0085_th.jpg","",/JRWA-Archive/items/jrwa_docs_powergeneration_jordan_river_hydro_other_reports_powerplant_fire.html
"Power Plant Fire Damage 001","","","","Hydroelectric; Power Plant Fire","","","","","","image","image/jpeg","","","","http://localhost:4000/JRWA-Archive/objects/thumbs/img_0085_th.jpg","http://localhost:4000/JRWA-Archive/objects/img_0085.jpeg",/JRWA-Archive/items/jrwa_docs_powergeneration_jordan_river_hydro_other_reports_powerplant_fire.html#jrwa_docs_powergeneration_jordan_river_hydro_other_reports_powerplant_fire_001
"Power Plant Fire Damage 002","","","","Hydroelectric; Power Plant Fire","","","","","","image","image/jpeg","","","","http://localhost:4000/JRWA-Archive/objects/thumbs/img_0086_th.jpg","http://localhost:4000/JRWA-Archive/objects/img_0086.jpeg",/JRWA-Archive/items/jrwa_docs_powergeneration_jordan_river_hydro_other_reports_powerplant_fire.html#jrwa_docs_powergeneration_jordan_river_hydro_other_reports_powerplant_fire_002
"Power Plant Fire Damage 003","","","","Hydroelectric; Power Plant Fire","","","","","","image","image/jpeg","","","","http://localhost:4000/JRWA-Archive/objects/thumbs/img_0083_th.jpg","http://localhost:4000/JRWA-Archive/objects/img_0083.jpeg",/JRWA-Archive/items/jrwa_docs_powergeneration_jordan_river_hydro_other_reports_powerplant_fire.html#jrwa_docs_powergeneration_jordan_river_hydro_other_reports_powerplant_fire_003
"Hydroelectric: Project History","","","","","","","","","","record","","","","","http://localhost:4000/JRWA-Archive/objects/thumbs/_stadfield_2002_electric_space_th.jpg","",/JRWA-Archive/items/jrwa_docs_powergeneration_jordanriver_hydro_project_history.html
"Electric Space: Social and Natural Transformations in British Columbia’s Hydroelectric Industry to World War II","Bruce Stadfeld","2002","","Hydroelectric; World War II; Energy Development; Hydroelectric Development; Watershed Alienation; ","","","","","","pdf","pdf","","","","http://localhost:4000/JRWA-Archive/objects/thumbs/_stadfield_2002_electric_space_th.jpg","http://localhost:4000/JRWA-Archive/objects/_stadfield_2002_electric_space.pdf",/JRWA-Archive/items/jrwa_docs_powergeneration_jordanriver_hydro_project_history.html#jrwa_docs_powergeneration_jordanriver_hydro_project_history_001
"BC Hydro Tenth Annual Report ","British Columbia Hydro and Power Authority","1972","","Hydroelectric; Sales; Development; Report; B.C. Hydro","","","","","","pdf","pdf","","","","http://localhost:4000/JRWA-Archive/objects/thumbs/bc_hydro_1972_tenth_annual_report_th.jpg","http://localhost:4000/JRWA-Archive/objects/bc_hydro_1972_tenth_annual_report.pdf",/JRWA-Archive/items/jrwa_docs_powergeneration_jordanriver_hydro_project_history.html#jrwa_docs_powergeneration_jordanriver_hydro_project_history_002
"The British Columbia Mining and Engineering Record","","1911","","Hydroelectric; Mining; Pipeline","","","","","","pdf","pdf","","","","http://localhost:4000/JRWA-Archive/objects/thumbs/bc_mining_and_engineering_record_1911_vi_power_company's_new_power_plant_th.jpg","http://localhost:4000/JRWA-Archive/objects/bc_mining_and_engineering_record_1911_vi_power_company's_new_power_plant.pdf",/JRWA-Archive/items/jrwa_docs_powergeneration_jordanriver_hydro_project_history.html#jrwa_docs_powergeneration_jordanriver_hydro_project_history_003
"British Columbia Hydro and Power Authority ","British Columbia Hydro and Power Authority","2017","","British Columbia Hydro and Power Authority","","","","","","pdf","pdf","","","","http://localhost:4000/JRWA-Archive/objects/thumbs/bchydro_fia_f17_th.jpg","http://localhost:4000/JRWA-Archive/objects/bchydro_fia_f17.pdf",/JRWA-Archive/items/jrwa_docs_powergeneration_jordanriver_hydro_project_history.html#jrwa_docs_powergeneration_jordanriver_hydro_project_history_004
"Conway Quote from a Presidential Address","T.C. Keefer ","1915","","Hydroelectric; Speech","","","","","","pdf","pdf","","","","http://localhost:4000/JRWA-Archive/objects/thumbs/conway_1915_quote_from_presidential_address_p_3_th.jpg","http://localhost:4000/JRWA-Archive/objects/conway_1915_quote_from_presidential_address_p_3.pdf",/JRWA-Archive/items/jrwa_docs_powergeneration_jordanriver_hydro_project_history.html#jrwa_docs_powergeneration_jordanriver_hydro_project_history_005
"Fish versus Power: and Environmental History of the Fraser River ","Matthew D. Evenden","2004","","Hydroelectric; Environmental History; Ecology; Fish; Salmon","","","","","","pdf","pdf","","","","http://localhost:4000/JRWA-Archive/objects/thumbs/evenden_2004_fish_versus_power__an_environmental_history_of_the_fraser_river_th.jpg","http://localhost:4000/JRWA-Archive/objects/evenden_2004_fish_versus_power__an_environmental_history_of_the_fraser_river.pdf",/JRWA-Archive/items/jrwa_docs_powergeneration_jordanriver_hydro_project_history.html#jrwa_docs_powergeneration_jordanriver_hydro_project_history_006
"Deconstructing Hydro: The BC Electricity Sector in this Decade","Mark Jaccard ","","","Hydroelectric; BC Hydro; Management ","","","","","","pdf","pdf","","","","http://localhost:4000/JRWA-Archive/objects/thumbs/jacard_deconstruction_hydro_in_bc_studies_th.jpg","http://localhost:4000/JRWA-Archive/objects/jacard_deconstruction_hydro_in_bc_studies.pdf",/JRWA-Archive/items/jrwa_docs_powergeneration_jordanriver_hydro_project_history.html#jrwa_docs_powergeneration_jordanriver_hydro_project_history_007
"British Columbia Hydro and Power Authority ","Charles A. Lee","1915","","Hydroelectric; BC Hydro; Power Development","","","","","","pdf","pdf","","","","http://localhost:4000/JRWA-Archive/objects/thumbs/lee_1915_jordan_river_power_development_cdn_society_of_civil_engineers_th.jpg","http://localhost:4000/JRWA-Archive/objects/lee_1915_jordan_river_power_development_cdn_society_of_civil_engineers.pdf",/JRWA-Archive/items/jrwa_docs_powergeneration_jordanriver_hydro_project_history.html#jrwa_docs_powergeneration_jordanriver_hydro_project_history_008
"Jordan River Development of the Vancouver Island Power Company, Limited ","","1915","","Hydroelectric; Weather Patterns; Watershed Description","","","","","","pdf","pdf","","","","http://localhost:4000/JRWA-Archive/objects/thumbs/pages_from__conway_1915_doi_water_powers_of_canada_bc__splendid_quote_th.jpg","http://localhost:4000/JRWA-Archive/objects/pages_from__conway_1915_doi_water_powers_of_canada_bc__splendid_quote.pdf",/JRWA-Archive/items/jrwa_docs_powergeneration_jordanriver_hydro_project_history.html#jrwa_docs_powergeneration_jordanriver_hydro_project_history_009
"Section of Jordan River Development ","","","","Hydroelectric; Section; Power House; Dam","","","","","","pdf","pdf","","","","http://localhost:4000/JRWA-Archive/objects/thumbs/rbcm_item_i52911_jr_development_original_plan_map_th.jpg","http://localhost:4000/JRWA-Archive/objects/rbcm_item_i52911_jr_development_original_plan_map.pdf",/JRWA-Archive/items/jrwa_docs_powergeneration_jordanriver_hydro_project_history.html#jrwa_docs_powergeneration_jordanriver_hydro_project_history_010
"2.5 Ton 1928 Plymouth Model TL-2 Locomotive Used on a Narrow- Gauge Railway in the 1940s","","","","Hydroelectric; Railway; Vancouver Island Power Company; Dam","","","","","","pdf","pdf","","","","http://localhost:4000/JRWA-Archive/objects/thumbs/sooke_museum_diversion_dam_jr_railway_th.jpg","http://localhost:4000/JRWA-Archive/objects/sooke_museum_diversion_dam_jr_railway.png",/JRWA-Archive/items/jrwa_docs_powergeneration_jordanriver_hydro_project_history.html#jrwa_docs_powergeneration_jordanriver_hydro_project_history_012
"Water Powers of Canada","G.R.G. Conway","1915","","Hydroelectric; Power Plant; Water Power","","","","","","pdf","pdf","","","","http://localhost:4000/JRWA-Archive/objects/thumbs/_conway_1915_doi_water_powers_of_canada_bc_th.jpg","http://localhost:4000/JRWA-Archive/objects/_conway_1915_doi_water_powers_of_canada_bc.pdf",/JRWA-Archive/items/jrwa_docs_powergeneration_jordanriver_hydro_project_history.html#jrwa_docs_powergeneration_jordanriver_hydro_project_history_013
"BC Hydro: Puntledge River","","","","Hydroelectric; Puntledge River; BC Hydro; Habitat Restoration","","","","","","record","","","","","http://localhost:4000/JRWA-Archive/objects/thumbs/_th.jpg","",/JRWA-Archive/items/jrwa_docs_powergeneration_jordanriver_hydro_project_puntledge.html
"Spawning Gravel Placements in Ash and Nanaimo River Watersheds, Vancouver Island (2003)","Brad Smith","2004-03","","Hydroelectric; Puntledge River; BC Hydro; Habitat Restoration","","","","","","pdf","pdf","","","","http://localhost:4000/JRWA-Archive/objects/thumbs/spawni1_th.jpg","http://localhost:4000/JRWA-Archive/objects/spawni1.pdf",/JRWA-Archive/items/jrwa_docs_powergeneration_jordanriver_hydro_project_puntledge.html#jrwa_docs_powergeneration_jordanriver_hydro_project_puntledge_003
"Puntledge River Spawning Habitat Restoration","E. Guimond and R. Norgan","2003-12","","Hydroelectric; Puntledge River; BC Hydro","","","","","","pdf","pdf","","","","http://localhost:4000/JRWA-Archive/objects/thumbs/02pu71_hab_rest_1389198175712_9186219228_th.jpg","http://localhost:4000/JRWA-Archive/objects/02pu71_hab_rest_1389198175712_9186219228.pdf",/JRWA-Archive/items/jrwa_docs_powergeneration_jordanriver_hydro_project_puntledge.html#jrwa_docs_powergeneration_jordanriver_hydro_project_puntledge_004
"Puntledge River Habitat Restoration","E. Guimond","2004-03","","Hydroelectric; Puntledge River; BC Hydro; Habitat Restoration","","","","","","pdf","pdf","","","","http://localhost:4000/JRWA-Archive/objects/thumbs/03pu02_hab_rest_1389199209847_9186219228_th.jpg","http://localhost:4000/JRWA-Archive/objects/03pu02_hab_rest_1389199209847_9186219228.pdf",/JRWA-Archive/items/jrwa_docs_powergeneration_jordanriver_hydro_project_puntledge.html#jrwa_docs_powergeneration_jordanriver_hydro_project_puntledge_005
"Puntledge River (Reach C) Spawning Gravel Placements for Fish Habitat Restoration,","Scott Silvestri","2006","","Hydroelectric; Puntledge River; BC Hydro; Salmon; Gravel; Spawning","","","","","","pdf","pdf","","","","http://localhost:4000/JRWA-Archive/objects/thumbs/06pun01_gravel_1389624587961_9620131597_th.jpg","http://localhost:4000/JRWA-Archive/objects/06pun01_gravel_1389624587961_9620131597.pdf",/JRWA-Archive/items/jrwa_docs_powergeneration_jordanriver_hydro_project_puntledge.html#jrwa_docs_powergeneration_jordanriver_hydro_project_puntledge_006
"Puntledge River Project Water Use Plan","Eric Weiss","2004-12-01","","Hydroelectric; Puntledge River; BC Hydro; Water Use Plan","","","","","","pdf","pdf","","","","http://localhost:4000/JRWA-Archive/objects/thumbs/bc_hydro_2004_wup_puntledge_river_th.jpg","http://localhost:4000/JRWA-Archive/objects/bc_hydro_2004_wup_puntledge_river.pdf",/JRWA-Archive/items/jrwa_docs_powergeneration_jordanriver_hydro_project_puntledge.html#jrwa_docs_powergeneration_jordanriver_hydro_project_puntledge_007
"BC Hydro To Increase Puntledge River Flows To Help With Fish Migration","Jay Herrington","2024-06-18","","Hydroelectric; Puntledge River; BC Hydro; Fish Migration; Water Levels","","","","","","pdf","pdf","","","","http://localhost:4000/JRWA-Archive/objects/thumbs/bc_hydro_to_increase_puntledge_river_flows_to_help_with_fish_migration___the_raven_1007_th.jpg","http://localhost:4000/JRWA-Archive/objects/bc_hydro_to_increase_puntledge_river_flows_to_help_with_fish_migration___the_raven_1007.pdf",/JRWA-Archive/items/jrwa_docs_powergeneration_jordanriver_hydro_project_puntledge.html#jrwa_docs_powergeneration_jordanriver_hydro_project_puntledge_008
"PROGRESS REPORT ON THE PUNTLEDGE RIVER PROGRAM 1971-1972","D.E. Marshall","1973","","Hydroelectric; Puntledge River; BC Hydro; Fisheries","","","","","","pdf","pdf","","","","http://localhost:4000/JRWA-Archive/objects/thumbs/marshall_1973_progress_report_on_the_puntledge_river_program_th.jpg","http://localhost:4000/JRWA-Archive/objects/marshall_1973_progress_report_on_the_puntledge_river_program.pdf",/JRWA-Archive/items/jrwa_docs_powergeneration_jordanriver_hydro_project_puntledge.html#jrwa_docs_powergeneration_jordanriver_hydro_project_puntledge_009
"Puntledge River (Reach C) Spawning Gravel Placements for Fish
Habitat Restoration,","Scott Silvestri","2005","","Hydroelectric; Puntledge River; BC Hydro; Salmon; Gravel; Spawning","","","","","","pdf","pdf","","","","http://localhost:4000/JRWA-Archive/objects/thumbs/puntle_1_th.jpg","http://localhost:4000/JRWA-Archive/objects/puntle_1.pdf",/JRWA-Archive/items/jrwa_docs_powergeneration_jordanriver_hydro_project_puntledge.html#jrwa_docs_powergeneration_jordanriver_hydro_project_puntledge_010
"Puntledge Water Use Plan Physical Works Terms of Reference","","2018-10-05","","Hydroelectric; Puntledge River; BC Hydro; Salmon; Gravel; Spawning","","","","","","pdf","pdf","","","","http://localhost:4000/JRWA-Archive/objects/thumbs/punworks_1_tor_2018_10_05_th.jpg","http://localhost:4000/JRWA-Archive/objects/punworks_1_tor_2018_10_05.pdf",/JRWA-Archive/items/jrwa_docs_powergeneration_jordanriver_hydro_project_puntledge.html#jrwa_docs_powergeneration_jordanriver_hydro_project_puntledge_011
"Water Use Plan: Salmon Habitat","","","","","","","","","","record","","","","","http://localhost:4000/JRWA-Archive/objects/thumbs/lgl_ltd_2013_continued_monitoring_of_the_constructed_wetland_at_diversion_reservoir_12wjor01_th.jpg","",/JRWA-Archive/items/jrwa_docs_powergeneration_jordanriver_hydro_project_jordan_river_salmon.html
"Continued Monitoring of the Constructed Wetland at Diversion Reservoir, Jordan River Watershed, Southern Vancouver Island ","Krysia Tuttle","2013-03-31","","Hydroelectric; Fish Study; Habitat; Ecology; Salmon","","","","","","pdf","pdf","","","","http://localhost:4000/JRWA-Archive/objects/thumbs/lgl_ltd_2013_continued_monitoring_of_the_constructed_wetland_at_diversion_reservoir_12wjor01_th.jpg","http://localhost:4000/JRWA-Archive/objects/lgl_ltd_2013_continued_monitoring_of_the_constructed_wetland_at_diversion_reservoir_12wjor01.pdf.pdf",/JRWA-Archive/items/jrwa_docs_powergeneration_jordanriver_hydro_project_jordan_river_salmon.html#jrwa_docs_powergeneration_jordanriver_hydro_project_jordan_river_wup_research_001
"Jordan River Pink Salmon Incubation Study","M.C. Wright and Esther Guimond","2003-03-31","","Hydroelectric; Fish Study; Habitat; Ecology; Salmon; Metal Testing; Water Testing","","","","","","pdf","pdf","","","","http://localhost:4000/JRWA-Archive/objects/thumbs/wright_2003_jr_pink_salmon_incubation_study_th.jpg","http://localhost:4000/JRWA-Archive/objects/wright_2003_jr_pink_salmon_incubation_study.pdf.pdf",/JRWA-Archive/items/jrwa_docs_powergeneration_jordanriver_hydro_project_jordan_river_salmon.html#jrwa_docs_powergeneration_jordanriver_hydro_project_jordan_river_wup_research_002
"Jordan River Water Use Plan: Lower Jordan River Fish Index Study","D.W. Burt","2007-09","","Hydroelectric; Fish Study; Habitat; Ecology; Salmon","","","","","","pdf","pdf","","","","http://localhost:4000/JRWA-Archive/objects/thumbs/burt_2008_lower_jordan_river_fish_index_study_year_3_results_jormon_2_th.jpg","http://localhost:4000/JRWA-Archive/objects/burt_2008_lower_jordan_river_fish_index_study_year_3_results_jormon_2.pdf.pdf",/JRWA-Archive/items/jrwa_docs_powergeneration_jordanriver_hydro_project_jordan_river_salmon.html#jrwa_docs_powergeneration_jordanriver_hydro_project_jordan_river_wup_research_003
"Summary of Water Quality and Biological Data for Anadromous Reaches of the Jordan River","D.W. Burt","2012-10-09","","Hydroelectric; BC Hydro; Forestry; Water Quality; Fish: Salmon","","","","","","pdf","pdf","","","","http://localhost:4000/JRWA-Archive/objects/thumbs/burt_2012_summary_of_water_quality_and_biological_data_for_anadromous_reaches_of_the_jordan_river_th.jpg","http://localhost:4000/JRWA-Archive/objects/burt_2012_summary_of_water_quality_and_biological_data_for_anadromous_reaches_of_the_jordan_river.pdf.pdf",/JRWA-Archive/items/jrwa_docs_powergeneration_jordanriver_hydro_project_jordan_river_salmon.html#jrwa_docs_powergeneration_jordanriver_hydro_project_jordan_river_wup_research_004
"Assessment of Gravel Quantity/Quality/Stability and Stranding Risk In Reach 1 of The Jordan River","D.W. Burt","2014-05-13","","Hydroelectric; BC Hydro; Gravel; Salmon; Salmon","","","","","","pdf","pdf","","","","http://localhost:4000/JRWA-Archive/objects/thumbs/burt_2014_assessment_of_gravel_quantity,_project_13_jor_02_th.jpg","http://localhost:4000/JRWA-Archive/objects/burt_2014_assessment_of_gravel_quantity,_project_13_jor_02.pdf.pdf",/JRWA-Archive/items/jrwa_docs_powergeneration_jordanriver_hydro_project_jordan_river_salmon.html#jrwa_docs_powergeneration_jordanriver_hydro_project_jordan_river_wup_research_005
"Feasibility for Side Channel Development On the East Side of Reach 1 of the Jordan River","D.W. Burt","2014-04-09","","Hydroelectric; BC Hydro; Side Channel; Water Use Plan; Salmon","","","","","","pdf","pdf","","","","http://localhost:4000/JRWA-Archive/objects/thumbs/burt_2014_feasibility_for_side_channel_development_3_jor_01_th.jpg","http://localhost:4000/JRWA-Archive/objects/burt_2014_feasibility_for_side_channel_development_3_jor_01.pdf.pdf",/JRWA-Archive/items/jrwa_docs_powergeneration_jordanriver_hydro_project_jordan_river_salmon.html#jrwa_docs_powergeneration_jordanriver_hydro_project_jordan_river_wup_research_006
"Jordan River Water Use Plan Synthesis of Monitoring Programs Conducted from 2005 to 2011","D.W. Burt","2017-10-13","","Hydroelectric; BC Hydro; Monitoring; Water Use Plan; Salmon","","","","","","pdf","pdf","","","","http://localhost:4000/JRWA-Archive/objects/thumbs/burt_2017_jordan_river_environmental_synthesis_report_th.jpg","http://localhost:4000/JRWA-Archive/objects/burt_2017_jordan_river_environmental_synthesis_report.pdf.pdf",/JRWA-Archive/items/jrwa_docs_powergeneration_jordanriver_hydro_project_jordan_river_salmon.html#jrwa_docs_powergeneration_jordanriver_hydro_project_jordan_river_wup_research_007
"Salmon Abundance Chart","D.W. Burt","2017-10-14","","Hydroelectric; BC Hydro; Salmon; Water Use Plan; ","","","","","","pdf","pdf","","","","http://localhost:4000/JRWA-Archive/objects/thumbs/burt_2017_jordan_river_environmental_synthesis_report_figure_3_salmon_abundance_chart_th.jpg","http://localhost:4000/JRWA-Archive/objects/burt_2017_jordan_river_environmental_synthesis_report_figure_3_salmon_abundance_chart.pdf.pdf",/JRWA-Archive/items/jrwa_docs_powergeneration_jordanriver_hydro_project_jordan_river_salmon.html#jrwa_docs_powergeneration_jordanriver_hydro_project_jordan_river_wup_research_008
"A Restoration Plan for Fish and Fish Habitat Within Anadromous Reaches of the Jordan River","D.W. Burt and G. Hill","2006-05-05","","Hydroelectric; BC Hydro; Salmon; Water Use Plan; Spawning","","","","","","pdf","pdf","","","","http://localhost:4000/JRWA-Archive/objects/thumbs/burt_and_hill_2015_a_restoration_plan_14jor01_th.jpg","http://localhost:4000/JRWA-Archive/objects/burt_and_hill_2015_a_restoration_plan_14jor01.pdf.pdf",/JRWA-Archive/items/jrwa_docs_powergeneration_jordanriver_hydro_project_jordan_river_salmon.html#jrwa_docs_powergeneration_jordanriver_hydro_project_jordan_river_wup_research_009
"Lower Jordan River Salmon Spawning Assessment and Enumeration","","","","Hydroelectric; BC Hydro; Salmon; Water Use Plan; ","","","","","","pdf","pdf","","","","http://localhost:4000/JRWA-Archive/objects/thumbs/cascadia_2006_lower_jordan_river_salmon_spawning_assessment_and_enumeration_jormon_3_th.jpg","http://localhost:4000/JRWA-Archive/objects/cascadia_2006_lower_jordan_river_salmon_spawning_assessment_and_enumeration_jormon_3.pdf.pdf",/JRWA-Archive/items/jrwa_docs_powergeneration_jordanriver_hydro_project_jordan_river_salmon.html#jrwa_docs_powergeneration_jordanriver_hydro_project_jordan_river_wup_research_010
"Jordan River Project Water Use Plan","","2010-02","","Hydroelectric; BC Hydro; Salmon; Water Use Plan; ","","","","","","pdf","pdf","","","","http://localhost:4000/JRWA-Archive/objects/thumbs/cascadia_2010_jordan_salmon_spawning_assessment_jormon_3_yr4_2010_02_01_th.jpg","http://localhost:4000/JRWA-Archive/objects/cascadia_2010_jordan_salmon_spawning_assessment_jormon_3_yr4_2010_02_01.pdf.pdf",/JRWA-Archive/items/jrwa_docs_powergeneration_jordanriver_hydro_project_jordan_river_salmon.html#jrwa_docs_powergeneration_jordanriver_hydro_project_jordan_river_wup_research_011
"Jordan River Pink Salmon Transplant Feasibility Study","E. Guimond","2005-07","","Hydroelectric; BC Hydro; Salmon; Water Use Plan; ","","","","","","pdf","pdf","","","","http://localhost:4000/JRWA-Archive/objects/thumbs/guimond_2005_jr_pink_salmon_transplant_study_04jo01_th.jpg","http://localhost:4000/JRWA-Archive/objects/guimond_2005_jr_pink_salmon_transplant_study_04jo01.pdf.pdf",/JRWA-Archive/items/jrwa_docs_powergeneration_jordanriver_hydro_project_jordan_river_salmon.html#jrwa_docs_powergeneration_jordanriver_hydro_project_jordan_river_wup_research_012
"Design and Work Plans for Gravel Placement in Jordan River Reach 1","David Burt, Helen Jones, Graham Hill","2015-11-06","","Hydroelectric; BC Hydro; Salmon; Water Use Plan; ","","","","","","pdf","pdf","","","","http://localhost:4000/JRWA-Archive/objects/thumbs/jones_2015_design_and_work_plans_for_gravel_placement_in_jr_fwcp_proposal_th.jpg","http://localhost:4000/JRWA-Archive/objects/jones_2015_design_and_work_plans_for_gravel_placement_in_jr_fwcp_proposal.pdf.pdf",/JRWA-Archive/items/jrwa_docs_powergeneration_jordanriver_hydro_project_jordan_river_salmon.html#jrwa_docs_powergeneration_jordanriver_hydro_project_jordan_river_wup_research_013
"Integrated Wildlife Habitat Restoration Plan for the Jordan River Watershed, Southern Vancouver Island, British Columbia","D.W. Burt","2007-08","","Hydroelectric; BC Hydro; Salmon; Water Use Plan; ","","","","","","pdf","pdf","","","","http://localhost:4000/JRWA-Archive/objects/thumbs/lgl_ltd_2007_integrated_wildlife_habitat_restoration_plan_project_06_w_jor_01_th.jpg","http://localhost:4000/JRWA-Archive/objects/lgl_ltd_2007_integrated_wildlife_habitat_restoration_plan_project_06_w_jor_01.pdf.pdf",/JRWA-Archive/items/jrwa_docs_powergeneration_jordanriver_hydro_project_jordan_river_salmon.html#jrwa_docs_powergeneration_jordanriver_hydro_project_jordan_river_wup_research_014
"Water Use Plan: Surfing","","","","","","","","","","record","","","","","http://localhost:4000/JRWA-Archive/objects/thumbs/bchydr_2_th.jpg","",/JRWA-Archive/items/jrwa_docs_powergeneration_jordanriver_hydro_project_jordan_river_surfing.html
"Monitoring Surfing Quality below the Jordan River Generating Station (Year 2)","","2007-12","","Hydroelectric; BC Hydro; Surfing; Water Use Plan; ","","","","","","pdf","pdf","","","","http://localhost:4000/JRWA-Archive/objects/thumbs/bchydr_2_th.jpg","http://localhost:4000/JRWA-Archive/objects/bchydr_2",/JRWA-Archive/items/jrwa_docs_powergeneration_jordanriver_hydro_project_jordan_river_surfing.html#jrwa_docs_powergeneration_jordanriver_hydro_project_jordan_river_surfing_001
"Monitoring Surfing Quality Below the Jordan River Generating Station","","2004-12","","Hydroelectric; BC Hydro; Surfing; Water Use Plan; ","","","","","","pdf","pdf","","","","http://localhost:4000/JRWA-Archive/objects/thumbs/bchydr_1_th.jpg","http://localhost:4000/JRWA-Archive/objects/bchydr_1",/JRWA-Archive/items/jrwa_docs_powergeneration_jordanriver_hydro_project_jordan_river_surfing.html#jrwa_docs_powergeneration_jordanriver_hydro_project_jordan_river_surfing_002
"Fish and Wildlife Compensation Program","","","","","","","","","","record","","","","","http://localhost:4000/JRWA-Archive/objects/thumbs/fwcp_2011_jordan_river_watershed_plan_final_draft_th.jpg","",/JRWA-Archive/items/jrwa_docs_powergeneration_jordanriver_hydro_project_jordan_river_fwcp.html
"Jordan Watershed: Watershed Plan","","2011-10","","Hydroelectric; Watershed; Ecology; Conservation; Fauna: Salmon ; Habitat; Water Birds; Bats; Plants","","","","","","pdf","pdf","","","","http://localhost:4000/JRWA-Archive/objects/thumbs/fwcp_2011_jordan_river_watershed_plan_final_draft_th.jpg","http://localhost:4000/JRWA-Archive/objects/fwcp_2011_jordan_river_watershed_plan_final_draft",/JRWA-Archive/items/jrwa_docs_powergeneration_jordanriver_hydro_project_jordan_river_fwcp.html#jrwa_docs_powergeneration_jordanriver_hydro_project_jordan_river_fwcp_001
"Jordan River Watershed Action Plan","","2017-09-28","","Hydroelectric; Watershed; Ecology; Conservation; Fauna: Salmon ; Habitat; Water Birds; Bats; Plants; Reservoir; River; Lakes; Riparian Areas","","","","","","pdf","pdf","","","","http://localhost:4000/JRWA-Archive/objects/thumbs/fwcp_2017_jordan_river_watershed_action_plan_final_draft_th.jpg","http://localhost:4000/JRWA-Archive/objects/fwcp_2017_jordan_river_watershed_action_plan_final_draft",/JRWA-Archive/items/jrwa_docs_powergeneration_jordanriver_hydro_project_jordan_river_fwcp.html#jrwa_docs_powergeneration_jordanriver_hydro_project_jordan_river_fwcp_002
"Jordan River Watershed Action Plan: Administrative Update","","2020-07-21","","Hydroelectric; Watershed; Ecology; Conservation; Fauna: Salmon ; Habitat; Water Birds; Bats; Plants; Reservoir; River; Lakes; Riparian Areas","","","","","","pdf","pdf","","","","http://localhost:4000/JRWA-Archive/objects/thumbs/fwcp_2020_jordan_river_watershed_action_plan_final_report_th.jpg","http://localhost:4000/JRWA-Archive/objects/fwcp_2020_jordan_river_watershed_action_plan_final_report",/JRWA-Archive/items/jrwa_docs_powergeneration_jordanriver_hydro_project_jordan_river_fwcp.html#jrwa_docs_powergeneration_jordanriver_hydro_project_jordan_river_fwcp_003
"Water Use Plan","","","","","","","","","","record","","","","","http://localhost:4000/JRWA-Archive/objects/thumbs/bc_hydro_2002_jr_wup_consultiatve_committee_report_th.jpg","",/JRWA-Archive/items/jrwa_docs_powergeneration_jordanriver_hydro_project_jordan_river_wup.html
"Jordan River Water Use Plan: Consultative Committee Report","","2002-02","","Hydroelectric; Water Use Plan; Surfing; Salmon; Habitat; Recreation","","","","","","pdf","pdf","","","","http://localhost:4000/JRWA-Archive/objects/thumbs/bc_hydro_2002_jr_wup_consultiatve_committee_report_th.jpg","http://localhost:4000/JRWA-Archive/objects/bc_hydro_2002_jr_wup_consultiatve_committee_report",/JRWA-Archive/items/jrwa_docs_powergeneration_jordanriver_hydro_project_jordan_river_wup.html#jrwa_docs_powergeneration_jordanriver_hydro_project_jordan_river_wup_001
"Jordan River Water Use Plan B","","2003-04-30","","Hydroelectric; Water Use Plan; Surfing; Salmon; Habitat; Recreation","","","","","","pdf","pdf","","","","http://localhost:4000/JRWA-Archive/objects/thumbs/bc_hydro_2003_jordan_river_water_use_plan_th.jpg","http://localhost:4000/JRWA-Archive/objects/bc_hydro_2003_jordan_river_water_use_plan",/JRWA-Archive/items/jrwa_docs_powergeneration_jordanriver_hydro_project_jordan_river_wup.html#jrwa_docs_powergeneration_jordanriver_hydro_project_jordan_river_wup_002
"Jordan River Water Use Plan: Monitoring Programs and Physical Works Annual Report: 2008","","2008-12","","Hydroelectric; Water Use Plan; Spawning; Salmon; Habitat; Inflow Monitoring; Fish Index","","","","","","pdf","pdf","","","","http://localhost:4000/JRWA-Archive/objects/thumbs/bc_hydro_2008_jr_wup_monitoring_and_physical_works_annual_report_th.jpg","http://localhost:4000/JRWA-Archive/objects/bc_hydro_2008_jr_wup_monitoring_and_physical_works_annual_report",/JRWA-Archive/items/jrwa_docs_powergeneration_jordanriver_hydro_project_jordan_river_wup.html#jrwa_docs_powergeneration_jordanriver_hydro_project_jordan_river_wup_003
"Water Use Plan Orders Review Program","","2014","","Hydroelectric; Water Use Plan;","","","","","","pdf","pdf","","","","http://localhost:4000/JRWA-Archive/objects/thumbs/bc_hydro_2014_wup_review_program_information_sheet_th.jpg","http://localhost:4000/JRWA-Archive/objects/bc_hydro_2014_wup_review_program_information_sheet",/JRWA-Archive/items/jrwa_docs_powergeneration_jordanriver_hydro_project_jordan_river_wup.html#jrwa_docs_powergeneration_jordanriver_hydro_project_jordan_river_wup_004
"Water Use Plan Order Review Planning &amp; Licensing","Doug Johnson","2018-05-18","","Hydroelectric; Water Use Plan;","","","","","","pdf","pdf","","","","http://localhost:4000/JRWA-Archive/objects/thumbs/bc_hydro_2018_jr_wup_plan_order_review_letter_th.jpg","http://localhost:4000/JRWA-Archive/objects/bc_hydro_2018_jr_wup_plan_order_review_letter",/JRWA-Archive/items/jrwa_docs_powergeneration_jordanriver_hydro_project_jordan_river_wup.html#jrwa_docs_powergeneration_jordanriver_hydro_project_jordan_river_wup_005
"Jordan River water use plan order review report","","2019-01","","Hydroelectric; Water Use Plan; Surfing; Salmon; Habitat; Recreation","","","","","","pdf","pdf","","","","http://localhost:4000/JRWA-Archive/objects/thumbs/bc_hydro_2019_jr_wup_order_review_report_wupor_th.jpg","http://localhost:4000/JRWA-Archive/objects/bc_hydro_2019_jr_wup_order_review_report_wupor",/JRWA-Archive/items/jrwa_docs_powergeneration_jordanriver_hydro_project_jordan_river_wup.html#jrwa_docs_powergeneration_jordanriver_hydro_project_jordan_river_wup_006
"Consultative Committee Report: Review Period","","","","Hydroelectric; Water Use Plan; Mine Remediation; Fish Repopulation","","","","","","pdf","pdf","","","","http://localhost:4000/JRWA-Archive/objects/thumbs/consultative_committee_report_page_10_1__review_period_th.jpg","http://localhost:4000/JRWA-Archive/objects/consultative_committee_report_page_10_1__review_period",/JRWA-Archive/items/jrwa_docs_powergeneration_jordanriver_hydro_project_jordan_river_wup.html#jrwa_docs_powergeneration_jordanriver_hydro_project_jordan_river_wup_007
"Province of British Columbia Water Act ","Glen Davidson","2004-06-23","","Hydroelectric; Water Use Plan; ","","","","","","pdf","pdf","","","","http://localhost:4000/JRWA-Archive/objects/thumbs/dcwr_2004_bc_water_act_order_jordan_river_wup_acceptance_letter_th.jpg","http://localhost:4000/JRWA-Archive/objects/dcwr_2004_bc_water_act_order_jordan_river_wup_acceptance_letter",/JRWA-Archive/items/jrwa_docs_powergeneration_jordanriver_hydro_project_jordan_river_wup.html#jrwa_docs_powergeneration_jordanriver_hydro_project_jordan_river_wup_008
"Draft: Jordan River water use plan order review report","","","","Hydroelectric; Water Use Plan;","","","","","","pdf","pdf","","","","http://localhost:4000/JRWA-Archive/objects/thumbs/jordan_river_wupor_report_th.jpg","http://localhost:4000/JRWA-Archive/objects/jordan_river_wupor_report",/JRWA-Archive/items/jrwa_docs_powergeneration_jordanriver_hydro_project_jordan_river_wup.html#jrwa_docs_powergeneration_jordanriver_hydro_project_jordan_river_wup_009
"Jordan River Historical Salmonid Survey","","2001-01","","Hydroelectric; Water Use Plan; Salmon; Salmonids; Forestry; Mining; Fisheries; Logging","","","","","","pdf","pdf","","","","http://localhost:4000/JRWA-Archive/objects/thumbs/rrl200_1_th.jpg","http://localhost:4000/JRWA-Archive/objects/rrl200_1",/JRWA-Archive/items/jrwa_docs_powergeneration_jordanriver_hydro_project_jordan_river_wup.html#jrwa_docs_powergeneration_jordanriver_hydro_project_jordan_river_wup_012
"Appendix D: Committee Members and Observers ","","2002","","Hydroelectric; Water Use Plan; ","","","","","","pdf","pdf","","","","http://localhost:4000/JRWA-Archive/objects/thumbs/bc_hydro_2002_jr_wup_consultative_committee_report_appendix_d_committee_members_th.jpg","http://localhost:4000/JRWA-Archive/objects/bc_hydro_2002_jr_wup_consultative_committee_report_appendix_d_committee_members",/JRWA-Archive/items/jrwa_docs_powergeneration_jordanriver_hydro_project_jordan_river_wup.html#jrwa_docs_powergeneration_jordanriver_hydro_project_jordan_river_wup_015
"Consultative Committee Report: EXECUTIVE SUMMARY","","2002","","Hydroelectric; Water Use Plan; Surfing; Salmon; Habitat; Recreation","","","","","","pdf","pdf","","","","http://localhost:4000/JRWA-Archive/objects/thumbs/bc_hydro_2002_jr_wup_consultative_committee_report_executive_summary_th.jpg","http://localhost:4000/JRWA-Archive/objects/bc_hydro_2002_jr_wup_consultative_committee_report_executive_summary",/JRWA-Archive/items/jrwa_docs_powergeneration_jordanriver_hydro_project_jordan_river_wup.html#jrwa_docs_powergeneration_jordanriver_hydro_project_jordan_river_wup_016
"List and Location of BC Hydro Dams","","","","Hydroelectric; BC Hydro; Dams","","","","","","record","","","","","http://localhost:4000/JRWA-Archive/objects/thumbs/%20list_and_location_of_bc_hydro_dams_th.jpg","http://localhost:4000/JRWA-Archive/objects/%20list_and_location_of_bc_hydro_dams",/JRWA-Archive/items/jrwa_docs_powergeneration_jordanriver_hydro_project_jordan_river.html
"Sunro Mine: Claim and Crown Grant Maps","","","","Mining; Land Grant; Mineral Claim; Sunro; Sunloch; Gabbro; Map; Mineral Claims Map","","","","","","record","","","","","http://localhost:4000/JRWA-Archive/objects/thumbs/original_mineral_act_sunro_mine_th.jpg","",/JRWA-Archive/items/sunromine_claim_and_crown_grant_maps.html
"Original Mineral Act","Deputy Provincial Secretary","","","Mining; Land Grant; Mineral Claim; Sunro; Sunloch","","","","","","pdf","pdf","","","","http://localhost:4000/JRWA-Archive/objects/thumbs/original_mineral_act_sunro_mine_th.jpg","http://localhost:4000/JRWA-Archive/objects/original_mineral_act_sunro_mine.pdf",/JRWA-Archive/items/sunromine_claim_and_crown_grant_maps.html#jrwa_docs_mining_and_exploration_sunromine_claim_and_crown_grant maps_001
"Spreadsheet sunro crown grants","","","","Mining; Land Grant; Mineral Claim; Sunro; Sunloch; Gabbro","","","","","","pdf","pdf","","","","http://localhost:4000/JRWA-Archive/objects/thumbs/sunro_crown_grants_th.jpg","http://localhost:4000/JRWA-Archive/objects/sunro_crown_grants.xlsx",/JRWA-Archive/items/sunromine_claim_and_crown_grant_maps.html#jrwa_docs_mining_and_exploration_sunromine_claim_and_crown_grant maps_002
"Crown Granted 2 Post Mineral Claim Notices","","","","Mining; Land Grant; Mineral Claim","","","","","","image","image/png","","","","http://localhost:4000/JRWA-Archive/objects/thumbs/crown_grant_info_th.jpg","http://localhost:4000/JRWA-Archive/objects/crown_grant_info.png",/JRWA-Archive/items/sunromine_claim_and_crown_grant_maps.html#jrwa_docs_mining_and_exploration_sunromine_claim_and_crown_grant maps_003
"CROWN LAND GRANTS: A HISTORY OF THE ESQUIMALT AND NANAIMO RAILWAY LAND GRANTS, THE RAILWAY BELT AND THE PEACE RIVER BLOCK","W. A. Taylor.","1975","","Mining; Mining Law; Railroad Land Grants; British Columbia; ","","","","","","pdf","pdf","","","","http://localhost:4000/JRWA-Archive/objects/thumbs/crown_land_grants_a_history_of_the_e_and_n_th.jpg","http://localhost:4000/JRWA-Archive/objects/crown_land_grants_a_history_of_the_e_and_n.pdf",/JRWA-Archive/items/sunromine_claim_and_crown_grant_maps.html#jrwa_docs_mining_and_exploration_sunromine_claim_and_crown_grant maps_004
"Geological Map of the Jordan River Area","E.E. Erich and Roland Blanchard","1921-04-01","","Mining; Mining Map; Old Map; Geology; Geology Map ","","","","","","pdf","pdf","","","","http://localhost:4000/JRWA-Archive/objects/thumbs/geology_map_1921_fileid_15088_th.jpg","http://localhost:4000/JRWA-Archive/objects/geology_map_1921_fileid_15088.pdf",/JRWA-Archive/items/sunromine_claim_and_crown_grant_maps.html#jrwa_docs_mining_and_exploration_sunromine_claim_and_crown_grant maps_005
"JR Crown Grants","","","","Mining; Land Grant; Mineral Claim","","","","","","pdf","pdf","","","","http://localhost:4000/JRWA-Archive/objects/thumbs/jr_crown_grants_default_landscape___17x22_th.jpg","http://localhost:4000/JRWA-Archive/objects/jr_crown_grants_default_landscape___17x22.pdf",/JRWA-Archive/items/sunromine_claim_and_crown_grant_maps.html#jrwa_docs_mining_and_exploration_sunromine_claim_and_crown_grant maps_006
"Mineral Claims on Jordan River","","1920","","Mining; Land Grant; Mineral Claim; Sunro; Sunloch; Gabbro; Map; Mineral Claims Map","","","","","","pdf","pdf","","","","http://localhost:4000/JRWA-Archive/objects/thumbs/mineral_claim_map_1920_fileid_15106_th.jpg","http://localhost:4000/JRWA-Archive/objects/mineral_claim_map_1920_fileid_15106.pdf",/JRWA-Archive/items/sunromine_claim_and_crown_grant_maps.html#jrwa_docs_mining_and_exploration_sunromine_claim_and_crown_grant maps_007
"Index Map of Gabbro Mines Ltd. ","M. M Menzies","1955","","Mining; Land Grant; Mineral Claim; Sunro; Sunloch; Gabbro; Map; Mineral Claims Map","","","","","","pdf","pdf","","","","http://localhost:4000/JRWA-Archive/objects/thumbs/mineral_claim_map_1955_fileid_15109_th.jpg","http://localhost:4000/JRWA-Archive/objects/mineral_claim_map_1955_fileid_15109.pdf",/JRWA-Archive/items/sunromine_claim_and_crown_grant_maps.html#jrwa_docs_mining_and_exploration_sunromine_claim_and_crown_grant maps_008
"Mineral Claims on Jordan River: Renfrew District B.C. ","F.C. Green ","","","Mining; Land Grant; Mineral Claim; Sunro; Sunloch; Gabbro; Map; Mineral Claims Map","","","","","","pdf","pdf","","","","http://localhost:4000/JRWA-Archive/objects/thumbs/mineral_claims_fileid_15084_th.jpg","http://localhost:4000/JRWA-Archive/objects/mineral_claims_fileid_15084.pdf",/JRWA-Archive/items/sunromine_claim_and_crown_grant_maps.html#jrwa_docs_mining_and_exploration_sunromine_claim_and_crown_grant maps_009
"Mineral Claims on Jordan River: Renfrew District B.C. ","F.C. Green ","","","Mining; Land Grant; Mineral Claim; Sunro; Sunloch; Gabbro; Map; Mineral Claims Map","","","","","","pdf","pdf","","","","http://localhost:4000/JRWA-Archive/objects/thumbs/mineral_claims_fileid_15105_th.jpg","http://localhost:4000/JRWA-Archive/objects/mineral_claims_fileid_15105.pdf",/JRWA-Archive/items/sunromine_claim_and_crown_grant_maps.html#jrwa_docs_mining_and_exploration_sunromine_claim_and_crown_grant maps_010
"ZIP - Claim and Crown Grant Maps","","","","Mining; Land Grant; Mineral Claim; Sunro; Sunloch; Gabbro; Map; Mineral Claims Map","","","","","","","","","","","http://localhost:4000/JRWA-Archive/objects/thumbs/all_files_claim_and_crown_grant_maps_th.jpg","http://localhost:4000/JRWA-Archive/objects/all_files_claim_and_crown_grant_maps.zip",/JRWA-Archive/items/sunromine_claim_and_crown_grant_maps.html#jrwa_docs_mining_and_exploration_sunromine_claim_and_crown_grant maps_011
"Sunro Mine: Historical Photos","","","","Mining; Historical Photos; Adit Portal; Drill Bit; Settling Pond; Mill","","","","","","record","","","","","http://localhost:4000/JRWA-Archive/objects/thumbs/adit_portal_1958_fileid_15129_th.jpg","",/JRWA-Archive/items/sunromine_historical_photos.html
"ZIP File - Sunro Mine Historical Photos","","","","Mining; Historical Photos; Adit Portal; Drill Bit; Settling Pond; Mill","","","","","","zip file","zip file","","","","http://localhost:4000/JRWA-Archive/objects/thumbs/adit_portal_1958_fileid_15129_th.jpg","http://localhost:4000/JRWA-Archive/objects/sunro_mine_historic_photos.zip",/JRWA-Archive/items/sunromine_historical_photos.html#sunromine_historical_photos_001
"Adit Portal 1958","","1958","","Mining; Historical Photos; Adit Portal","","","","","","pdf","pdf","","","","http://localhost:4000/JRWA-Archive/objects/thumbs/adit_portal_1958_fileid_15129_th.jpg","http://localhost:4000/JRWA-Archive/objects/historic_photos%5Cadit_portal_1958_fileid_15129.pdf",/JRWA-Archive/items/sunromine_historical_photos.html#sunromine_historical_photos_002
"Adit Portal 1958","","1958","","Mining; Historical Photos; Adit Portal","","","","","","pdf","pdf","","","","http://localhost:4000/JRWA-Archive/objects/thumbs/jr_bcgs_photo,_mine_portal__1958_th.jpg","http://localhost:4000/JRWA-Archive/objects/historic_photos%5Cjr_bcgs_photo,_mine_portal__1958.pdf",/JRWA-Archive/items/sunromine_historical_photos.html#sunromine_historical_photos_003
"Photo of Settling Pond","","1958","","Mining; Historical Photos; Settling Pond","","","","","","pdf","pdf","","","","http://localhost:4000/JRWA-Archive/objects/thumbs/jr_bcgs_photo_settling_pond_1958_fileid_15115_th.jpg","http://localhost:4000/JRWA-Archive/objects/historic_photos%5Cjr_bcgs_photo_settling_pond_1958_fileid_15115.pdf",/JRWA-Archive/items/sunromine_historical_photos.html#sunromine_historical_photos_004
"Ore Processing","","","","Mining; Historical Photos; Drill Bit","","","","","","pdf","pdf","","","","http://localhost:4000/JRWA-Archive/objects/thumbs/ore_processing_fileid_15134_th.jpg","http://localhost:4000/JRWA-Archive/objects/historic_photos%5Core_processing_fileid_15134.pdf",/JRWA-Archive/items/sunromine_historical_photos.html#sunromine_historical_photos_005
"5100 Adit","","","","Mining; Historical Photos; Adit Portal","","","","","","pdf","pdf","","","","http://localhost:4000/JRWA-Archive/objects/thumbs/pf006082_5100_adit_th.jpg","http://localhost:4000/JRWA-Archive/objects/historic_photos%5Cpf006082_5100_adit.pdf",/JRWA-Archive/items/sunromine_historical_photos.html#sunromine_historical_photos_006
"Visit to Sunro Mine 1974 - Settling Pond","","1974","","Mining; Historical Photos; Settling Pond","","","","","","pdf","pdf","","","","http://localhost:4000/JRWA-Archive/objects/thumbs/pf531016_pond_th.jpg","http://localhost:4000/JRWA-Archive/objects/historic_photos%5Cpf531016_pond.pdf",/JRWA-Archive/items/sunromine_historical_photos.html#sunromine_historical_photos_008
"Visit to Sunro Mine 1974 - Mill","","1975","","Mining; Historical Photos; Mill","","","","","","pdf","pdf","","","","http://localhost:4000/JRWA-Archive/objects/thumbs/pf531017_mill_th.jpg","http://localhost:4000/JRWA-Archive/objects/historic_photos%5Cpf531017_mill.pdf",/JRWA-Archive/items/sunromine_historical_photos.html#sunromine_historical_photos_009
"Sunro Mine: Maps","","","","Mining; Sunro Maps; Cowichan; ","","","","","","record","","","","","http://localhost:4000/JRWA-Archive/objects/thumbs/ventalation_plan_1966_fileid_12760_th.jpg","",/JRWA-Archive/items/sunromine_maps.html
"ZIP File - Sunro Mine Maps","","","","Mining; Sunro Maps; Cowichan; ","","","","","","zip file","zip file","","","","http://localhost:4000/JRWA-Archive/objects/thumbs/ventalation_plan_1966_fileid_12760_th.jpg","http://localhost:4000/JRWA-Archive/objects/mine_maps.zip",/JRWA-Archive/items/sunromine_maps.html#sunromine_maps_001
"Sunro Map: Ventilation Plan","","1966","","Mining; Sunro Maps; Cowichan; ","","","","","","pdf","pdf","","","","http://localhost:4000/JRWA-Archive/objects/thumbs/ventalation_plan_1966_fileid_12760_th.jpg","http://localhost:4000/JRWA-Archive/objects/ventalation_plan_1966_fileid_12760.pdf",/JRWA-Archive/items/sunromine_maps.html#sunromine_maps_002
"Sunro Map: Zone Plan ","Hedley Mascot Gold Mines LTD.","1950","","Mining; Sunro Maps; Cowichan; ","","","","","","pdf","pdf","","","","http://localhost:4000/JRWA-Archive/objects/thumbs/zone_plan_map_1950_fileid_13619_th.jpg","http://localhost:4000/JRWA-Archive/objects/zone_plan_map_1950_fileid_13619.pdf",/JRWA-Archive/items/sunromine_maps.html#sunromine_maps_003
"Sunro Map: Underground Assay Sample Locations","","1962","","Mining; Sunro Maps; Cowichan; ","","","","","","pdf","pdf","","","","http://localhost:4000/JRWA-Archive/objects/thumbs/assay_sample_locations_1962_fileid_15111_th.jpg","http://localhost:4000/JRWA-Archive/objects/assay_sample_locations_1962_fileid_15111.pdf",/JRWA-Archive/items/sunromine_maps.html#sunromine_maps_004
"Sunro Map: Drilled Ore Zones ","Bacon and Crowhurst LTD. ","1969-04-15","","Mining; Sunro Maps; Cowichan; ","","","","","","pdf","pdf","","","","http://localhost:4000/JRWA-Archive/objects/thumbs/bacon_1969_drilled_ore_zones_maps_th.jpg","http://localhost:4000/JRWA-Archive/objects/bacon_1969_drilled_ore_zones_maps.pdf",/JRWA-Archive/items/sunromine_maps.html#sunromine_maps_005
"Sunro Map: Sketch of Workings","B.C. Bureau of Mines","1918","","Mining; Sunro Maps; Cowichan; ","","","","","","png","png","","","","http://localhost:4000/JRWA-Archive/objects/thumbs/bcgs_sunloch_mine_1918_sketchof_workings_th.jpg","http://localhost:4000/JRWA-Archive/objects/bcgs_sunloch_mine_1918_sketchof_workings.png",/JRWA-Archive/items/sunromine_maps.html#sunromine_maps_007
"Sunro Map: Level Plans","Cowichan Copper Co. LTD. ","","","Mining; Sunro Maps; Cowichan; ","","","","","","pdf","pdf","","","","http://localhost:4000/JRWA-Archive/objects/thumbs/bulkheads_fileid_12761_some_blhds_th.jpg","http://localhost:4000/JRWA-Archive/objects/bulkheads_fileid_12761_some_blhds.pdf",/JRWA-Archive/items/sunromine_maps.html#sunromine_maps_008
"Sunro Map: Bulkheads Plan and Sections","Cowichan Copper Co. LTD. ","","","Mining; Sunro Maps; Cowichan; ","","","","","","pdf","pdf","","","","http://localhost:4000/JRWA-Archive/objects/thumbs/bulkheads_fileid_12762_upper_l_blkhs_th.jpg","http://localhost:4000/JRWA-Archive/objects/bulkheads_fileid_12762_upper_l_blkhs.pdf",/JRWA-Archive/items/sunromine_maps.html#sunromine_maps_009
"Sunro Map: Cave Zone","Cerna Copper","1969-04-02","","Mining; Sunro Maps; Cowichan; ","","","","","","pdf","pdf","","","","http://localhost:4000/JRWA-Archive/objects/thumbs/cave_zone_1969_fileid_72622_th.jpg","http://localhost:4000/JRWA-Archive/objects/cave_zone_1969_fileid_72622.pdf",/JRWA-Archive/items/sunromine_maps.html#sunromine_maps_010
"Sunro Map: Coloured","Cowichan Copper Co. LTD. ","","","Mining; Sunro Maps; Cowichan; ","","","","","","pdf","pdf","","","","http://localhost:4000/JRWA-Archive/objects/thumbs/coloured_3100_level_plan_fileid_72621_th.jpg","http://localhost:4000/JRWA-Archive/objects/coloured_3100_level_plan_fileid_72621.pdf",/JRWA-Archive/items/sunromine_maps.html#sunromine_maps_011
"Sunro Map: Level Ore Bodies and Geology ","R.M.","1963","","Mining; Sunro Maps; Cowichan; ","","","","","","pdf","pdf","","","","http://localhost:4000/JRWA-Archive/objects/thumbs/cowichan_copper_1963_5100_level_ore_bodies_and_geology_map_th.jpg","http://localhost:4000/JRWA-Archive/objects/cowichan_copper_1963_5100_level_ore_bodies_and_geology_map.pdf",/JRWA-Archive/items/sunromine_maps.html#sunromine_maps_012
"Sunro Map: Cave Center New Zones ","R.M.","1963","","Mining; Sunro Maps; Cowichan; ","","","","","","pdf","pdf","","","","http://localhost:4000/JRWA-Archive/objects/thumbs/cowichan_copper_1963_cave_centre_new_zones_ore_map_th.jpg","http://localhost:4000/JRWA-Archive/objects/cowichan_copper_1963_cave_centre_new_zones_ore_map.pdf",/JRWA-Archive/items/sunromine_maps.html#sunromine_maps_013
"Sunro Map: Ore Body by Level","R.M.","1963","","Mining; Sunro Maps; Cowichan; ","","","","","","pdf","pdf","","","","http://localhost:4000/JRWA-Archive/objects/thumbs/cowichan_copper_1963_ore_body_by_level_maps_th.jpg","http://localhost:4000/JRWA-Archive/objects/cowichan_copper_1963_ore_body_by_level_maps.pdf",/JRWA-Archive/items/sunromine_maps.html#sunromine_maps_014
"Sunro Map: Cross Section of Ore Zones","C.M.","1964","","Mining; Sunro Maps; Cowichan; ","","","","","","pdf","pdf","","","","http://localhost:4000/JRWA-Archive/objects/thumbs/cowichan_copper_1964_cross_section_of_river_ore_zones_bcgs_fileid_7868_th.jpg","http://localhost:4000/JRWA-Archive/objects/cowichan_copper_1964_cross_section_of_river_ore_zones_bcgs_fileid_7868.pdf",/JRWA-Archive/items/sunromine_maps.html#sunromine_maps_015
"Sunro Map: Side Elevation Mill Crusher Rooms","C.M.","1969","","Mining; Sunro Maps; Cowichan; ","","","","","","pdf","pdf","","","","http://localhost:4000/JRWA-Archive/objects/thumbs/cowichan_copper_1969_5126_level_map_bcgs_fileid_12766_th.jpg","http://localhost:4000/JRWA-Archive/objects/cowichan_copper_1969_5126_level_map_bcgs_fileid_12766.pdf",/JRWA-Archive/items/sunromine_maps.html#sunromine_maps_016
"Sunro Map: Elv. 5130","Cowichan Copper Co. LTD. ","1969","","Mining; Sunro Maps; Cowichan; ","","","","","","pdf","pdf","","","","http://localhost:4000/JRWA-Archive/objects/thumbs/cowichan_copper_1969_5130_level_map_bcgs_fileid_7861_th.jpg","http://localhost:4000/JRWA-Archive/objects/cowichan_copper_1969_5130_level_map_bcgs_fileid_7861.pdf",/JRWA-Archive/items/sunromine_maps.html#sunromine_maps_018
"Sunro Map: Elv. 5210 ","Cowichan Copper Co. LTD. ","1969","","Mining; Sunro Maps; Cowichan; ","","","","","","pdf","pdf","","","","http://localhost:4000/JRWA-Archive/objects/thumbs/cowichan_copper_1969_5210_level_map_bcgs_fileid_7862_th.jpg","http://localhost:4000/JRWA-Archive/objects/cowichan_copper_1969_5210_level_map_bcgs_fileid_7862.pdf",/JRWA-Archive/items/sunromine_maps.html#sunromine_maps_019
"Sunro Map: Elv. 5210 Plan","Cowichan Copper Co. LTD. ","1969","","Mining; Sunro Maps; Cowichan; ","","","","","","pdf","pdf","","","","http://localhost:4000/JRWA-Archive/objects/thumbs/cowichan_copper_1969_5210_level_map_bcgs_fileid_13628_th.jpg","http://localhost:4000/JRWA-Archive/objects/cowichan_copper_1969_5210_level_map_bcgs_fileid_13628.pdf",/JRWA-Archive/items/sunromine_maps.html#sunromine_maps_020
"Sunro Map: Elv. 5300 ","Cowichan Copper Co. LTD. ","1969","","Mining; Sunro Maps; Cowichan; ","","","","","","pdf","pdf","","","","http://localhost:4000/JRWA-Archive/objects/thumbs/cowichan_copper_1969_5300_level_map_bcgs_fileid_7863_th.jpg","http://localhost:4000/JRWA-Archive/objects/cowichan_copper_1969_5300_level_map_bcgs_fileid_7863.pdf",/JRWA-Archive/items/sunromine_maps.html#sunromine_maps_021
"Sunro Map: Elv. 5300 Plan","Cowichan Copper Co. LTD. ","1969","","Mining; Sunro Maps; Cowichan; ","","","","","","pdf","pdf","","","","http://localhost:4000/JRWA-Archive/objects/thumbs/cowichan_copper_1969_5300_level_map_bcgs_fileid_12765_th.jpg","http://localhost:4000/JRWA-Archive/objects/cowichan_copper_1969_5300_level_map_bcgs_fileid_12765.pdf",/JRWA-Archive/items/sunromine_maps.html#sunromine_maps_022
"Sunro Map: Elv. 5400","Cowichan Copper Co. LTD. ","1969","","Mining; Sunro Maps; Cowichan; ","","","","","","pdf","pdf","","","","http://localhost:4000/JRWA-Archive/objects/thumbs/cowichan_copper_1969_5400_level_map_bcgs_fileid_7864_th.jpg","http://localhost:4000/JRWA-Archive/objects/cowichan_copper_1969_5400_level_map_bcgs_fileid_7864.pdf",/JRWA-Archive/items/sunromine_maps.html#sunromine_maps_023
"Sunro Map: Elv. 5400 Plan","Cowichan Copper Co. LTD. ","1969","","Mining; Sunro Maps; Cowichan; ","","","","","","pdf","pdf","","","","http://localhost:4000/JRWA-Archive/objects/thumbs/cowichan_copper_1969_5400_level_map_bcgs_fileid_12764_th.jpg","http://localhost:4000/JRWA-Archive/objects/cowichan_copper_1969_5400_level_map_bcgs_fileid_12764.pdf",/JRWA-Archive/items/sunromine_maps.html#sunromine_maps_024
"Sunro Map: Elv. 5500","Cowichan Copper Co. LTD. ","1969","","Mining; Sunro Maps; Cowichan; ","","","","","","pdf","pdf","","","","http://localhost:4000/JRWA-Archive/objects/thumbs/cowichan_copper_1969_5500_level_map_bcgs_fileid_7865_th.jpg","http://localhost:4000/JRWA-Archive/objects/cowichan_copper_1969_5500_level_map_bcgs_fileid_7865.pdf",/JRWA-Archive/items/sunromine_maps.html#sunromine_maps_025
"Sunro Map: Elv. 5515 Plan","Cowichan Copper Co. LTD. ","1969","","Mining; Sunro Maps; Cowichan; ","","","","","","pdf","pdf","","","","http://localhost:4000/JRWA-Archive/objects/thumbs/cowichan_copper_1969_5615_level_map_bcgs_fileid_13627_th.jpg","http://localhost:4000/JRWA-Archive/objects/cowichan_copper_1969_5615_level_map_bcgs_fileid_13627.pdf",/JRWA-Archive/items/sunromine_maps.html#sunromine_maps_026
"Sunro Map: Elv 5670","Cowichan Copper Co. LTD. ","1969","","Mining; Sunro Maps; Cowichan; ","","","","","","pdf","pdf","","","","http://localhost:4000/JRWA-Archive/objects/thumbs/cowichan_copper_1969_5670_level_map_bcgs_fileid_7867_th.jpg","http://localhost:4000/JRWA-Archive/objects/cowichan_copper_1969_5670_level_map_bcgs_fileid_7867.pdf",/JRWA-Archive/items/sunromine_maps.html#sunromine_maps_027
"Sunro Map: Elv 5670 Plan","Cowichan Copper Co. LTD. ","1969","","Mining; Sunro Maps; Cowichan; ","","","","","","pdf","pdf","","","","http://localhost:4000/JRWA-Archive/objects/thumbs/cowichan_copper_1969_5670_level_map_bcgs_fileid_13625_th.jpg","http://localhost:4000/JRWA-Archive/objects/cowichan_copper_1969_5670_level_map_bcgs_fileid_13625.pdf",/JRWA-Archive/items/sunromine_maps.html#sunromine_maps_028
"Sunro Map: Surface Geology Maps Coloured","G. Meusy","1971","","Mining; Sunro Maps; Cowichan; ","","","","","","pdf","pdf","","","","http://localhost:4000/JRWA-Archive/objects/thumbs/cowichan_copper_1971_surface_geology_map_bcgs_fileid_15102_th.jpg","http://localhost:4000/JRWA-Archive/objects/cowichan_copper_1971_surface_geology_map_bcgs_fileid_15102.pdf",/JRWA-Archive/items/sunromine_maps.html#sunromine_maps_029
"Sunro Map: ","","","","Mining; Sunro Maps; Cowichan; ","","","","","","pdf","pdf","","","","http://localhost:4000/JRWA-Archive/objects/thumbs/haulage_drive_fileid_12767_th.jpg","http://localhost:4000/JRWA-Archive/objects/haulage_drive_fileid_12767.pdf",/JRWA-Archive/items/sunromine_maps.html#sunromine_maps_030
"Sunro Map: Property File","Cowichan Copper Co. LTD. ","","","Mining; Sunro Maps; Cowichan; ","","","","","","pdf","pdf","","","","http://localhost:4000/JRWA-Archive/objects/thumbs/level_5100_fileid_15083_th.jpg","http://localhost:4000/JRWA-Archive/objects/level_5100_fileid_15083.pdf",/JRWA-Archive/items/sunromine_maps.html#sunromine_maps_031
"Sunro Map: 5300 level","Cowichan Copper Co. LTD. ","1962","","Mining; Sunro Maps; Cowichan; ","","","","","","pdf","pdf","","","","http://localhost:4000/JRWA-Archive/objects/thumbs/level_5300_1962_fileid_15091_th.jpg","http://localhost:4000/JRWA-Archive/objects/level_5300_1962_fileid_15091.pdf",/JRWA-Archive/items/sunromine_maps.html#sunromine_maps_032
"Sunro Map: Survey Data","Cowichan Copper Co. LTD. ","1962","","Mining; Sunro Maps; Cowichan; ","","","","","","pdf","pdf","","","","http://localhost:4000/JRWA-Archive/objects/thumbs/level_5300_1962_fileid_15108_th.jpg","http://localhost:4000/JRWA-Archive/objects/level_5300_1962_fileid_15108.pdf",/JRWA-Archive/items/sunromine_maps.html#sunromine_maps_033
"Sunro Map: 5300 Level","Cowichan Copper Co. LTD. ","","","Mining; Sunro Maps; Cowichan; ","","","","","","pdf","pdf","","","","http://localhost:4000/JRWA-Archive/objects/thumbs/level_5300_fileid_15082_th.jpg","http://localhost:4000/JRWA-Archive/objects/level_5300_fileid_15082.pdf",/JRWA-Archive/items/sunromine_maps.html#sunromine_maps_034
"Sunro Map: 5500 ","Cowichan Copper Co. LTD. ","","","Mining; Sunro Maps; Cowichan; ","","","","","","pdf","pdf","","","","http://localhost:4000/JRWA-Archive/objects/thumbs/level_5500_fileid_15081_th.jpg","http://localhost:4000/JRWA-Archive/objects/level_5500_fileid_15081.pdf",/JRWA-Archive/items/sunromine_maps.html#sunromine_maps_035
"Sunro Map: 5130 Main Adit Geological Map","Cowichan Copper Co. LTD. ","1971","","Mining; Sunro Maps; Cowichan; ","","","","","","pdf","pdf","","","","http://localhost:4000/JRWA-Archive/objects/thumbs/main_adit_5300_1_fileid_7860_th.jpg","http://localhost:4000/JRWA-Archive/objects/main_adit_5300_1_fileid_7860.pdf",/JRWA-Archive/items/sunromine_maps.html#sunromine_maps_036
"Sunro Map: 5100 Level Adit","Cowichan Copper Co. LTD. ","1958","","Mining; Sunro Maps; Cowichan; ","","","","","","pdf","pdf","","","","http://localhost:4000/JRWA-Archive/objects/thumbs/main_adit_5300_2_fileid_15075_th.jpg","http://localhost:4000/JRWA-Archive/objects/main_adit_5300_2_fileid_15075.pdf",/JRWA-Archive/items/sunromine_maps.html#sunromine_maps_037
"Sunro Map: 5300 Main Adit Colour","Cowichan Copper Co. LTD. ","1959","","Mining; Sunro Maps; Cowichan; ","","","","","","pdf","pdf","","","","http://localhost:4000/JRWA-Archive/objects/thumbs/main_adit_5300_colour_1959__fileid_15103_th.jpg","http://localhost:4000/JRWA-Archive/objects/main_adit_5300_colour_1959__fileid_15103.pdf",/JRWA-Archive/items/sunromine_maps.html#sunromine_maps_038
"Sunro Map: Mine Geology","Cowichan Copper Co. LTD. ","1960","","Mining; Sunro Maps; Cowichan; ","","","","","","pdf","pdf","","","","http://localhost:4000/JRWA-Archive/objects/thumbs/ore_zone_adits_and_tunnel_1960_fileid_15099_th.jpg","http://localhost:4000/JRWA-Archive/objects/ore_zone_adits_and_tunnel_1960_fileid_15099.pdf",/JRWA-Archive/items/sunromine_maps.html#sunromine_maps_039
"Sunro Map: Orebodies","D.W. Pringle and Associates","1969","","Mining; Sunro Maps; Cowichan; ","","","","","","pdf","pdf","","","","http://localhost:4000/JRWA-Archive/objects/thumbs/ore_zones_1969_fileid_72623_th.jpg","http://localhost:4000/JRWA-Archive/objects/ore_zones_1969_fileid_72623.pdf",/JRWA-Archive/items/sunromine_maps.html#sunromine_maps_041
"Sunro Map: Ore Zone Cross Sections ","","","","Mining; Sunro Maps; Cowichan; ","","","","","","pdf","pdf","","","","http://localhost:4000/JRWA-Archive/objects/thumbs/ore_zones_cross_section_fileid_13621_th.jpg","http://localhost:4000/JRWA-Archive/objects/ore_zones_cross_section_fileid_13621.pdf",/JRWA-Archive/items/sunromine_maps.html#sunromine_maps_042
"Sunro Map: Regional Plan Claims and Grid ","Cowichan Copper Co. LTD. ","1960","","Mining; Sunro Maps; Cowichan; ","","","","","","pdf","pdf","","","","http://localhost:4000/JRWA-Archive/objects/thumbs/regional_plan_map_1960_with_regional_claims_and_grid_bcgs_fileid_13620_th.jpg","http://localhost:4000/JRWA-Archive/objects/regional_plan_map_1960_with_regional_claims_and_grid_bcgs_fileid_13620.pdf",/JRWA-Archive/items/sunromine_maps.html#sunromine_maps_043
"Sunro Map: ","","","","Mining; Sunro Maps; Cowichan; ","","","","","","pdf","pdf","","","","http://localhost:4000/JRWA-Archive/objects/thumbs/regional_plan_map_fileid_12757_th.jpg","http://localhost:4000/JRWA-Archive/objects/regional_plan_map_fileid_12757.pdf",/JRWA-Archive/items/sunromine_maps.html#sunromine_maps_045
"Sunro Map: Surface Development","Cowichan Copper Co. LTD. ","1921","","Mining; Sunro Maps; Cowichan; ","","","","","","pdf","pdf","","","","http://localhost:4000/JRWA-Archive/objects/thumbs/surface_development_1921_fileid_15095_th.jpg","http://localhost:4000/JRWA-Archive/objects/surface_development_1921_fileid_15095.pdf",/JRWA-Archive/items/sunromine_maps.html#sunromine_maps_046
"Sunro Mine Underground Digital Composition","","","","zip file; Mining; New Sunro Maps; Digital Maps; GIS","","","","","","record","","","","","http://localhost:4000/JRWA-Archive/objects/thumbs/mine_underground_digital_composition_th.jpg","",/JRWA-Archive/items/sunromine_underground_digital_composition.html
"ZIP File - Sunro Mine - Mine Underground Digital Composition - Shape FIles. Images, and pdfs","","","","zip file; Mining; New Sunro Maps; Digital Maps; GIS","","","","","","zip file","zip file","","","","http://localhost:4000/JRWA-Archive/objects/thumbs/mine_underground_digital_composition_th.jpg","http://localhost:4000/JRWA-Archive/mine_underground_digital_composition.zip",/JRWA-Archive/items/sunromine_underground_digital_composition.html#jrpg_mining&exploration_sunro_mineunderground_digital composittion_001
"New Sunro Level Maps","Wayne Jackman","2017","","Mining; New Sunro Maps; Digital Maps; GIS","","","","","","pdf","pdf","","","","http://localhost:4000/JRWA-Archive/objects/thumbs/jackaman_2017_new_sunro_mine_level_maps_th.jpg","http://localhost:4000/JRWA-Archive/objects/jackaman_2017_new_sunro_mine_level_maps.pdf",/JRWA-Archive/items/sunromine_underground_digital_composition.html#sunromine_underground_digital_composition_001
"Levels Elevations Spreadsheet","Wayne Jackman","2017","","Mining; New Sunro Maps; Digital Maps; GIS","","","","","","pdf","pdf","","","","http://localhost:4000/JRWA-Archive/objects/thumbs/level_elev_th.jpg","http://localhost:4000/JRWA-Archive/objects/level_elev.xlsx",/JRWA-Archive/items/sunromine_underground_digital_composition.html#sunromine_underground_digital_composition_002
"New Sunro Level Maps Image 1","Wayne Jackman","2017","","Mining; New Sunro Maps; Digital Maps; GIS","","","","","","jpg","jpg","","","","http://localhost:4000/JRWA-Archive/objects/thumbs/image1_th.jpg","http://localhost:4000/JRWA-Archive/objects/image1.jpg",/JRWA-Archive/items/sunromine_underground_digital_composition.html#sunromine_underground_digital_composition_003
"New Sunro Level Maps Image 2","Wayne Jackman","2017","","Mining; New Sunro Maps; Digital Maps; GIS","","","","","","jpg","jpg","","","","http://localhost:4000/JRWA-Archive/objects/thumbs/image2_th.jpg","http://localhost:4000/JRWA-Archive/objects/image2.jpg",/JRWA-Archive/items/sunromine_underground_digital_composition.html#sunromine_underground_digital_composition_004
"jpg files - New Sunro Level Maps","Wayne Jackman","2017","","Mining; New Sunro Maps; Digital Maps; GIS; Zip File","","","","","","pdf","pdf","","","","http://localhost:4000/JRWA-Archive/objects/thumbs/jpg_files_th.jpg","http://localhost:4000/JRWA-Archive/objects/jpg_files.7z",/JRWA-Archive/items/sunromine_underground_digital_composition.html#sunromine_underground_digital_composition_005
"shp files - New Sunro Level Maps","Wayne Jackman","2017","","Mining; New Sunro Maps; Digital Maps; GIS; Zip File","","","","","","pdf","pdf","","","","http://localhost:4000/JRWA-Archive/objects/thumbs/shp_files_th.jpg","http://localhost:4000/JRWA-Archive/objects/shp_files.7z",/JRWA-Archive/items/sunromine_underground_digital_composition.html#sunromine_underground_digital_composition_006
"tiff files - New Sunro Level Maps","Wayne Jackman","2017","","Mining; New Sunro Maps; Digital Maps; GIS; Zip File","","","","","","pdf","pdf","","","","http://localhost:4000/JRWA-Archive/objects/thumbs/tiff_files_th.jpg","http://localhost:4000/JRWA-Archive/objects/tiff_files.7z",/JRWA-Archive/items/sunromine_underground_digital_composition.html#sunromine_underground_digital_composition_007
"refgrid files - New Sunro Level Maps","Wayne Jackman","2017","","Mining; New Sunro Maps; Digital Maps; GIS; Zip File","","","","","","pdf","pdf","","","","http://localhost:4000/JRWA-Archive/objects/thumbs/_ref_grid_th.jpg","http://localhost:4000/JRWA-Archive/objects/_ref_grid.7z",/JRWA-Archive/items/sunromine_underground_digital_composition.html#sunromine_underground_digital_composition_008
"tunnels files - New Sunro Level Maps","Wayne Jackman","2017","","Mining; New Sunro Maps; Digital Maps; GIS; Zip File","","","","","","pdf","pdf","","","","http://localhost:4000/JRWA-Archive/objects/thumbs/1_tunnels_th.jpg","http://localhost:4000/JRWA-Archive/objects/1_tunnels.7z",/JRWA-Archive/items/sunromine_underground_digital_composition.html#sunromine_underground_digital_composition_009
"Sunro Mine Ownership and Finances","","","","Mining; Sunro; Geology; Mineral Wealth ","","","","","","record","","","","","http://localhost:4000/JRWA-Archive/objects/thumbs/1963_report_on_sunro_mine_economics_th.jpg","",/JRWA-Archive/items/sunromine_ownership_and_finances.html
"Report on the Economics of Cowichan Coper Co. LTD.","H. Hill &amp;L. Starck Associates Ltd.","1963-07-19","","Mining; Sunro; Economics; Report","","","","","","pdf","pdf","","","","http://localhost:4000/JRWA-Archive/objects/thumbs/1963_report_on_sunro_mine_economics_th.jpg","http://localhost:4000/JRWA-Archive/objects/1963_report_on_sunro_mine_economics.pdf",/JRWA-Archive/items/sunromine_ownership_and_finances.html#sunromine_ownership_and_finances_001
"Page 4 - Report on the Economics of Cowichan Coper Co. LTD.","H. Hill &amp;L. Starck Associates Ltd.","1963-07-20","","Mining; Sunro; Economics; Report","","","","","","png","png","","","","http://localhost:4000/JRWA-Archive/objects/thumbs/royalty_payments_th.jpg","http://localhost:4000/JRWA-Archive/objects/royalty_payments.png",/JRWA-Archive/items/sunromine_ownership_and_finances.html#sunromine_ownership_and_finances_002
"Sale of Sunro Mine Property","","2023-07-01","","Mining; Sunro; Property Sale","","","","","","png","png","","","","http://localhost:4000/JRWA-Archive/objects/thumbs/sale_of_sunro_mine_property_th.jpg","http://localhost:4000/JRWA-Archive/objects/sale_of_sunro_mine_property.png",/JRWA-Archive/items/sunromine_ownership_and_finances.html#sunromine_ownership_and_finances_003
"Jordan River Deposit (Copper, Gold, Silver, +/- Nickel, Platinum, Palladium)","Commerce Resource Corp.","2001-04-06","","Mining; Sunro; Geology; Mineral Wealth ","","","","","","pdf","pdf","","","","http://localhost:4000/JRWA-Archive/objects/thumbs/sunro_april_6_2001_commerce_resources_corp_property_summary_bcgs_fileid_15113_th.jpg","http://localhost:4000/JRWA-Archive/objects/sunro_april_6_2001_commerce_resources_corp_property_summary_bcgs_fileid_15113.pdf",/JRWA-Archive/items/sunromine_ownership_and_finances.html#sunromine_ownership_and_finances_004
"George Winkler, the Poet Prospector","Katy Hughes ","2015-02-17","","Mining; Sunro;","","","","","","pdf","pdf","","","","http://localhost:4000/JRWA-Archive/objects/thumbs/sunro_february_17_2015_george_winkler_bio_royal_bc_museum_th.jpg","http://localhost:4000/JRWA-Archive/objects/sunro_february_17_2015_george_winkler_bio_royal_bc_museum.pdf",/JRWA-Archive/items/sunromine_ownership_and_finances.html#sunromine_ownership_and_finances_005
"Deposition of Reverted Crown Grants in SW Region","Jacques Houle ","2000-6-28","","Mining; Sunro;","","","","","","pdf","pdf","","","","http://localhost:4000/JRWA-Archive/objects/thumbs/sunro_june_28_2000_email_disposition_of_reverted_crown_grants_bcgs_fileid_45009_th.jpg","http://localhost:4000/JRWA-Archive/objects/sunro_june_28_2000_email_disposition_of_reverted_crown_grants_bcgs_fileid_45009.pdf",/JRWA-Archive/items/sunromine_ownership_and_finances.html#sunromine_ownership_and_finances_006
"Operating Forecast for the Two Year Period from Re-commencement of Production","H. Hill &amp;L. Starck Associates Ltd.","1964-10-07","","Mining; Sunro; Reopening","","","","","","pdf","pdf","","","","http://localhost:4000/JRWA-Archive/objects/thumbs/table_1__hill_1964_report_on_cowichan_copper_co_sunro_mine_fileid_72591_th.jpg","http://localhost:4000/JRWA-Archive/objects/table_1__hill_1964_report_on_cowichan_copper_co_sunro_mine_fileid_72591.pdf",/JRWA-Archive/items/sunromine_ownership_and_finances.html#sunromine_ownership_and_finances_007
"ZIP File - Sunro Mine Ownership and Finances","","","","Mining; Sunro; Economics","","","","","","zip file","zip file","","","","http://localhost:4000/JRWA-Archive/objects/thumbs/mine_ownership_and_finances_th.jpg","http://localhost:4000/JRWA-Archive/objects/mine_ownership_and_finances.zip",/JRWA-Archive/items/sunromine_ownership_and_finances.html#sunromine_ownership_and_finances_008
"Sunro Mine Miscellaneous","","","","Mining; Cowichan; Facebook Comment; Ozzie Macdonald; Stock Manipulation","","","","","","record","","","","","http://localhost:4000/JRWA-Archive/objects/thumbs/misc%5Croyal_bc_museum_2015_george_winkler_bio_th.jpg","",/JRWA-Archive/items/sunromine_misc.html
"George Winkler, the Poet Prospector","Katy Hughes ","2015-02-17","","Mining; Cowichan; Facebook Comment; Ozzie Macdonald; Stock Manipulation","","","","","","png","png","","","","http://localhost:4000/JRWA-Archive/objects/thumbs/misc%5Croyal_bc_museum_2015_george_winkler_bio_th.jpg","http://localhost:4000/JRWA-Archive/objects/misc%5Croyal_bc_museum_2015_george_winkler_bio.png",/JRWA-Archive/items/sunromine_misc.html#sunromine_misc_001
"George Winkler, the Poet Prospector","Katy Hughes ","2015-02-17","","Mining; Cowichan; Facebook Comment; Ozzie Macdonald; Stock Manipulation","","","","","","pdf","pdf","","","","http://localhost:4000/JRWA-Archive/objects/thumbs/sunro_february_17_2015_george_winkler_bio__royal_bc_museum_th.jpg","http://localhost:4000/JRWA-Archive/objects/sunro_february_17_2015_george_winkler_bio__royal_bc_museum.pdf",/JRWA-Archive/items/sunromine_misc.html#sunromine_misc_002
"Facebook Comment: Ozzie Macdonald Stock Manipulation","Ken Chaytor","","","Mining; Cowichan; Facebook Comment; Ozzie Macdonald; Stock Manipulation","","","","","","pdf","pdf","","","","http://localhost:4000/JRWA-Archive/objects/thumbs/ozzie_macdonald_quote_th.jpg","http://localhost:4000/JRWA-Archive/objects/ozzie_macdonald_quote.pdf",/JRWA-Archive/items/sunromine_misc.html#sunromine_misc_003
"Sunro Mine: Reports 1920","","1920","","E. E. Erich &amp; Roland Blonchard","","","","","","record","","","","","http://localhost:4000/JRWA-Archive/objects/thumbs/starr_1926_report_of_examination_of_the_gabbromine_pf_092c073_th.jpg","",/JRWA-Archive/items/sunromine_reports_1920.html
"ZIP File - Sunro Mine - Mine Underground Digital Composition - Shape FIles. Images, and pdfs","","","","Mining; Mining Reports; ","","","","","","zip file","zip file","","","","http://localhost:4000/JRWA-Archive/objects/thumbs/starr_1926_report_of_examination_of_the_gabbromine_pf_092c073_th.jpg","http://localhost:4000/JRWA-Archive/objects/1920_reports.7z",/JRWA-Archive/items/sunromine_reports_1920.html#sunromine_reports_1920_001
"Report of Examination of the Gabbro Mine, Jordan River, B.C. ","Chase C. Starr and O.D. Frith","1926-06","","Mining; Mining Reports; Gabbro","","","","","","pdf","pdf","","","","http://localhost:4000/JRWA-Archive/objects/thumbs/starr_1926_report_of_examination_of_the_gabbromine_pf_092c073_th.jpg","http://localhost:4000/JRWA-Archive/objects/starr_1926_report_of_examination_of_the_gabbromine_pf_092c073.pdf",/JRWA-Archive/items/sunromine_reports_1921.html#sunromine_reports_1920_002
"Geological Survey: Summary Report, Part A","Chase C. Starr and O.D. Frith","1919","","Mining; Mining Reports; Geological Survey","","","","","","pdf","pdf","","","","http://localhost:4000/JRWA-Archive/objects/thumbs/cdom_1919_summary_report_1919_part_a_th.jpg","http://localhost:4000/JRWA-Archive/objects/cdom_1919_summary_report_1919_part_a.pdf",/JRWA-Archive/items/sunromine_reports_1922.html#sunromine_reports_1920_003
"Geological Survey: Summary Report, Part B","Chase C. Starr and O.D. Frith","1919","","Mining; Mining Reports; Geological Survey","","","","","","pdf","pdf","","","","http://localhost:4000/JRWA-Archive/objects/thumbs/cdom_1919_summary_report_1919_part_b_th.jpg","http://localhost:4000/JRWA-Archive/objects/cdom_1919_summary_report_1919_part_b.pdf",/JRWA-Archive/items/sunromine_reports_1923.html#sunromine_reports_1920_004
"Geological Survey: Summary Report, Sunloch Copper Deposits","Chase C. Starr and O.D. Frith","1919","","Mining; Mining Reports; ","","","","","","pdf","pdf","","","","http://localhost:4000/JRWA-Archive/objects/thumbs/dolmage_1919_sunloch_copper_district_in_cdom_1919_part_b_th.jpg","http://localhost:4000/JRWA-Archive/objects/dolmage_1919_sunloch_copper_district_in_cdom_1919_part_b.pdf",/JRWA-Archive/items/sunromine_reports_1924.html#sunromine_reports_1920_005
"Mining Magazine: Consolidated Mining and Smelting Company of Canada","F. H. Mason","1929","","Mining; Mining Reports; Acquisition; Smelting","","","","","","pdf","pdf","","","","http://localhost:4000/JRWA-Archive/objects/thumbs/mason_1929_the_mining_magazine_the_consulidated_miing_company_history_th.jpg","http://localhost:4000/JRWA-Archive/objects/mason_1929_the_mining_magazine_the_consulidated_miing_company_history.pdf",/JRWA-Archive/items/sunromine_reports_1925.html#sunromine_reports_1920_006
"Geologic and Topographic Map of a Portion of the Gabbro And Sunloch Properties","","1921","","Mining; Mining Reports; Historic Maps","","","","","","pdf","pdf","","","","http://localhost:4000/JRWA-Archive/objects/thumbs/fileid_15110_1921_th.jpg","http://localhost:4000/JRWA-Archive/objects/fileid_15110_1921.pdf",/JRWA-Archive/items/sunromine_reports_1926.html#sunromine_reports_1920_007
"Culfield Zone on the Gabbro Mine ","","1926","","Mining; Mining Reports; Historic Maps","","","","","","pdf","pdf","","","","http://localhost:4000/JRWA-Archive/objects/thumbs/fileid_15112_1926_th.jpg","http://localhost:4000/JRWA-Archive/objects/fileid_15112_1926.pdf",/JRWA-Archive/items/sunromine_reports_1927.html#sunromine_reports_1920_008
"Sunloch Group Sketch of Workings","","1920","","Mining; Mining Reports; Historic Maps","","","","","","pdf","pdf","","","","http://localhost:4000/JRWA-Archive/objects/thumbs/fileid_15071_1920_th.jpg","http://localhost:4000/JRWA-Archive/objects/fileid_15071_1920.pdf",/JRWA-Archive/items/sunromine_reports_1928.html#sunromine_reports_1920_009
"Sunloch Mine River Tunnel","","1918","","Mining; Mining Reports; Historic Maps","","","","","","pdf","pdf","","","","http://localhost:4000/JRWA-Archive/objects/thumbs/fileid_15076_1918_r1_th.jpg","http://localhost:4000/JRWA-Archive/objects/fileid_15076_1918_r1.pdf",/JRWA-Archive/items/sunromine_reports_1929.html#sunromine_reports_1920_010
"Workings on Sunloch Mine","","1918","","Mining; Mining Reports; Historic Maps","","","","","","pdf","pdf","","","","http://localhost:4000/JRWA-Archive/objects/thumbs/fileid_15077_1918_th.jpg","http://localhost:4000/JRWA-Archive/objects/fileid_15077_1918.pdf",/JRWA-Archive/items/sunromine_reports_1930.html#sunromine_reports_1920_011
"Surface Development on Property on Gabbro Mines LTD.","","1921","","Mining; Mining Reports; Historic Maps","","","","","","pdf","pdf","","","","http://localhost:4000/JRWA-Archive/objects/thumbs/fileid_15078_1921_th.jpg","http://localhost:4000/JRWA-Archive/objects/fileid_15078_1921.pdf",/JRWA-Archive/items/sunromine_reports_1931.html#sunromine_reports_1920_012
"Surface Development on Property on Gabbro Mines LTD.","","1926","","Mining; Mining Reports; Historic Maps","","","","","","pdf","pdf","","","","http://localhost:4000/JRWA-Archive/objects/thumbs/fileid_15090_1926_th.jpg","http://localhost:4000/JRWA-Archive/objects/fileid_15090_1926.pdf",/JRWA-Archive/items/sunromine_reports_1932.html#sunromine_reports_1920_013
"Cave and Turnbull Zones on the Gabbro Mine","","1926","","Mining; Mining Reports; Historic Maps","","","","","","pdf","pdf","","","","http://localhost:4000/JRWA-Archive/objects/thumbs/fileid_15100_1926_th.jpg","http://localhost:4000/JRWA-Archive/objects/fileid_15100_1926.pdf",/JRWA-Archive/items/sunromine_reports_1933.html#sunromine_reports_1920_014
"Culfield Zone on the Gabbro Mine ","","1926","","Mining; Mining Reports; Historic Maps","","","","","","pdf","pdf","","","","http://localhost:4000/JRWA-Archive/objects/thumbs/fileid_15101_1926_th.jpg","http://localhost:4000/JRWA-Archive/objects/fileid_15101_1926.pdf",/JRWA-Archive/items/sunromine_reports_1934.html#sunromine_reports_1920_015
"Geologic and Topographic Map of a Portion of the Gabbro And Sunloch Properties","","1921","","Mining; Mining Reports; Historic Maps","","","","","","pdf","pdf","","","","http://localhost:4000/JRWA-Archive/objects/thumbs/fileid_15104_1921_th.jpg","http://localhost:4000/JRWA-Archive/objects/fileid_15104_1921.pdf",/JRWA-Archive/items/sunromine_reports_1935.html#sunromine_reports_1920_016
"Sunro Mine: Reports 1950","","1950","","Mining; Mining Reports; Ore Deposit; Study","","","","","","record","","","","","http://localhost:4000/JRWA-Archive/objects/thumbs/sunro_empr_report_1950_th.jpg","",/JRWA-Archive/items/sunromine_reports_1950.html
"ZIP File - Sunro Mine - Mine Underground Digital Composition - Shape FIles. Images, and pdfs","","","","Mining; Mining Reports; Ore Deposit; ","","","","","","zip file","zip file","","","","http://localhost:4000/JRWA-Archive/objects/thumbs/sunro_empr_report_1950_th.jpg","http://localhost:4000/JRWA-Archive/objects/1950_reports.7z",/JRWA-Archive/items/sunromine_reports_1950.html#sunromine_reports_1950_001
"Minister of Mines Annual Report 1950: pages 180-194
","R.C. MacDonald","1951","","Mining; Mining Reports; Ore Deposit; ","","","","","","pdf","pdf","","","","http://localhost:4000/JRWA-Archive/objects/thumbs/sunro_empr_report_1950_th.jpg","http://localhost:4000/JRWA-Archive/objects/sunro_empr_report_1950.pdf",/JRWA-Archive/items/sunromine_reports_1951.html#sunromine_reports_1950_002
"Minister of Mines Annual Report 1950
","R.C. MacDonald","1951","","Mining; Mining Reports; ","","","","","","pdf","pdf","","","","http://localhost:4000/JRWA-Archive/objects/thumbs/empr_report_1950_th.jpg","http://localhost:4000/JRWA-Archive/objects/empr_report_1950.pdf",/JRWA-Archive/items/sunromine_reports_1952.html#sunromine_reports_1950_003
"A Mineralography Study of Sunloch Copper Ore","R.B Toombs","1951","","Mining; Mining Reports; Study","","","","","","pdf","pdf","","","","http://localhost:4000/JRWA-Archive/objects/thumbs/fileid_59782_1951_th.jpg","http://localhost:4000/JRWA-Archive/objects/fileid_59782_1951.pdf",/JRWA-Archive/items/sunromine_reports_1953.html#sunromine_reports_1950_004
"Sunro Mine: Reports 1960","","1960","","Mining; Mining Reports; History; Geology; Mine and Mill Process; Sections and Diagrams; George Winkler; Map; Ore deposits; Labor; Production; Profit Estimation; Report; Economics; History; Geology; Mine and Mill Process; Sections and Diagrams; Mine Collapse","","","","","","record","","","","","http://localhost:4000/JRWA-Archive/objects/thumbs/unknown_1965_history_of_the_sunlch_gabbro_pf_092c073_th.jpg","",/JRWA-Archive/items/sunromine_reports_1960.html
"ZIP File - Sunro Mine - Mine Underground Digital Composition - Shape FIles. Images, and pdfs","","","","Mining; Mining Reports; ","","","","","","zip file","zip file","","","","http://localhost:4000/JRWA-Archive/objects/thumbs/unknown_1965_history_of_the_sunlch_gabbro_pf_092c073_th.jpg","http://localhost:4000/JRWA-Archive/objects/1960_reports.7z",/JRWA-Archive/items/sunromine_reports_1960.html#sunromine_reports_1960_001
"History of the Sunloch-Gabbro 1915-1965","","","","Mining; Mining Reports; George Winkler; ","","","","","","pdf","pdf","","","","http://localhost:4000/JRWA-Archive/objects/thumbs/unknown_1965_history_of_the_sunlch_gabbro_pf_092c073_th.jpg","http://localhost:4000/JRWA-Archive/objects/unknown_1965_history_of_the_sunlch_gabbro_pf_092c073.pdf",/JRWA-Archive/items/sunromine_reports_1961.html#sunromine_reports_1960_002
"Sunro Map: Drilled Ore Zones ","Bacon and Crowhurst LTD. ","1969-04-15","","Mining; Mining Reports; Map","","","","","","pdf","pdf","","","","http://localhost:4000/JRWA-Archive/objects/thumbs/bacon_1969_drilled_ore_zones_maps_th.jpg","http://localhost:4000/JRWA-Archive/objects/bacon_1969_drilled_ore_zones_maps.pdf",/JRWA-Archive/items/sunromine_reports_1962.html#sunromine_reports_1960_003
"Underground Mining and Milling at Cowichan Copper Co. Ltd.","J.R Billingsley","1965-03","","Mining; Mining Reports; History; Geology; Mine and Mill Process; Sections and Diagrams","","","","","","pdf","pdf","","","","http://localhost:4000/JRWA-Archive/objects/thumbs/billingsley_1963_underground_mining_and_milling_at_cowichan_copper_co_ltd_th.jpg","http://localhost:4000/JRWA-Archive/objects/billingsley_1963_underground_mining_and_milling_at_cowichan_copper_co_ltd.pdf",/JRWA-Archive/items/sunromine_reports_1964.html#sunromine_reports_1960_005
"REPORT on CERNA COPPER MINES LIMITED (COWICHAN COPPER - JORDAN RIVER - VANCOUVER ISLAND, B.C.)","J.J. CROWHURST, R.W. PHENDLER, G.D. DELANE","1969-04-18","","Mining; Mining Reports; Ore deposits; Labor; Production; Profit Estimation; Report","","","","","","pdf","pdf","","","","http://localhost:4000/JRWA-Archive/objects/thumbs/crowhurst_1969_report_on_cerna_copper_mines_jr_fileid_72619_th.jpg","http://localhost:4000/JRWA-Archive/objects/crowhurst_1969_report_on_cerna_copper_mines_jr_fileid_72619.pdf",/JRWA-Archive/items/sunromine_reports_1965.html#sunromine_reports_1960_006
"Testing of Rock Cores","P.T. Seabrook","1968-07-31","","Mining; Mining Reports; ","","","","","","pdf","pdf","","","","http://localhost:4000/JRWA-Archive/objects/thumbs/fileid_72617_1970_th.jpg","http://localhost:4000/JRWA-Archive/objects/fileid_72617_1970.pdf",/JRWA-Archive/items/sunromine_reports_1966.html#sunromine_reports_1960_007
"Report on Cerna Copper Mines: Assumptions","J.J. Crowhurst","1969-04-21","","Mining; Mining Reports; Ore deposits; Labor; Production; Profit Estimation; Report","","","","","","pdf","pdf","","","","http://localhost:4000/JRWA-Archive/objects/thumbs/fileid_72620_1969_th.jpg","http://localhost:4000/JRWA-Archive/objects/fileid_72620_1969.pdf",/JRWA-Archive/items/sunromine_reports_1967.html#sunromine_reports_1960_008
"Report on Economics of Cowichan Copper CO. LTD. ","","1963-07-11","","Mining; Mining Reports; Economics ","","","","","","pdf","pdf","","","","http://localhost:4000/JRWA-Archive/objects/thumbs/hill_1963_report_on_cowichan_copper_co_sunro_mine_fileid_72591_th.jpg","http://localhost:4000/JRWA-Archive/objects/hill_1963_report_on_cowichan_copper_co_sunro_mine_fileid_72591.pdf",/JRWA-Archive/items/sunromine_reports_1968.html#sunromine_reports_1960_009
"Report on Cowichan Copper Co. LTD. ","","1964-10-13","","Mining; Mining Reports; Mine Collapse; Cave In; Repair Costs","","","","","","pdf","pdf","","","","http://localhost:4000/JRWA-Archive/objects/thumbs/hill_1964_report_on_cowichan_copper_co_sunro_mine_fileid_72591_th.jpg","http://localhost:4000/JRWA-Archive/objects/hill_1964_report_on_cowichan_copper_co_sunro_mine_fileid_72591.pdf",/JRWA-Archive/items/sunromine_reports_1969.html#sunromine_reports_1960_010
"A MINE FLOOD, VANCOUVER ISLAND","R. L. Loofbourow, Ernest K. Lehmann","1968","","Mining; Mining Reports; Mine Collapse","","","","","","pdf","pdf","","","","http://localhost:4000/JRWA-Archive/objects/thumbs/loofbourow_and_lehmann_1968_society_of_mining_engineers_a_mine_flood_th.jpg","http://localhost:4000/JRWA-Archive/objects/loofbourow_and_lehmann_1968_society_of_mining_engineers_a_mine_flood.pdf",/JRWA-Archive/items/sunromine_reports_1970.html#sunromine_reports_1960_011
"Sunro Mine: Reports 1970","","1970","","Mining; Mining Reports; Openings; Mine Closure; Geology; Milling; Pollution Management; Discharge; Land Acquisition; Rehabilitation; Mine Closure; Diagrams; Sections; Axons","","","","","","record","","","","","http://localhost:4000/JRWA-Archive/objects/thumbs/fileid_72617_1970_th.jpg","",/JRWA-Archive/items/sunromine_reports_1970.html
"ZIP File - Sunro Mine - Mine Underground Digital Composition - Shape FIles. Images, and pdfs","","","","Mining; Mining Reports; ","","","","","","zip file","zip file","","","","http://localhost:4000/JRWA-Archive/objects/thumbs/fileid_72617_1970_th.jpg","http://localhost:4000/JRWA-Archive/objects/1970_reports.7z",/JRWA-Archive/items/sunromine_reports_1970.html#sunromine_reports_1970_001
"Testing of Rock Cores","P.T. Seabrook","1968-07-31","","Mining; Mining Reports; ","","","","","","pdf","pdf","","","","http://localhost:4000/JRWA-Archive/objects/thumbs/fileid_72617_1970_th.jpg","http://localhost:4000/JRWA-Archive/objects/fileid_72617_1970.pdf",/JRWA-Archive/items/sunromine_reports_1971.html#sunromine_reports_1970_002
"Sunro Mine Annual Geological Report","G. Meusy","1972","","Mining; Mining Reports; Geology","","","","","","pdf","pdf","","","","http://localhost:4000/JRWA-Archive/objects/thumbs/meusy_1972_sunro_mine_annual_geological_report_fileid_61340_th.jpg","http://localhost:4000/JRWA-Archive/objects/meusy_1972_sunro_mine_annual_geological_report_fileid_61340.pdf",/JRWA-Archive/items/sunromine_reports_1972.html#sunromine_reports_1970_003
"Sunro Mine Annual Geological Report","G. Meusy","1973","","Mining; Mining Reports; Geology","","","","","","pdf","pdf","","","","http://localhost:4000/JRWA-Archive/objects/thumbs/meusy_1973_sunro_mine_annual_geological_report_th.jpg","http://localhost:4000/JRWA-Archive/objects/meusy_1973_sunro_mine_annual_geological_report.pdf",/JRWA-Archive/items/sunromine_reports_1973.html#sunromine_reports_1970_004
"Sunro Mine Monthly Report: Geology Department","G. Meusy","1973-07","","Mining; Mining Reports; Geology","","","","","","pdf","pdf","","","","http://localhost:4000/JRWA-Archive/objects/thumbs/meusy_1973_sunro_mine_monthly_report_pf_092c073_th.jpg","http://localhost:4000/JRWA-Archive/objects/meusy_1973_sunro_mine_monthly_report_pf_092c073.pdf",/JRWA-Archive/items/sunromine_reports_1974.html#sunromine_reports_1970_005
"Jordan River Mines Mill reaches 90% capacity","","1973-12-27","","Mining; Mining Reports; Milling; Pollution Management; Discharge","","","","","","pdf","pdf","","","","http://localhost:4000/JRWA-Archive/objects/thumbs/northern_miner_1973_jordan_river_mill_reaches_capacity__th.jpg","http://localhost:4000/JRWA-Archive/objects/northern_miner_1973_jordan_river_mill_reaches_capacity_.pdf",/JRWA-Archive/items/sunromine_reports_1976.html#sunromine_reports_1970_007
"Chatham Resources Acquires Property","","1974-07-24","","Mining; Mining Reports; Land Acquisition","","","","","","pdf","pdf","","","","http://localhost:4000/JRWA-Archive/objects/thumbs/northern_miner_1975_chatham_resourcews_acquires_property_th.jpg","http://localhost:4000/JRWA-Archive/objects/northern_miner_1975_chatham_resourcews_acquires_property.pdf",/JRWA-Archive/items/sunromine_reports_1977.html#sunromine_reports_1970_008
"REPORT ON THE CLOSING OF THE JORDAN RIVER MINE","A.J. RICHARDSON","1977-06","","Mining; Mining Reports; Rehabilitation; Mine Closure; Diagrams; Sections; Axons","","","","","","pdf","pdf","","","","http://localhost:4000/JRWA-Archive/objects/thumbs/richardson_1977_report_on_the_closing_of_the_jordan_river_mine_th.jpg","http://localhost:4000/JRWA-Archive/objects/richardson_1977_report_on_the_closing_of_the_jordan_river_mine.pdf",/JRWA-Archive/items/sunromine_reports_1978.html#sunromine_reports_1970_009
"Surface Opening - Sunro Mine","W.C Robinson","1977-07-10","","Mining; Mining Reports; Openings; Mine Closure","","","","","","pdf","pdf","","","","http://localhost:4000/JRWA-Archive/objects/thumbs/robinson_1977_bc_department_of_mines__conditions_for_mine_closure_letter_th.jpg","http://localhost:4000/JRWA-Archive/objects/robinson_1977_bc_department_of_mines__conditions_for_mine_closure_letter.pdf",/JRWA-Archive/items/sunromine_reports_1979.html#sunromine_reports_1970_010
"Sunro Mine: Reports British Columbia Geological Survey","","","","Mining; Mining Reports; Ministry of Energy and Mining; Closures; Property Ownership; Historical Mines; Ministry of Energy and Mining; Minerals","","","","","","record","","","","","http://localhost:4000/JRWA-Archive/objects/thumbs/mom_orgainsation_sheet_th.jpg","",/JRWA-Archive/items/sunromine_reports_bcgs.html
"ZIP File - Sunro Mine - Mine Underground Digital Composition - Shape FIles. Images, and pdfs","","","","Mining; Mining Reports; ","","","","","","zip file","zip file","","","","http://localhost:4000/JRWA-Archive/objects/thumbs/mom_orgainsation_sheet_th.jpg","http://localhost:4000/JRWA-Archive/objects/bcgs_reports.7z",/JRWA-Archive/items/sunromine_reports_bcgs.html#sunromine_reports_bcgs_001
"British Columbia Geoscience Organization Chart","Andris Kikauka","2004-04-12","","Mining; Mining Reports; Ministry of Energy and Mining","","","","","","png","png","","","","http://localhost:4000/JRWA-Archive/objects/thumbs/mom_orgainsation_sheet_th.jpg","http://localhost:4000/JRWA-Archive/objects/mom_orgainsation_sheet.png",/JRWA-Archive/items/sunromine_reports_bcgs.html#sunromine_reports_bcgs_003
"Property Map List","","","","Mining; Mining Reports; ","","","","","","pdf","pdf","","","","http://localhost:4000/JRWA-Archive/objects/thumbs/property_file_list_th.jpg","http://localhost:4000/JRWA-Archive/objects/property_file_list.pdf",/JRWA-Archive/items/sunromine_reports_bcgs.html#sunromine_reports_bcgs_004
"Geochemical Analysis Certificate","","2000-04-28","","Mining; Mining Reports; ","","","","","","pdf","pdf","","","","http://localhost:4000/JRWA-Archive/objects/thumbs/rock_assay_data_200_fileid_15089_th.jpg","http://localhost:4000/JRWA-Archive/objects/rock_assay_data_200_fileid_15089.pdf",/JRWA-Archive/items/sunromine_reports_bcgs.html#sunromine_reports_bcgs_005
"Rock Assay Data","","2000-04-28","","Mining; Mining Reports; ","","","","","","pdf","pdf","","","","http://localhost:4000/JRWA-Archive/objects/thumbs/rock_assay_data_200_fileid_15096_th.jpg","http://localhost:4000/JRWA-Archive/objects/rock_assay_data_200_fileid_15096.pdf",/JRWA-Archive/items/sunromine_reports_bcgs.html#sunromine_reports_bcgs_006
"Sunro Mine Report Mineral Summary","Andris Kikauka","2004-04-12","","Mining; Mining Reports; ","","","","","","png","png","","","","http://localhost:4000/JRWA-Archive/objects/thumbs/screenshot_2024_02_03_at_10_17_46_pm_th.jpg","http://localhost:4000/JRWA-Archive/objects/screenshot_2024_02_03_at_10_17_46_pm.png",/JRWA-Archive/items/sunromine_reports_bcgs.html#sunromine_reports_bcgs_007
"ANNUAL REPORT ENGINEERING &amp; INSPECTION BRANCH 1989","","1990-12","","Mining; Mining Reports; ","","","","","","pdf","pdf","","","","http://localhost:4000/JRWA-Archive/objects/thumbs/annual_report_1989_bcgs_mp_40_th.jpg","http://localhost:4000/JRWA-Archive/objects/annual_report_1989_bcgs_mp_40.pdf",/JRWA-Archive/items/sunromine_reports_bcgs.html#sunromine_reports_bcgs_010
"MINFILE Detail Report BC ","","2014-11-05","","Mining; Mining Reports; ","","","","","","pdf","pdf","","","","http://localhost:4000/JRWA-Archive/objects/thumbs/bcgs_minfile_sunro_mine_detailed_report_th.jpg","http://localhost:4000/JRWA-Archive/objects/bcgs_minfile_sunro_mine_detailed_report.pdf",/JRWA-Archive/items/sunromine_reports_bcgs.html#sunromine_reports_bcgs_011
"MINFILE Detail Report BC: Summary","","2014-11-06","","Mining; Mining Reports; ","","","","","","pdf","pdf","","","","http://localhost:4000/JRWA-Archive/objects/thumbs/bcgs_minfile_sunro_mine_summary_th.jpg","http://localhost:4000/JRWA-Archive/objects/bcgs_minfile_sunro_mine_summary.pdf",/JRWA-Archive/items/sunromine_reports_bcgs.html#sunromine_reports_bcgs_012
"HISTORIC MINE SITES IN BRITISH COLUMBIA","Lisa N. Barazzuol and Gregg G. Stewart","2003-02","","Mining; Mining Reports; Historical Mines ","","","","","","pdf","pdf","","","","http://localhost:4000/JRWA-Archive/objects/thumbs/bcgs_of2003_03_historical_mines_th.jpg","http://localhost:4000/JRWA-Archive/objects/bcgs_of2003_03_historical_mines.pdf",/JRWA-Archive/items/sunromine_reports_bcgs.html#sunromine_reports_bcgs_013
"Annual Report of the Minister of Mines","","1928","","Mining; Mining Reports; ","","","","","","pdf","pdf","","","","http://localhost:4000/JRWA-Archive/objects/thumbs/cloutier_1928_annual_reprt_of_minister_of_mines_th.jpg","http://localhost:4000/JRWA-Archive/objects/cloutier_1928_annual_reprt_of_minister_of_mines.pdf",/JRWA-Archive/items/sunromine_reports_bcgs.html#sunromine_reports_bcgs_014
"Jordan River Deposit (Copper, Gold, Silver, +/- Nickel, Platinum, Palladium","","2001-04-10","","Mining; Mining Reports; Minerals","","","","","","pdf","pdf","","","","http://localhost:4000/JRWA-Archive/objects/thumbs/commerce_resources_fileid_45010_th.jpg","http://localhost:4000/JRWA-Archive/objects/commerce_resources_fileid_45010.pdf",/JRWA-Archive/items/sunromine_reports_bcgs.html#sunromine_reports_bcgs_015
"Jordan River Property File List","","","","Mining; Mining Reports; Property Ownership","","","","","","pdf","pdf","","","","http://localhost:4000/JRWA-Archive/objects/thumbs/jr_property_file_list_th.jpg","http://localhost:4000/JRWA-Archive/objects/jr_property_file_list.pdf",/JRWA-Archive/items/sunromine_reports_bcgs.html#sunromine_reports_bcgs_016
"Disposition of Reverted Crown Grants in SW Region","Jacques Houle","2000-06-28","","Mining; Mining Reports; ","","","","","","pdf","pdf","","","","http://localhost:4000/JRWA-Archive/objects/thumbs/moem_disposition_of_sunro_mine_cgs_th.jpg","http://localhost:4000/JRWA-Archive/objects/moem_disposition_of_sunro_mine_cgs.pdf",/JRWA-Archive/items/sunromine_reports_bcgs.html#sunromine_reports_bcgs_017
"Ministry of Energy and Mines Emails","Jacques Houle, Ted Hall","1998","","Mining; Mining Reports; Closures","","","","","","pdf","pdf","","","","http://localhost:4000/JRWA-Archive/objects/thumbs/moem_emails_fileid_45008_th.jpg","http://localhost:4000/JRWA-Archive/objects/moem_emails_fileid_45008.pdf",/JRWA-Archive/items/sunromine_reports_bcgs.html#sunromine_reports_bcgs_018
"Sunro Mine: Recent Reports","","","","Mining; Mining Reports; Continued Mining Recommendation; New Sunro","","","","","","record","","","","","http://localhost:4000/JRWA-Archive/objects/thumbs/funk_2009_sunro_copper_mine_restart_project_th.jpg","",/JRWA-Archive/items/sunromine_reports_recent.html
"ZIP File - Sunro Mine - Mine Underground Digital Composition - Shape FIles. Images, and pdfs","","","","Mining; Mining Reports; ","","","","","","zip file","zip file","","","","http://localhost:4000/JRWA-Archive/objects/thumbs/funk_2009_sunro_copper_mine_restart_project_th.jpg","http://localhost:4000/JRWA-Archive/objects/recent.7z",/JRWA-Archive/items/sunromine_reports_recent.html#sunromine_reports_recent_001
"Sunro Copper Mine Restart Project","Kelly Funk","2009","","Mining; Mining Reports; Mine Reopening","","","","","","pdf","pdf","","","","http://localhost:4000/JRWA-Archive/objects/thumbs/funk_2009_sunro_copper_mine_restart_project_th.jpg","http://localhost:4000/JRWA-Archive/objects/funk_2009_sunro_copper_mine_restart_project.pdf",/JRWA-Archive/items/sunromine_reports_recent.html#sunromine_reports_recent_002
"2015 Technical Assessment Report for the New Sunro Property","Jacques Houle","2016-02-07","","Mining; Mining Reports; New Sunro","","","","","","pdf","pdf","","","","http://localhost:4000/JRWA-Archive/objects/thumbs/houle_2015_bc_mines_assessment_report__35982_th.jpg","http://localhost:4000/JRWA-Archive/objects/houle_2015_bc_mines_assessment_report__35982.PDF",/JRWA-Archive/items/sunromine_reports_recent.html#sunromine_reports_recent_003
"Geological and Geochemical Record on the Sunloch Claim ","Andris Kikauka","2004-04-12","","Mining; Mining Reports; Continued Mining Recommendation","","","","","","pdf","pdf","","","","http://localhost:4000/JRWA-Archive/objects/thumbs/kikauka_2004_bc_mines_assessment_report__27472_th.jpg","http://localhost:4000/JRWA-Archive/objects/kikauka_2004_bc_mines_assessment_report__27472.PDF",/JRWA-Archive/items/sunromine_reports_recent.html#sunromine_reports_recent_004
"Mining Exploration and Geology","","","","Terrestrial Ecological Risks; Human Health Risks; Regional Ecology; Geochemical; Seaweed","","","","","","record","","","","","http://localhost:4000/JRWA-Archive/objects/thumbs/gscmap_a_157a_e_1917_mn01.th.jpg","http://localhost:4000/JRWA-Archive/objects/",/JRWA-Archive/items/mining_exploration_and_geology.html
"East Sooke Geological Survey","Hon.E.L. Patenaude","1917","","Mining; Map; Geological Survey","","","","","","pdf","pdf","","","","http://localhost:4000/JRWA-Archive/objects/thumbs/gscmap_a_157a_e_1917_mn01.th.jpg","http://localhost:4000/JRWA-Archive/objects/gscmap_a_157a_e_1917_mn01.pdf",/JRWA-Archive/items/mining_exploration_and_geology.html#mining_exploration_and_geology_001
"East Sooke Geological Survey (Colored)","Hon.E.L. Patenaude","1918","","Mining; Map; Geological Survey","","","","","","pdf","pdf","","","","http://localhost:4000/JRWA-Archive/objects/thumbs/gscmap_a_167a_e_1917_mn01.th.jpg","http://localhost:4000/JRWA-Archive/objects/gscmap_a_167a_e_1917_mn01.pdf",/JRWA-Archive/items/mining_exploration_and_geology.html#mining_exploration_and_geology_002
"PROSPECTUS: MACSAN EXPLORATIONS LTD.","","1966-05-13","","Mining; Mineralization; Map; Mineral Assessment","","","","","","pdf","pdf","","","","http://localhost:4000/JRWA-Archive/objects/thumbs/macsan_exploration_prospectus_1966_svi_properties.th.jpg","http://localhost:4000/JRWA-Archive/objects/macsan_exploration_prospectus_1966_svi_properties.pdf",/JRWA-Archive/items/mining_exploration_and_geology.html#mining_exploration_and_geology_003
"Macsan Exploration Jordan River - Sooke Area Geology","","1965-01-01","","Mining; Geological Survey","","","","","","pdf","pdf","","","","http://localhost:4000/JRWA-Archive/objects/thumbs/mascan_1966_regional_geology_fileid_15079.th.jpg","http://localhost:4000/JRWA-Archive/objects/mascan_1966_regional_geology_fileid_15079.pdf",/JRWA-Archive/items/mining_exploration_and_geology.html#mining_exploration_and_geology_004
"Summary Report of the Geological Survey Department of Mines 1912","","1914","","Mining; Geological Survey","","","","","","pdf","pdf","","","","http://localhost:4000/JRWA-Archive/objects/thumbs/sum_rep_1912_en.th.jpg","http://localhost:4000/JRWA-Archive/objects/sum_rep_1912_en",/JRWA-Archive/items/mining_exploration_and_geology.html#mining_exploration_and_geology_005
"BEAU PRE EXPLORATIONS LIMITED  PROPERTIES SUMMARY ","Robert C. Beaupre","1989","","Mining; Property Location; Regional Geology; Valentine Mountain","","","","","","pdf","pdf","","","","http://localhost:4000/JRWA-Archive/objects/thumbs/valentine_mountain.th.jpg","http://localhost:4000/JRWA-Archive/objects/valentine_mountain",/JRWA-Archive/items/mining_exploration_and_geology.html#mining_exploration_and_geology_006
"British Columbia Geological Survey Spreadsheet","","","","Mining; ","","","","","","pdf","pdf","","","","http://localhost:4000/JRWA-Archive/objects/thumbs/bcgwmineral.th.jpg","http://localhost:4000/JRWA-Archive/objects/bcgwmineral.xlsx",/JRWA-Archive/items/mining_exploration_and_geology.html#mining_exploration_and_geology_007
"Sooke and Duncan Map-Areas","C.H. Clapp","1917","","Mining; Geological Survey","","","","","","pdf","pdf","","","","http://localhost:4000/JRWA-Archive/objects/thumbs/clapp_1917_geology_of_southern_vancouver_island.th.jpg","http://localhost:4000/JRWA-Archive/objects/clapp_1917_geology_of_southern_vancouver_island.pdf",/JRWA-Archive/items/mining_exploration_and_geology.html#mining_exploration_and_geology_008
"Annual Report of the Minister of Mines 1928","","1928","","Mining; Report; Gold; Coal; Metal Prices; Accident Reports; Mineral Claims; Mineral Survey","","","","","","pdf","pdf","","","","http://localhost:4000/JRWA-Archive/objects/thumbs/cloutier_1928_annual_reprt_of_minister_of_mines.th.jpg","http://localhost:4000/JRWA-Archive/objects/cloutier_1928_annual_reprt_of_minister_of_mines.pdf",/JRWA-Archive/items/mining_exploration_and_geology.html#mining_exploration_and_geology_009
"Gabbros of East Sooke and Rocky Point","H.C. Cooke","1919-11-15","","Mining; Geological Survey","","","","","","pdf","pdf","","","","http://localhost:4000/JRWA-Archive/objects/thumbs/cooke_1919_gabbros_of_east_sooke_and_rocky_point.th.jpg","http://localhost:4000/JRWA-Archive/objects/cooke_1919_gabbros_of_east_sooke_and_rocky_point.pdf",/JRWA-Archive/items/mining_exploration_and_geology.html#mining_exploration_and_geology_010
"Seaweed	as an exploration medium along inlets on the west coast of Canada.","Colin Dunn and Rick McCaffrey","2017-09","","Mining; Geochemical; Seaweed","","","","","","pdf","pdf","","","","http://localhost:4000/JRWA-Archive/objects/thumbs/dunn_2017_seaweed_and_a_exploration_medium_in_explore_176.th.jpg","http://localhost:4000/JRWA-Archive/objects/dunn_2017_seaweed_and_a_exploration_medium_in_explore_176.pdf",/JRWA-Archive/items/mining_exploration_and_geology.html#mining_exploration_and_geology_011
"Duncan Sheet Geological Survey","R.H. Chapman","1915","","Mining; Map; Geological Survey","","","","","","pdf","pdf","","","","http://localhost:4000/JRWA-Archive/objects/thumbs/gscmap_a_41a_e_1915_mn01_.th.jpg","http://localhost:4000/JRWA-Archive/objects/gscmap_a_41a_e_1915_mn01_.pdf",/JRWA-Archive/items/mining_exploration_and_geology.html#mining_exploration_and_geology_012
"Duncan Sheet Geological Survey (Colored)","R.H. Chapman","1918","","Mining; Map; Geological Survey","","","","","","pdf","pdf","","","","http://localhost:4000/JRWA-Archive/objects/thumbs/gscmap_a_42a_e_1918_mn01.th.jpg","http://localhost:4000/JRWA-Archive/objects/gscmap_a_42a_e_1918_mn01.pdf",/JRWA-Archive/items/mining_exploration_and_geology.html#mining_exploration_and_geology_013
"Sooke Sheet Geological Survey","R.H. Chapman","1914","","Mining; Map; Geological Survey","","","","","","pdf","pdf","","","","http://localhost:4000/JRWA-Archive/objects/thumbs/gscmap_a_43a_e_1914_mn01_.th.jpg","http://localhost:4000/JRWA-Archive/objects/gscmap_a_43a_e_1914_mn01_.pdf",/JRWA-Archive/items/mining_exploration_and_geology.html#mining_exploration_and_geology_014
"Sooke Sheet Geological Survey (Colored)","R.H. Chapman","1918","","Mining; Map; Geological Survey","","","","","","pdf","pdf","","","","http://localhost:4000/JRWA-Archive/objects/thumbs/gscmap_a_44a_e_1918_mn01.th.jpg","http://localhost:4000/JRWA-Archive/objects/gscmap_a_44a_e_1918_mn01.pdf",/JRWA-Archive/items/mining_exploration_and_geology.html#mining_exploration_and_geology_015
"Other Mine Reports Etc","","","","Mining; Regulation; Mine Development Assessment Process; Integrated Land Use; Water Quality Regulation; Wildlife Protection; copper mine tailings; gold mine tailings; metal–metalloid components; non-metal components; metallurgical reagents; acid rock drainage; metal leaching potential; toxicity; risks; responsible tailings management","","","","","","record","","","","","http://localhost:4000/JRWA-Archive/objects/thumbs/mathieu__1961_flotation_tests_of_samples_form_sunro_mine__cdn_department_of_mines_and_technical_surveys,_gid_324838.th.jpg","",/JRWA-Archive/items/other_mine_reports.html
"Flotation Test on Two Samples of Copper Ore from the Sunro Mine ","G. I. MATHIEU ","1961-07-10","","Mining; Cowichan; Copper; Floatation","","","","","","pdf","pdf","","","","http://localhost:4000/JRWA-Archive/objects/thumbs/mathieu__1961_flotation_tests_of_samples_form_sunro_mine__cdn_department_of_mines_and_technical_surveys,_gid_324838.th.jpg","http://localhost:4000/JRWA-Archive/objects/mathieu__1961_flotation_tests_of_samples_form_sunro_mine__cdn_department_of_mines_and_technical_surveys,_gid_324838.pdf",/JRWA-Archive/items/other_mine_reports.html#other_mine_reports_001
"Socio-Environmental Risks Linked with Mine Tailings Chemical Composition: Promoting Responsible and Safe Mine Tailings Management Considering Copper and Gold Mining Experiences from Chile and Peru","Carlos Cacciuttolo et al.","2023-05-16","","Mining; copper mine tailings; gold mine tailings; metal–metalloid components; non-metal components; metallurgical reagents; acid rock drainage; metal leaching potential; toxicity; risks; responsible tailings management","","","","","","pdf","pdf","","","","http://localhost:4000/JRWA-Archive/objects/thumbs/toxics_11_00462.th.jpg","http://localhost:4000/JRWA-Archive/objects/toxics_11_00462.pdf",/JRWA-Archive/items/other_mine_reports.html#other_mine_reports_002
"Abandoned Mine Drainage: An Epic Tale","","2010","","Mining; Pollution ","","","","","","pdf","pdf","","","","http://localhost:4000/JRWA-Archive/objects/thumbs/wpcamr_2010_abandoned_mine_drainage_an_epic_tale.th.jpg","http://localhost:4000/JRWA-Archive/objects/wpcamr_2010_abandoned_mine_drainage_an_epic_tale.pdf",/JRWA-Archive/items/other_mine_reports.html#other_mine_reports_003
"IMPACT ASSESSMENT OF METAL MINES IN BRITISH COLUMBIA: AN EVALUATION","Thomas Soehl","1993-07","","Mining; Regulation; Mine Development Assessment Process; Integrated Land Use; Water Quality Regulation; Wildlife Protection ","","","","","","pdf","pdf","","","","http://localhost:4000/JRWA-Archive/objects/thumbs/__soehl_t__1993_a_manuscript_report_prepared_for_cearc_en107_3_136_1993_eng.th.jpg","http://localhost:4000/JRWA-Archive/objects/__soehl_t__1993_a_manuscript_report_prepared_for_cearc_en107_3_136_1993_eng.pdf",/JRWA-Archive/items/other_mine_reports.html#other_mine_reports_004
"Digging Up a Legislative History Mining Law in British Columbia","","2018","","Research; Mining Law; ","","","","","","pdf","pdf","","","","http://localhost:4000/JRWA-Archive/objects/thumbs/_elc_2018_timeline_of_mining_law_in_bc.th.jpg","http://localhost:4000/JRWA-Archive/objects/_elc_2018_timeline_of_mining_law_in_bc.pdf",/JRWA-Archive/items/other_mine_reports.html#other_mine_reports_005
"B.C.’s top polluting and risky mines","","2023","","Mining; Pollution; Mining Sites","","","","","","report","application/pdf","","","","http://localhost:4000/JRWA-Archive/objects/thumbs/bcmlr_dirty_dozen_report_2023_web.th.jpg","http://localhost:4000/JRWA-Archive/objects/bcmlr_dirty_dozen_report_2023_web.pdf",/JRWA-Archive/items/other_mine_reports.html#other_mine_reports_006
"A Century of Discovery","Doug Donnelly","2012","","Mining; Mining Industry Publication","","","","","","Magazine","application/pdf","","","","http://localhost:4000/JRWA-Archive/objects/thumbs/century_of_discovery_original_res.th.jpg","http://localhost:4000/JRWA-Archive/objects/century_of_discovery_original_res.pdf",/JRWA-Archive/items/other_mine_reports.html#other_mine_reports_007
"Factual Record BC Mining Submission","","","","Mining; Mining Violations; Fisheries Act; Abandoned Mines","","","","","","pdf","application/pdf","","","","http://localhost:4000/JRWA-Archive/objects/thumbs/factual_record_bc_mining_submission_98_4_ffr_en.th.jpg","http://localhost:4000/JRWA-Archive/objects/factual_record_bc_mining_submission_98_4_ffr_en.pdf",/JRWA-Archive/items/other_mine_reports.html#other_mine_reports_008
"Report [submitted] to the Hon. leo T. Nimssick,Minister of Mines and Petroleum Resources ","J.E. McMynn","1975","","Mining; Book","","","","","","pdf","pdf","","","","http://localhost:4000/JRWA-Archive/objects/thumbs/je_mcmynn_1975_copper_task_force_report.th.jpg","http://localhost:4000/JRWA-Archive/objects/je_mcmynn_1975_copper_task_force_report.pdf",/JRWA-Archive/items/other_mine_reports.html#other_mine_reports_009
"A Review of the Report of the British Columbia Copper Task Force ","Lorne Sivertson","1975","","Mining; Book","","","","","","pdf","pdf","","","","http://localhost:4000/JRWA-Archive/objects/thumbs/le_siverton_1975_a_review_of_report_of_the_copper_taks_force.th.jpg","http://localhost:4000/JRWA-Archive/objects/le_siverton_1975_a_review_of_report_of_the_copper_taks_force.pdf",/JRWA-Archive/items/other_mine_reports.html#other_mine_reports_010
"Mining Teck Contaminated Site Reports","","","","Mining; Environmental Damages Fund; Fish Habitat Health; Spawning; Ecological Risk Assessment; Copper Sampling; Fish Population; Terrestrial Ecological Risks; Human health Risks; Regional Ecology","","","","","","record","","","","","http://localhost:4000/JRWA-Archive/objects/thumbs/.th.jpg","",/JRWA-Archive/items/mining_teck_contaminated_site_reports.html
"Satellite Photo outline of Waste Rock Pile","","","","Mining; Teck; Contamination; ","","","","","","jpg","jpg","","","","http://localhost:4000/JRWA-Archive/objects/thumbs/image003.th.jpg","http://localhost:4000/JRWA-Archive/objects/image003.jpg",/JRWA-Archive/items/mining_teck_contaminated_site_reports.html#mining_teck_contaminated_site_reports_001
"Waste Rock Pile","","","","Mining; Teck; Contamination; ","","","","","","jpg","jpg","","","","http://localhost:4000/JRWA-Archive/objects/thumbs/image004.th.jpg","http://localhost:4000/JRWA-Archive/objects/image004.jpg",/JRWA-Archive/items/mining_teck_contaminated_site_reports.html#mining_teck_contaminated_site_reports_002
"Michelle Unger (Teck) Emails relating to contaminated site","Neil Nunn; Michelle Unger; Ken Farquharson","","","Mining; Teck; Contamination; Cover; ","","","","","","pdf","pdf","","","","http://localhost:4000/JRWA-Archive/objects/thumbs/june_5_2023_michelle_unger_email_re_jordan_river_progress.th.jpg","http://localhost:4000/JRWA-Archive/objects/june_5_2023_michelle_unger_email_re_jordan_river_progress.pdf",/JRWA-Archive/items/mining_teck_contaminated_site_reports.html#mining_teck_contaminated_site_reports_003
"Supplemental Stage 1 and Limited Stage 2 Preliminary Site Investigation and Preliminary Risk Opinion","Robin Westland et al.","2016-06-24","","Mining; Teck; Contamination; ","","","","","","pdf","pdf","","","","http://localhost:4000/JRWA-Archive/objects/thumbs/sunro_psi_final.th.jpg","http://localhost:4000/JRWA-Archive/objects/sunro_psi_final.pdf",/JRWA-Archive/items/mining_teck_contaminated_site_reports.html#mining_teck_contaminated_site_reports_004
"Q3/Q4 2018 Progress Report for Management of High Risk Conditions at the 5100 Portal Area of the former Sunro Mine, Jordan River BC","Michele Unger","2019-01-15","","Mining; Teck; Contamination; Ecological Risk Assessment; Copper Sampling; Fish Population; ","","","","","","pdf","pdf","","","","http://localhost:4000/JRWA-Archive/objects/thumbs/2019_jan_env_sunro_semi_annual_report_update.th.jpg","http://localhost:4000/JRWA-Archive/objects/2019_jan_env_sunro_semi_annual_report_update.pdf",/JRWA-Archive/items/mining_teck_contaminated_site_reports.html#mining_teck_contaminated_site_reports_005
"Q3/Q4 2019 Progress Report for Management of High-Risk Conditions at the 5100 Portal Area of the former Sunro Mine, Jordan River BC,","Michele Unger","2019-01-15","","Mining; Teck; Contamination; Waste Rock Piles; Remediation ","","","","","","pdf","pdf","","","","http://localhost:4000/JRWA-Archive/objects/thumbs/2020_01_15_env_sunro_semi_annual_report_update.th.jpg","http://localhost:4000/JRWA-Archive/objects/2020_01_15_env_sunro_semi_annual_report_update.pdf",/JRWA-Archive/items/mining_teck_contaminated_site_reports.html#mining_teck_contaminated_site_reports_006
"Summary of Remedial Options: North and South Waste Rock Piles","","2020-10-22","","Mining; Teck; Contamination; Waste Rock Piles; Sulphide Leaching; Erosion; Watershed; Management in Place; New Sunro Copper Ltd.; Remediation","","","","","","pdf","pdf","","","","http://localhost:4000/JRWA-Archive/objects/thumbs/2020_10_22_sunro_final_handout1.th.jpg","http://localhost:4000/JRWA-Archive/objects/2020_10_22_sunro_final_handout1.pdf",/JRWA-Archive/items/mining_teck_contaminated_site_reports.html#mining_teck_contaminated_site_reports_007
"Environmental Damages Fund Teck Coal Ltd. Penalty","","2022-10-31","","Mining; Teck; Contamination; Environmental Damages Fund; Fish Habitat Health; Spawning;  ","","","","","","pdf","pdf","","","","http://localhost:4000/JRWA-Archive/objects/thumbs/2022_engagement_session___teck_coal_edf_award___2022_31_10_final.th.jpg","http://localhost:4000/JRWA-Archive/objects/2022_engagement_session___teck_coal_edf_award___2022_31_10_final.pdf",/JRWA-Archive/items/mining_teck_contaminated_site_reports.html#mining_teck_contaminated_site_reports_008
"2024 Annual Progress Report for Management of High-Risk Conditions at the 5100 Portal Area of the former Sunro Mine, Jordan River BC","Michele Unger","2024-07-15","","Mining; Teck; Contamination; Waste Rock Piles; Remediation; Ecological Risk Assessment; Copper Sampling; Fish Population;  ","","","","","","pdf","pdf","","","","http://localhost:4000/JRWA-Archive/objects/thumbs/2024_07_15_env_sunro_annual_report.th.jpg","http://localhost:4000/JRWA-Archive/objects/2024_07_15_env_sunro_annual_report.pdf",/JRWA-Archive/items/mining_teck_contaminated_site_reports.html#mining_teck_contaminated_site_reports_009
"Contaminated Sites Services Application Form","Michele Unger","2024-07-15","","Mining; Teck; Contamination; ","","","","","","pdf","pdf","","","","http://localhost:4000/JRWA-Archive/objects/thumbs/2024_07_15_sun_16790_ccsaf.th.jpg","http://localhost:4000/JRWA-Archive/objects/2024_07_15_sun_16790_ccsaf.pdf",/JRWA-Archive/items/mining_teck_contaminated_site_reports.html#mining_teck_contaminated_site_reports_010
"Preliminary Terrestrial Risk Assessment","Lindsay Du Gas; Lindsay Woof","2024-06-05","","Mining; Teck; Contamination; Terrestrial Ecological Risks; Human health Risks; Regional Ecology","","","","","","pdf","pdf","","","","http://localhost:4000/JRWA-Archive/objects/thumbs/20240605_631848_rpt_sunro_swr_ptra_final.th.jpg","http://localhost:4000/JRWA-Archive/objects/20240605_631848_rpt_sunro_swr_ptra_final.pdf",/JRWA-Archive/items/mining_teck_contaminated_site_reports.html#mining_teck_contaminated_site_reports_012
"Teck Resources Limited","DEPARTMENT OF MINES AND TECHNICAL SURiee","2024-07-10","","Mining; Teck; Contamination; Water Quality; Water Quality Monitoring; Temporary Liner","","","","","","pdf","pdf","","","","http://localhost:4000/JRWA-Archive/objects/thumbs/20240710_697296_mem_water_sampling_final.th.jpg","http://localhost:4000/JRWA-Archive/objects/20240710_697296_mem_water_sampling_final.pdf",/JRWA-Archive/items/mining_teck_contaminated_site_reports.html#mining_teck_contaminated_site_reports_013
"Satellite Photo outline of Waste Rock Pile","","","","Mining; Teck; Contamination; ","","","","","","jpg","jpg","","","","http://localhost:4000/JRWA-Archive/objects/thumbs/image002.th.jpg","http://localhost:4000/JRWA-Archive/objects/image002.png",/JRWA-Archive/items/mining_teck_contaminated_site_reports.html#mining_teck_contaminated_site_reports_014
"Salmon and Habitat Restoration","","","","Salmon; Restoration; Salmon Canning; Spawning; Side Channel Construction; Hydroelectric; B.C. Hydro; Spawning; Habitat Restoration; Dam Decommissioning; Dam Management; Stream networks; Map; Watershed; Fish Inventory; ","","","","","","record","","","","","http://localhost:4000/JRWA-Archive/objects/thumbs/micfitzthesisfinal2015.th.jpg","",/JRWA-Archive/items/salmon_and_habitat_restoration.html
"The Rise and Demise of J.H. Todd and Sons, British Columbia’s Enduring Independent Salmon Canners ","Mickey Fitzgerald","2015","","Salmon; Salmon Canning; ","","","","","","pdf","pdf","","","","http://localhost:4000/JRWA-Archive/objects/thumbs/micfitzthesisfinal2015.th.jpg","http://localhost:4000/JRWA-Archive/objects/micfitzthesisfinal2015.pdf",/JRWA-Archive/items/salmon_and_habitat_restoration.html#salmon_and_habitat_restoration_001
"Early Attempts at Establishing Exclusive Rights in the British Columbia Salmon Fishery","Frank Millerd","2007","","Salmon; Resource Management; ","","","","","","png","png","","","","http://localhost:4000/JRWA-Archive/objects/thumbs/millerd_2007_early_attemps_at_establising_exclusive_right_in_bc_salmon_fishery.th.jpg","http://localhost:4000/JRWA-Archive/objects/millerd_2007_early_attemps_at_establising_exclusive_right_in_bc_salmon_fishery.png",/JRWA-Archive/items/salmon_and_habitat_restoration.html#salmon_and_habitat_restoration_002
"Turning Points in the Development of the British Columbia Salmon Fishery","Frank Millerd","2007","","Salmon; Traps; Fishing Rights","","","","","","pdf","pdf","","","","http://localhost:4000/JRWA-Archive/objects/thumbs/millerd_turning_points.th.jpg","http://localhost:4000/JRWA-Archive/objects/millerd_turning_points.pdf",/JRWA-Archive/items/salmon_and_habitat_restoration.html#salmon_and_habitat_restoration_003
"Fisheries, Aquaculture, and Wild Salmon Branch Ministry of Water, Land, and Resource Stewardship: Provincial Update","","2023-11-14","","Salmon; Restoration; Indigenous Nations; Land Use; Biodiversity; Ecosystem; Watershed","","","","","","pdf","pdf","","","","http://localhost:4000/JRWA-Archive/objects/thumbs/provincial_update_wlrs%5B41847%5D.th.jpg","http://localhost:4000/JRWA-Archive/objects/provincial_update_wlrs%5B41847%5D.pdf",/JRWA-Archive/items/salmon_and_habitat_restoration.html#salmon_and_habitat_restoration_004
"Recent information on salmon stocks in British Columbia","W.E. Ricker and J.I. Manzer","1967-10","","Salmon; Restoration; Salmon Stock Assessment","","","","","","pdf","pdf","","","","http://localhost:4000/JRWA-Archive/objects/thumbs/ricker_1967_frbc_series_recent_info_on_salmon_stock_in_bc_.th.jpg","http://localhost:4000/JRWA-Archive/objects/ricker_1967_frbc_series_recent_info_on_salmon_stock_in_bc_.pdf",/JRWA-Archive/items/salmon_and_habitat_restoration.html#salmon_and_habitat_restoration_005
"Jordan River Historical Salmonid Survey","","2001-01","","Salmon; Restoration; Salmon Stock Assessment","","","","","","pdf","pdf","","","","http://localhost:4000/JRWA-Archive/objects/thumbs/rrl_2001_jordan_river_historical_salmonid_survey.th.jpg","http://localhost:4000/JRWA-Archive/objects/rrl_2001_jordan_river_historical_salmonid_survey.pdf",/JRWA-Archive/items/salmon_and_habitat_restoration.html#salmon_and_habitat_restoration_007
"Sand and Gravel Management and Fish-Habitat Protection in British Columbia Salmon and Steelhead Streams","Dr. Marvin L. Rosenau and Mark Angelo ","","","Salmon; Restoration; Spawning; Sediment; Sand; Gravel","","","","","","pdf","pdf","","","","http://localhost:4000/JRWA-Archive/objects/thumbs/sand_and_gravel.th.jpg","http://localhost:4000/JRWA-Archive/objects/sand_and_gravel.pdf",/JRWA-Archive/items/salmon_and_habitat_restoration.html#salmon_and_habitat_restoration_008
"Salmon and Interconnectedness","","","","Salmon; Restoration; First Nations; Indigenous Nations; Interconnectedness; Lifecycle","","","","","","pdf","pdf","","","","http://localhost:4000/JRWA-Archive/objects/thumbs/science_first_peoples_2020_teacher_resource_guide_unit_6_salmon.th.jpg","http://localhost:4000/JRWA-Archive/objects/science_first_peoples_2020_teacher_resource_guide_unit_6_salmon.pdf",/JRWA-Archive/items/salmon_and_habitat_restoration.html#salmon_and_habitat_restoration_009
"Report of the Fisheries Commissioner for British Columbia for the Year 1902","British Columbia Legislative Assembly","1903","","Salmon; Restoration; Fisheries","","","","","","png","png","","","","http://localhost:4000/JRWA-Archive/objects/thumbs/screen_shot_2022_04_18_at_3_15_08_pm.th.jpg","http://localhost:4000/JRWA-Archive/objects/screen_shot_2022_04_18_at_3_15_08_pm.png",/JRWA-Archive/items/salmon_and_habitat_restoration.html#salmon_and_habitat_restoration_010
"Salmon hatcheries are no Silver Bullet for Rebuilding Fish Populations","","2020","","Salmon; Restoration; Fish Hatcheries; Habitat Restoration","","","","","","pdf","pdf","","","","http://localhost:4000/JRWA-Archive/objects/thumbs/young_2020_wild_works_best.th.jpg","http://localhost:4000/JRWA-Archive/objects/young_2020_wild_works_best.pdf",/JRWA-Archive/items/salmon_and_habitat_restoration.html#salmon_and_habitat_restoration_011
"FEASIBILITY FOR Side Channel DEVELOPMENT ON THE EAST SIDE OF REACH 1 OF THE JORDAN RIVER","D.W. Burt","2014-04-09","","Salmon; Restoration; Spawning; Side Channel Construction; Hydroelectric; B.C. Hydro","","","","","","pdf","pdf","","","","http://localhost:4000/JRWA-Archive/objects/thumbs/13_jor01_sidech_1406731211794_6730808870.th.jpg","http://localhost:4000/JRWA-Archive/objects/13_jor01_sidech_1406731211794_6730808870.pdf",/JRWA-Archive/items/salmon_and_habitat_restoration.html#salmon_and_habitat_restoration_012
"ASSESSMENT OF GRAVEL QUANTITY/QUALITY/STABILITY AND STRANDING RISKS IN REACH 1 OF THE JORDAN RIVER ","D.W. Burt","2014-05-13","","Salmon; Restoration; Spawning; Scouring; Hydroelectric; B.C. Hydro","","","","","","pdf","pdf","","","","http://localhost:4000/JRWA-Archive/objects/thumbs/13_jor02_spawning_1406731054501_6730808870.th.jpg","http://localhost:4000/JRWA-Archive/objects/13_jor02_spawning_1406731054501_6730808870.pdf",/JRWA-Archive/items/salmon_and_habitat_restoration.html#salmon_and_habitat_restoration_013
"Productivity (Recruits-per-Spawner) Data for Sockeye, Pink, and Chum Salmon from British Columbia ","A.D. Ogden, et. al","2015","","Salmon; Restoration; Technical Report","","","","","","pdf","pdf","","","","http://localhost:4000/JRWA-Archive/objects/thumbs/359366.th.jpg","http://localhost:4000/JRWA-Archive/objects/359366.pdf",/JRWA-Archive/items/salmon_and_habitat_restoration.html#salmon_and_habitat_restoration_014
"","","","","Salmon; Restoration; ","","","","","","pdf","pdf","","","","http://localhost:4000/JRWA-Archive/objects/thumbs/aopen_data_portaljanuary_2019nuseds_background_information.th.jpg","http://localhost:4000/JRWA-Archive/objects/aopen_data_portaljanuary_2019nuseds_background_information.rtf",/JRWA-Archive/items/salmon_and_habitat_restoration.html#salmon_and_habitat_restoration_015
"open data portal ","","2019-01","","Salmon; Restoration; ","","","","","","pdf","pdf","","","","http://localhost:4000/JRWA-Archive/objects/thumbs/aopen_data_portaljanuary_2019nuseds_report_definitions.th.jpg","http://localhost:4000/JRWA-Archive/objects/aopen_data_portaljanuary_2019nuseds_report_definitions.pdf",/JRWA-Archive/items/salmon_and_habitat_restoration.html#salmon_and_habitat_restoration_016
"B.C. forest watchdog says province should improve watershed management","","2024-09-17","","Salmon; Restoration Spawning; Side Channel Construction; Hydroelectric; B.C. Hydro","","","","","","pdf","pdf","","","","http://localhost:4000/JRWA-Archive/objects/thumbs/b_c__forest_watchdog_says_province_should_improve_watershed_management___bc_news___castanet_net.th.jpg","http://localhost:4000/JRWA-Archive/objects/b_c__forest_watchdog_says_province_should_improve_watershed_management___bc_news___castanet_net.pdf",/JRWA-Archive/items/salmon_and_habitat_restoration.html#salmon_and_habitat_restoration_017
"British Columbia Salmon Restoration and Innovation Fund: Funding Summary as of September 2021","","2021-09","","Salmon; Restoration; Funding","","","","","","pdf","pdf","","","","http://localhost:4000/JRWA-Archive/objects/thumbs/bc_salmon_restoration_and_innovative_fund.th.jpg","http://localhost:4000/JRWA-Archive/objects/bc_salmon_restoration_and_innovative_fund.pdf",/JRWA-Archive/items/salmon_and_habitat_restoration.html#salmon_and_habitat_restoration_018
"APPLICATIONS FOR FORESHORE RIGHTS. ","W.C. Wells","1902-05-05","","Foreshore Rights","","","","","","pdf","pdf","","","","http://localhost:4000/JRWA-Archive/objects/thumbs/bcsessional_1_0064128.th.jpg","http://localhost:4000/JRWA-Archive/objects/bcsessional_1_0064128.pdf",/JRWA-Archive/items/salmon_and_habitat_restoration.html#salmon_and_habitat_restoration_019
"Report of the Fisheries Commissioner for British Columbia ","John Pease Babcock","1902","","Salmon; Fisheries; ","","","","","","pdf","pdf","","","","http://localhost:4000/JRWA-Archive/objects/thumbs/bcsessional_1_0064162.th.jpg","http://localhost:4000/JRWA-Archive/objects/bcsessional_1_0064162.pdf",/JRWA-Archive/items/salmon_and_habitat_restoration.html#salmon_and_habitat_restoration_020
"Annual Report of the Department of Fisheries, Dominion of Canada","","1884","","Salmon; Fisheries","","","","","","pdf","pdf","","","","http://localhost:4000/JRWA-Archive/objects/thumbs/deptment_of_fisheries_1884_annual_report.th.jpg","http://localhost:4000/JRWA-Archive/objects/deptment_of_fisheries_1884_annual_report.pdf",/JRWA-Archive/items/salmon_and_habitat_restoration.html#salmon_and_habitat_restoration_021
"Salmonid Enhancement Program Update 78: Public Inquiry Submission","","1979-05","","Salmon; Restoration; Indigenous Community; Salmonid Enhancement Program","","","","","","pdf","pdf","","","","http://localhost:4000/JRWA-Archive/objects/thumbs/dfo_1979_sep_update_78.th.jpg","http://localhost:4000/JRWA-Archive/objects/dfo_1979_sep_update_78.pdf",/JRWA-Archive/items/salmon_and_habitat_restoration.html#salmon_and_habitat_restoration_022
"Annual Report of Salmon Stream and Spawning Grounds an Historical Review","HR McNairnay","1987-05","","Salmon; Fishing; Historical Review","","","","","","pdf","pdf","","","","http://localhost:4000/JRWA-Archive/objects/thumbs/dfo_1987_bc16_annual_report_of_salmon_stream_and_spawning_grounds.th.jpg","http://localhost:4000/JRWA-Archive/objects/dfo_1987_bc16_annual_report_of_salmon_stream_and_spawning_grounds.pdf",/JRWA-Archive/items/salmon_and_habitat_restoration.html#salmon_and_habitat_restoration_023
"2016 West Coast of Vancouver Island Salmon Extensive Escapement Stream Summary","D. McHugh and S.A. King","2018","","Salmon; Restoration; Fish Stock","","","","","","pdf","pdf","","","","http://localhost:4000/JRWA-Archive/objects/thumbs/dfo_2018_report.th.jpg","http://localhost:4000/JRWA-Archive/objects/dfo_2018_report.pdf",/JRWA-Archive/items/salmon_and_habitat_restoration.html#salmon_and_habitat_restoration_024
"Fish Habitat Inventory and Information Program: Stream Summary Catalogue","","1987-10","","Salmon; Restoration; ","","","","","","pdf","pdf","","","","http://localhost:4000/JRWA-Archive/objects/thumbs/fhiip_1987_stream_summary_catalogue_20_sooke_fisheries_and_oceans.th.jpg","http://localhost:4000/JRWA-Archive/objects/fhiip_1987_stream_summary_catalogue_20_sooke_fisheries_and_oceans.pdf",/JRWA-Archive/items/salmon_and_habitat_restoration.html#salmon_and_habitat_restoration_026
"Integrated Fisheries Management Plan  ","","2019","","Salmon; Restoration; Conservation; Commercial Fisheries; Stock Assessment","","","","","","pdf","pdf","","","","http://localhost:4000/JRWA-Archive/objects/thumbs/foc_2019_integrated_fisheries_mnagement_plan.th.jpg","http://localhost:4000/JRWA-Archive/objects/foc_2019_integrated_fisheries_mnagement_plan.pdf",/JRWA-Archive/items/salmon_and_habitat_restoration.html#salmon_and_habitat_restoration_028
"Wild Salmon Policy 2018 to 2022 Implementation Plan","","2022","","Salmon; Restoration; Stock Assessment; Resource Management; Salmonid; Stewardship ","","","","","","pdf","pdf","","","","http://localhost:4000/JRWA-Archive/objects/thumbs/foc_2022_wild_salmon_policy_2018_to_2022_implementation_plan.th.jpg","http://localhost:4000/JRWA-Archive/objects/foc_2022_wild_salmon_policy_2018_to_2022_implementation_plan.pdf",/JRWA-Archive/items/salmon_and_habitat_restoration.html#salmon_and_habitat_restoration_029
"For the love of salmon","","2018-02-17","","Salmon; Restoration; Restoration; Spawning; Habitat Restoration","","","","","","pdf","pdf","","","","http://localhost:4000/JRWA-Archive/objects/thumbs/for_the_love_of_salmon.th.jpg","http://localhost:4000/JRWA-Archive/objects/for_the_love_of_salmon.pdf",/JRWA-Archive/items/salmon_and_habitat_restoration.html#salmon_and_habitat_restoration_030
"Taking Stock: Assessment of Salmon Runs on the North and Central Coasts of BC","Simon Thomson and Misty MacDuffee","","","Salmon; Restoration; Stock Assessment; ","","","","","","pdf","pdf","","","","http://localhost:4000/JRWA-Archive/objects/thumbs/ghostruns_chap2.th.jpg","http://localhost:4000/JRWA-Archive/objects/ghostruns_chap2.pdf",/JRWA-Archive/items/salmon_and_habitat_restoration.html#salmon_and_habitat_restoration_031
"DEPARTMENT OF MINES AND TECHNICAL ","D.E. Marshall et al.","1977","","Salmon; Restoration; Map; Conservation; Spawning; Sediment Composition; Stock Assessment","","","","","","pdf","pdf","","","","http://localhost:4000/JRWA-Archive/objects/thumbs/marshall_1977_prelim_catalogue_of_salmon_streams_fisheries_and_env_can.th.jpg","http://localhost:4000/JRWA-Archive/objects/marshall_1977_prelim_catalogue_of_salmon_streams_fisheries_and_env_can.pdf",/JRWA-Archive/items/salmon_and_habitat_restoration.html#salmon_and_habitat_restoration_032
"2016 West Coast of Vancouver Island Salmon Extensive Escapement Stream Summary ","D. McHugh and S.A. King","2018","","Salmon; Restoration; Stream Assessment; Salmon Stock Assessment","","","","","","pdf","pdf","","","","http://localhost:4000/JRWA-Archive/objects/thumbs/mchugh_2018_vancouver_ialsnsalmon_extensive_stream_summary_report_fisheries_and_oceans_can.th.jpg","http://localhost:4000/JRWA-Archive/objects/mchugh_2018_vancouver_ialsnsalmon_extensive_stream_summary_report_fisheries_and_oceans_can.pdf",/JRWA-Archive/items/salmon_and_habitat_restoration.html#salmon_and_habitat_restoration_033
"Fisheries and Oceans Canada Fish and Fish Habitat Protection Program Engagement Fact Sheet","","2021-01","","Salmon; Restoration; ","","","","","","pdf","pdf","","","","http://localhost:4000/JRWA-Archive/objects/thumbs/foc_2021_ffpech_fish_and_fish_habitat_protection_program_engagement_fact_sheet.th.jpg","http://localhost:4000/JRWA-Archive/objects/foc_2021_ffpech_fish_and_fish_habitat_protection_program_engagement_fact_sheet.pdf",/JRWA-Archive/items/salmon_and_habitat_restoration.html#salmon_and_habitat_restoration_034
"Framework to Identify Fish Habitat Restoration Priorities","","","","Salmon; Restoration; Habitat Restoration","","","","","","pdf","pdf","","","","http://localhost:4000/JRWA-Archive/objects/thumbs/foc_2021_ffpech_framework_to_identify_fish_habitat_restoration_prioritiies.th.jpg","http://localhost:4000/JRWA-Archive/objects/foc_2021_ffpech_framework_to_identify_fish_habitat_restoration_prioritiies.pdf",/JRWA-Archive/items/salmon_and_habitat_restoration.html#salmon_and_habitat_restoration_035
"River Recover: Restoring Rivers and Streams through Dam Decommissioning and Modification","Rodney Stott and Laurie Smith","2001-04-07","","Salmon; Restoration; Habitat Restoration; Dam Decommissioning; Dam Management","","","","","","pdf","pdf","","","","http://localhost:4000/JRWA-Archive/objects/thumbs/scott_2001_restoring_rivers_and_streams_through_dam_decommissioning_and_modificatinon.th.jpg","http://localhost:4000/JRWA-Archive/objects/scott_2001_restoring_rivers_and_streams_through_dam_decommissioning_and_modificatinon.pdf",/JRWA-Archive/items/salmon_and_habitat_restoration.html#salmon_and_habitat_restoration_036
"Sensitive Habitat Inventory mapping","Mason, B., and R. Knight","2001","","Salmon; Restoration; Stream networks; Map; Watershed; Fish Inventory; ","","","","","","pdf","pdf","","","","http://localhost:4000/JRWA-Archive/objects/thumbs/sensitive_habitat_mapping.th.jpg","http://localhost:4000/JRWA-Archive/objects/sensitive_habitat_mapping.pdf",/JRWA-Archive/items/salmon_and_habitat_restoration.html#salmon_and_habitat_restoration_037
"SUSTAINABLE DEVELOPMENT Exploring the contradictions ","Nonita T. Yap ","1990","","Salmon; Restoration; Sustainability; Development","","","","","","pdf","pdf","","","","http://localhost:4000/JRWA-Archive/objects/thumbs/yap_1990_sustainable_development_exploring_the_contradictions.th.jpg","http://localhost:4000/JRWA-Archive/objects/yap_1990_sustainable_development_exploring_the_contradictions.pdf",/JRWA-Archive/items/salmon_and_habitat_restoration.html#salmon_and_habitat_restoration_038
"Copper Water Quality Guideline for the Protection of Freshwater Aquatic Life ","","2019","","Salmon; Restoration; Copper; Watershed; Environmental Damage; Ecology","","","","","","pdf","pdf","","","","http://localhost:4000/JRWA-Archive/objects/thumbs/bc_copper_wqg_aquatic_life_technical_report.th.jpg","http://localhost:4000/JRWA-Archive/objects/bc_copper_wqg_aquatic_life_technical_report.pdf",/JRWA-Archive/items/salmon_and_habitat_restoration.html#salmon_and_habitat_restoration_039
"HABITAT RESTORATION &amp; SALMON ENHANCEMENT PROGRAM: Summary Report","Habitat Restoration and Salmon Enhancement Program","1999","","Salmon; Restoration; Habitat Restoration; Salmon Stock Assessment; ","","","","","","pdf","pdf","","","","http://localhost:4000/JRWA-Archive/objects/thumbs/dfo_habitat_restoration.th.jpg","http://localhost:4000/JRWA-Archive/objects/dfo_habitat_restoration.pdf",/JRWA-Archive/items/salmon_and_habitat_restoration.html#salmon_and_habitat_restoration_040
"Jamie Constable: Thesis","","","","Research; Watershed Governance; Supply-Management; Basin Overbuilding; Resource Management; Local Watershed Entities; Collaboration; Environmental Governance; Geography; Salmon; Tailings; Water Chemistry; Water Quality; Water Use Plan; Discharge; Salmon; Historical Review; Mine Collapse","","","","","","record","","","","","http://localhost:4000/JRWA-Archive/objects/thumbs/water_governance_paper.th.jpg","",/JRWA-Archive/items/jamie_constable_jordan_river_research.html
"Taking the “Rains” into Local Hands: Water Governance in British Columbia ","Jamie Constable","2015-07-15","","Research; Watershed Governance; Supply-Management; Basin Overbuilding; Resource Management; Local Watershed Entities; Collaboration; Environmental Governance","","","","","","pdf","pdf","","","","http://localhost:4000/JRWA-Archive/objects/thumbs/water_governance_paper.th.jpg","http://localhost:4000/JRWA-Archive/objects/water_governance_paper.pdf",/JRWA-Archive/items/jamie_constable_jordan_river_thesis.html#jamie_constable_jordan_river_thesis_001
"Building the Capacity for Watershed Governance","Jamie Joyce Edwards","2020","","Research; Watershed Governance; Geography; Salmon; Tailings; Water Chemistry; Water Quality","","","","","","pdf","pdf","","","","http://localhost:4000/JRWA-Archive/objects/thumbs/edwards_2020_msc_thesis_building_the_capacity_for_watershed_governance.th.jpg","http://localhost:4000/JRWA-Archive/objects/edwards_2020_msc_thesis_building_the_capacity_for_watershed_governance.pdf",/JRWA-Archive/items/jamie_constable_jordan_river_thesis.html#jamie_constable_jordan_river_thesis_002
"Jordan River: A Desolate Coastal River","Jamie Constable","2013-04-05","","Research; Water Use Plan; Discharge; Salmon; Historical Review; Mine Collapse","","","","","","pdf","pdf","","","","http://localhost:4000/JRWA-Archive/objects/thumbs/jordan_river_paper.th.jpg","http://localhost:4000/JRWA-Archive/objects/jordan_river_paper.pdf",/JRWA-Archive/items/jamie_constable_jordan_river_thesis.html#jamie_constable_jordan_river_thesis_003
"Jordan River Park Boundary","CDR","2012","","Research; Map; Park","","","","","","tiff","tiff","","","","http://localhost:4000/JRWA-Archive/objects/thumbs/jordan_river_park_boundary.th.jpg","http://localhost:4000/JRWA-Archive/objects/jordan_river_park_boundary.tiff",/JRWA-Archive/items/jamie_constable_jordan_river_thesis.html#jamie_constable_jordan_river_thesis_004
"Jordan Project Schematic","","","","Research; Map; Dams; Hydrology; Hydroelectric","","","","","","tiff","tiff","","","","http://localhost:4000/JRWA-Archive/objects/thumbs/jr_basin.th.jpg","http://localhost:4000/JRWA-Archive/objects/jr_basin.tiff",/JRWA-Archive/items/jamie_constable_jordan_river_thesis.html#jamie_constable_jordan_river_thesis_005
"Life has trickled back to a &#39;lonely, dead river&#39;","Mark Hume","2011-03-07","","Research; Tsolum River Restoration; Salmon Restocking; Copper","","","","","","pdf","pdf","","","","http://localhost:4000/JRWA-Archive/objects/thumbs/proquestdocuments_2013_04_03.th.jpg","http://localhost:4000/JRWA-Archive/objects/proquestdocuments_2013_04_03.pdf",/JRWA-Archive/items/jamie_constable_jordan_river_thesis.html#jamie_constable_jordan_river_thesis_006
"Tsolum River Watershed Figure","","","","Research; Map; Tsolum River Restoration; ","","","","","","tiff","tiff","","","","http://localhost:4000/JRWA-Archive/objects/thumbs/tsolum_river_watershed_figure.th.jpg","http://localhost:4000/JRWA-Archive/objects/tsolum_river_watershed_figure.tiff",/JRWA-Archive/items/jamie_constable_jordan_river_thesis.html#jamie_constable_jordan_river_thesis_007
"ZIP - Jamie&#39;s Water Data","","","","Research; Watershed Governance; Geography; Salmon; Tailings; Water Chemistry; Water Quality","","","","","","zip file","zip file","","","","http://localhost:4000/JRWA-Archive/objects/thumbs/jr_water_data.th.jpg","http://localhost:4000/JRWA-Archive/objects/jr_water_data.7z",/JRWA-Archive/items/jamie_constable_jordan_river_thesis.html#jamie_constable_jordan_river_thesis_008
"ZIP - Jamie&#39;s References and Paper","","","","Research; Watershed Governance; Geography; Salmon; Tailings; Water Chemistry; Water Quality","","","","","","zip file","zip file","","","","http://localhost:4000/JRWA-Archive/objects/thumbs/jordan_river_jamie.th.jpg","http://localhost:4000/JRWA-Archive/objects/jordan_river_jamie.7z",/JRWA-Archive/items/jamie_constable_jordan_river_thesis.html#jamie_constable_jordan_river_thesis_009
"ZIP - All Files Jamie Constable","","","","Research; Watershed Governance; Geography; Salmon; Tailings; Water Chemistry; Water Quality","","","","","","zip file","zip file","","","","http://localhost:4000/JRWA-Archive/objects/thumbs/jamie_constable.th.jpg","http://localhost:4000/JRWA-Archive/objects/jamie_constable.7z",/JRWA-Archive/items/jamie_constable_jordan_river_thesis.html#jamie_constable_jordan_river_thesis_010
"Repair and the 2014 Mount Polley Mine disaster: Antirelationality, constraint, and legacies of socio-ecological disruption in settler colonial British Columbia","Neil Nunn","2023","","Research; Settler Colonialism; Antirelationality; environmental justice; reparative planning; BC gold rush; settler colonialism; colonial modernity; 1862 smallpox epidemic","","","","","","pdf","pdf","","","","http://localhost:4000/JRWA-Archive/objects/thumbs/nunn_2023_repair_and_the_2014_mount_polley_mine_disaster.th.jpg","http://localhost:4000/JRWA-Archive/objects/nunn_2023_repair_and_the_2014_mount_polley_mine_disaster.pdf",/JRWA-Archive/items/niel_nunn_research.html
"University of Victoria Environmental Law Centre","","","","Research; Juan de Fuca Salmon Restoration Society; Copper Contamination; Mine Remediation;  Sunro Mine; Teck; Environmental Management; Guardian Program; Traditional Practices; First Nations Peoples; Indigenous Peoples; Mining Law;Stewardship; Project Application; Contamination Clean Up; Remediation; ","","","","","","record","","","","","http://localhost:4000/JRWA-Archive/objects/thumbs/jordan_river_mine_contamination_slated_for_cleanup_%E2%80%93_environmental_law_centre.pdf.th.jpg","",/JRWA-Archive/items/university_of_victoria_environmental_law_center.html
"JRWA Documents","","","","","","","","","","record","","","","","","",/JRWA-Archive/items/jrwa_documents.html#jrwa_documents
"University of Victoria Environmental Law Centre","","","","Research; Juan de Fuca Salmon Restoration Society; Copper Contamination; Mine Remediation;  Sunro Mine; Teck; Environmental Management; Guardian Program; Traditional Practices; First Nations Peoples; Indigenous Peoples; Mining Law;Stewardship; Project Application; Contamination Clean Up; Remediation; ","","","","","","record","","","","","http://localhost:4000/JRWA-Archive/objects/thumbs/jordan_river_mine_contamination_slated_for_cleanup_%E2%80%93_environmental_law_centre.pdf.th.jpg","",/JRWA-Archive/items/jrwa_documents.html#university_of_victoria_environmental_law_center
"Salmon and Habitat Restoration","","","","Salmon; Restoration; Salmon Canning; Spawning; Side Channel Construction; Hydroelectric; B.C. Hydro; Spawning; Habitat Restoration; Dam Decommissioning; Dam Management; Stream networks; Map; Watershed; Fish Inventory; ","","","","","","record","","","","","http://localhost:4000/JRWA-Archive/objects/thumbs/micfitzthesisfinal2015.th.jpg","",/JRWA-Archive/items/jrwa_documents.html#salmon_and_habitat_restoration
"Sunro Mine: Claim and Crown Grant Maps","","","","Mining; Land Grant; Mineral Claim; Sunro; Sunloch; Gabbro; Map; Mineral Claims Map","","","","","","record","","","","","http://localhost:4000/JRWA-Archive/objects/thumbs/original_mineral_act_sunro_mine_th.jpg","",/JRWA-Archive/items/jrwa_documents.html#sunromine_claim_and_crown_grant_maps
"Water Use Plan","","","","","","","","","","record","","","","","http://localhost:4000/JRWA-Archive/objects/thumbs/bc_hydro_2002_jr_wup_consultiatve_committee_report_th.jpg","",/JRWA-Archive/items/jrwa_documents.html#jrwa_docs_powergeneration_jordanriver_hydro_project_jordan_river_wup
"Mining Exploration and Geology","","","","Terrestrial Ecological Risks; Human Health Risks; Regional Ecology; Geochemical; Seaweed","","","","","","record","","","","","http://localhost:4000/JRWA-Archive/objects/thumbs/gscmap_a_157a_e_1917_mn01.th.jpg","",/JRWA-Archive/items/jrwa_documents.html#mining_exploration_and_geology

